transaction_id,timestamp,account_id,transaction_type,channel,amount,transaction_state,device_id,device_trusted,merchant_category,merchant_id,is_suspicious_simulated,suspicious_pattern,customer_age,home_state,monthly_income,account_age_days,typical_amount,customer_segment,customer_amount_mean,customer_amount_std,customer_amount_median,amount_zscore,transactions_1h,transactions_24h,hour,day_of_week,month,location_mismatch,rule_amount_zscore,rule_high_value,rule_velocity_1h,rule_unusual_hour,rule_new_device_location,rule_round_amount,rule_structuring,risk_score,alert_flag,risk_level,triggered_rules
TX-0048134,2025-06-14 02:09:03,ACC-01730,PIX,App,18492.37,BA,NEW-9444849,0,Outros,MER-0452,1,Valor atipico,18,PR,12015.94,690,1678.26,Varejo,2605.885454545454,3812.790493026294,1759.2,4.166629290151502,1,1,2,Saturday,2025-06,1,1,1,0,1,1,0,0,95,1,Critico,amount_zscore; high_value; unusual_hour; new_device_location
TX-0005640,2025-12-30 23:04:00,ACC-00421,PIX,Internet Banking,1206.06,PR,DEV-00421-A,0,Viagem,MER-0072,1,Alta velocidade,39,PE,2445.79,1601,195.1,Digital,286.2428,254.36721874290325,224.73,3.616099608061868,5,5,23,Tuesday,2025-12,1,1,0,1,0,1,0,0,80,1,Critico,amount_zscore; velocity_1h; new_device_location
TX-0044666,2025-08-12 09:02:00,ACC-01710,Saque,ATM,2493.85,RJ,DEV-01710-A,0,Mercado,MER-0297,1,Alta velocidade,75,BA,2603.27,1124,296.63,Varejo,435.60450000000003,530.4377850762321,309.38,3.8802769295633763,3,3,9,Tuesday,2025-08,1,1,0,1,0,1,0,0,80,1,Critico,amount_zscore; velocity_1h; new_device_location
TX-0012225,2025-09-19 08:52:36,ACC-01878,Cartao,E-commerce,15500.0,RS,NEW-1291673,0,Outros,MER-0977,1,Valor atipico,55,BA,1486.22,4034,157.54,Varejo,897.1304761904763,3347.9609947376566,139.25,4.361720326718977,1,1,8,Friday,2025-09,1,1,1,0,0,1,0,0,75,1,Critico,amount_zscore; high_value; new_device_location
TX-0041173,2025-11-28 01:59:00,ACC-01566,PIX,App,15500.0,BA,DEV-01566-A,1,Mercado,MER-0520,1,Valor atipico,71,BA,1019.21,3880,72.11,Empresarial,781.4709090909091,3287.7839461803205,74.88,4.476732453179831,1,1,1,Friday,2025-11,0,1,1,0,1,0,0,0,70,1,Critico,amount_zscore; high_value; unusual_hour
TX-0034182,2025-10-24 04:43:59,ACC-00369,Cartao,E-commerce,15500.0,MG,DEV-00369-A,1,Restaurante,MER-0862,1,Valor atipico,34,MG,1515.27,3177,78.63,Varejo,780.080909090909,3288.2220764229605,65.255,4.476558683932296,1,1,4,Friday,2025-10,0,1,1,0,1,0,0,0,70,1,Critico,amount_zscore; high_value; unusual_hour
TX-0027108,2025-09-25 04:52:25,ACC-00907,Cartao,POS,15500.0,DF,DEV-00907-A,1,Viagem,MER-0557,1,Valor atipico,36,DF,7828.85,38,341.58,Alta renda,948.1525,3103.320714379651,285.28999999999996,4.689121376521631,1,1,4,Thursday,2025-09,0,1,1,0,1,0,0,0,70,1,Critico,amount_zscore; high_value; unusual_hour
TX-0029825,2025-07-30 03:23:22,ACC-00721,Cartao,POS,15500.0,SC,DEV-00721-A,1,Restaurante,MER-0058,1,Valor atipico,48,SC,1736.06,958,218.47,Varejo,949.555909090909,3253.0945103007894,250.515,4.472800911512319,1,1,3,Wednesday,2025-07,0,1,1,0,1,0,0,0,70,1,Critico,amount_zscore; high_value; unusual_hour
TX-0036825,2025-04-26 02:18:02,ACC-01480,Cartao,POS,15500.0,SP,NEW-2419331,0,Servicos,MER-1010,1,Valor atipico,56,SP,6136.37,2434,420.73,Varejo,1289.9282352941175,3665.6149257120474,380.68,3.876586071556758,1,1,2,Saturday,2025-04,0,1,1,0,1,0,0,0,70,1,Critico,amount_zscore; high_value; unusual_hour
TX-0020105,2025-01-02 03:39:32,ACC-01455,Cartao,Carteira digital,15500.0,RJ,DEV-01455-A,1,Transporte,MER-0925,1,Valor atipico,43,RJ,4460.38,2534,437.67,Varejo,1092.8095238095239,3306.1456887113673,338.02,4.357699821088632,1,1,3,Thursday,2025-01,0,1,1,0,1,0,0,0,70,1,Critico,amount_zscore; high_value; unusual_hour
TX-0034606,2025-05-05 03:13:53,ACC-01471,PIX,App,15500.0,SP,DEV-01471-A,1,Eletronicos,MER-1053,1,Valor atipico,39,SP,979.74,3918,35.0,Alta renda,674.5733333333334,3157.868491213195,28.700000000000003,4.694757463117475,1,1,3,Monday,2025-05,0,1,1,0,1,0,0,0,70,1,Critico,amount_zscore; high_value; unusual_hour
TX-0047628,2025-03-21 01:19:21,ACC-00805,Cartao,POS,15500.0,BA,DEV-00805-A,1,Restaurante,MER-0034,1,Valor atipico,74,BA,5899.23,1664,465.71,Alta renda,1464.1563636363637,2832.3127937626105,422.73,4.955612129872703,1,1,1,Friday,2025-03,0,1,1,0,1,0,0,0,70,1,Critico,amount_zscore; high_value; unusual_hour
TX-0017628,2025-10-17 04:25:37,ACC-01377,Saque,ATM,15500.0,SP,DEV-01377-A,1,Eletronicos,MER-0771,1,Valor atipico,34,SP,2041.88,3918,293.31,Digital,1367.521875,3775.0530187821537,416.845,3.7436502360857413,1,1,4,Friday,2025-10,0,1,1,0,1,0,0,0,70,1,Critico,amount_zscore; high_value; unusual_hour
TX-0018974,2025-02-04 00:32:09,ACC-01973,PIX,App,15500.0,GO,DEV-01973-A,1,Mercado,MER-0992,1,Valor atipico,53,GO,3031.4,3328,121.46,Alta renda,863.5513636363637,3271.6105266778745,125.715,4.4737747714811515,1,1,0,Tuesday,2025-02,0,1,1,0,1,0,0,0,70,1,Critico,amount_zscore; high_value; unusual_hour
TX-0010293,2025-06-17 00:56:44,ACC-01045,Transferencia,Internet Banking,15500.0,SP,DEV-01045-A,1,Servicos,MER-0846,1,Valor atipico,60,SP,7276.99,2594,771.5,Varejo,1783.8552941176472,3613.1221771916285,770.85,3.7962028498420444,1,1,0,Tuesday,2025-06,0,1,1,0,1,0,0,0,70,1,Critico,amount_zscore; high_value; unusual_hour
TX-0031403,2025-05-28 01:04:55,ACC-00554,Boleto,Internet Banking,15500.0,SP,DEV-00554-A,1,Transporte,MER-0314,1,Valor atipico,26,SP,1464.33,77,95.68,Varejo,1073.904375,3847.581275553026,109.53,3.7493933439850435,1,2,1,Wednesday,2025-05,0,1,1,0,1,0,0,0,70,1,Critico,amount_zscore; high_value; unusual_hour
TX-0011272,2025-05-31 04:39:53,ACC-01387,PIX,Internet Banking,15500.0,GO,DEV-01387-A,1,Eletronicos,MER-0065,1,Valor atipico,49,GO,6170.01,1514,674.07,Varejo,1364.687894736842,3445.6167561242514,409.69,4.102404041348767,1,1,4,Saturday,2025-05,0,1,1,0,1,0,0,0,70,1,Critico,amount_zscore; high_value; unusual_hour
TX-0048205,2025-12-26 04:23:54,ACC-02258,Cartao,POS,15500.0,SP,DEV-02258-A,1,Eletronicos,MER-0332,1,Valor atipico,58,SP,4324.37,1214,553.37,Varejo,1365.0378947368422,3450.7827319731696,428.45,4.0961611330368335,1,1,4,Friday,2025-12,0,1,1,0,1,0,0,0,70,1,Critico,amount_zscore; high_value; unusual_hour
TX-0045530,2025-05-20 16:27:48,ACC-00441,Cartao,E-commerce,18000.0,BA,NEW-6256445,0,Restaurante,MER-1137,0,Normal,21,BA,13285.19,2156,1962.46,Digital,3411.840588235294,4156.739944572655,2121.12,3.509519384490742,1,1,16,Tuesday,2025-05,0,1,1,0,0,0,1,0,60,1,Critico,amount_zscore; high_value; round_amount
TX-0037493,2025-03-26 12:00:00,ACC-01128,PIX,App,3000.0,MG,NEW-4935309,0,Outros,MER-0381,1,Fracionamento,71,BA,5945.38,469,487.48,Varejo,1175.8627586206896,1379.4397125409193,603.55,1.322375472299011,2,3,12,Wednesday,2025-03,1,0,0,0,0,1,1,1,55,1,Critico,new_device_location; round_amount; structuring
TX-0024994,2025-01-08 08:03:00,ACC-01221,Cartao,E-commerce,1695.77,SP,DEV-01221-A,1,Outros,MER-0527,1,Alta velocidade,22,PR,4487.41,342,245.99,Empresarial,323.29703703703706,321.6700417510372,285.21,4.266710556854452,4,4,8,Wednesday,2025-01,1,1,0,1,0,0,0,0,55,1,Critico,amount_zscore; velocity_1h
TX-0043435,2025-10-29 15:06:32,ACC-01875,Cartao,E-commerce,2841.05,SP,NEW-7846704,0,Eletronicos,MER-1098,0,Normal,72,RS,2763.77,4002,207.68,Alta renda,333.8488888888889,638.2156692629934,182.225,3.92845433269667,1,1,15,Wednesday,2025-10,1,1,0,0,0,1,0,0,55,1,Critico,amount_zscore; new_device_location
TX-0040670,2025-12-31 19:03:00,ACC-01375,PIX,Internet Banking,1560.6,RJ,DEV-01375-A,1,Outros,MER-0049,1,Alta velocidade,22,BA,2085.49,388,65.12,Varejo,200.17624999999998,342.0595702227585,80.225,3.977154473748695,4,4,19,Wednesday,2025-12,1,1,0,1,0,0,0,0,55,1,Critico,amount_zscore; velocity_1h
TX-0046190,2025-04-28 17:04:00,ACC-01126,Cartao,Carteira digital,1210.77,MG,DEV-01126-A,1,Servicos,MER-1151,1,Alta velocidade,33,SP,2693.56,1178,82.2,Varejo,201.62652173913042,257.8174742580617,120.28,3.9141779709267115,5,5,17,Monday,2025-04,1,1,0,1,0,0,0,0,55,1,Critico,amount_zscore; velocity_1h
TX-0003121,2025-09-17 14:02:36,ACC-01006,PIX,Internet Banking,7677.32,RS,NEW-3088164,0,Outros,MER-1000,0,Normal,74,DF,5120.84,3606,802.05,Varejo,1339.0264705882353,1761.393613129747,926.15,3.5984537937261587,1,1,14,Wednesday,2025-09,1,1,0,0,0,1,0,0,55,1,Critico,amount_zscore; new_device_location
TX-0046213,2025-04-29 14:00:00,ACC-00291,PIX,App,4000.0,RJ,NEW-5125002,0,Eletronicos,MER-1138,1,Fracionamento,69,SP,4601.42,2887,218.32,Digital,1320.8200000000002,1810.8790717737713,259.265,1.4794913927497768,2,5,14,Tuesday,2025-04,1,0,0,0,0,1,1,1,55,1,Critico,new_device_location; round_amount; structuring
TX-0001716,2025-09-22 12:00:00,ACC-00683,PIX,App,3000.0,SP,NEW-7848711,0,Outros,MER-1031,1,Fracionamento,35,RJ,4511.97,4240,253.87,Varejo,914.2790322580646,1415.5576387307697,250.75,1.4734270867359762,2,3,12,Monday,2025-09,1,0,0,0,0,1,1,1,55,1,Critico,new_device_location; round_amount; structuring
TX-0026022,2025-08-24 21:45:43,ACC-01583,PIX,App,1963.09,MG,RISK-5267341,0,Viagem,MER-0671,1,Novo dispositivo e local,30,RJ,2883.25,2877,446.48,Empresarial,482.8594444444444,411.3190499367245,369.445,3.598740578106624,1,1,21,Sunday,2025-08,1,1,0,0,0,1,0,0,55,1,Critico,amount_zscore; new_device_location
TX-0042722,2025-04-18 12:18:22,ACC-00882,Boleto,App,6643.25,PR,RISK-6786502,0,Restaurante,MER-0710,1,Novo dispositivo e local,37,PE,10533.29,1676,1236.81,Empresarial,1616.6523076923077,1403.9142056017743,1153.5349999999999,3.580416575493721,1,1,12,Friday,2025-04,1,1,0,0,0,1,0,0,55,1,Critico,amount_zscore; new_device_location
TX-0010894,2025-04-29 14:00:00,ACC-00601,PIX,App,3000.0,MG,NEW-6235179,0,Mercado,MER-0841,1,Fracionamento,56,SP,6954.05,815,716.58,Varejo,1367.9508333333333,1253.7164134299364,852.01,1.3017690038863587,2,5,14,Tuesday,2025-04,1,0,0,0,0,1,1,1,55,1,Critico,new_device_location; round_amount; structuring
TX-0041443,2025-02-03 13:02:00,ACC-01010,Cartao,Carteira digital,657.74,RS,DEV-01010-A,1,Servicos,MER-0348,1,Alta velocidade,41,MG,2786.0,2416,115.59,Digital,118.60333333333334,126.90726893165852,77.31,4.248272547390488,3,3,13,Monday,2025-02,1,1,0,1,0,0,0,0,55,1,Critico,amount_zscore; velocity_1h
TX-0038714,2025-07-16 08:04:00,ACC-02216,Transferencia,Internet Banking,1283.08,SP,DEV-02216-A,1,Transporte,MER-0268,1,Alta velocidade,50,SP,3184.97,2316,286.96,Digital,243.07346153846154,242.6321092673813,170.19,4.286351635823468,5,5,8,Wednesday,2025-07,0,1,0,1,0,0,0,0,55,1,Critico,amount_zscore; velocity_1h
TX-0022886,2025-07-02 13:00:00,ACC-02068,PIX,App,3000.0,MG,NEW-0008563,0,Mercado,MER-0930,1,Fracionamento,52,SP,2898.28,1686,139.21,Varejo,1044.5242857142857,1501.9717025782193,277.66,1.3019391183795472,2,4,13,Wednesday,2025-07,1,0,0,0,0,1,1,1,55,1,Critico,new_device_location; round_amount; structuring
TX-0046345,2025-03-16 12:00:00,ACC-01334,PIX,App,4000.0,BA,NEW-0781347,0,Transporte,MER-0834,1,Fracionamento,73,MG,1790.82,2992,189.21,Varejo,957.0588,1571.4398491121663,191.21,1.9364032302726728,2,4,12,Sunday,2025-03,1,0,0,0,0,1,1,1,55,1,Critico,new_device_location; round_amount; structuring
TX-0019908,2025-09-10 14:00:00,ACC-00730,PIX,App,4000.0,SP,NEW-9297426,0,Viagem,MER-1197,1,Fracionamento,28,RJ,2416.11,3608,237.81,Varejo,894.9945161290321,1410.0895680696758,266.69,2.201991670728779,2,5,14,Wednesday,2025-09,1,0,0,0,0,1,1,1,55,1,Critico,new_device_location; round_amount; structuring
TX-0022804,2025-01-01 14:50:25,ACC-00937,Boleto,App,2088.67,MG,RISK-4256919,0,Viagem,MER-0215,1,Novo dispositivo e local,60,SP,1897.04,136,216.33,Alta renda,325.2904761904762,438.17414793066234,212.74,4.024380562242948,1,1,14,Wednesday,2025-01,1,1,0,0,0,1,0,0,55,1,Critico,amount_zscore; new_device_location
TX-0046422,2025-05-03 21:37:39,ACC-02278,PIX,App,1896.81,SP,NEW-7319765,0,Eletronicos,MER-0588,0,Normal,30,PR,2726.63,4657,338.86,Varejo,428.00193548387097,395.90339593912176,339.07,3.7100163312112335,1,1,21,Saturday,2025-05,1,1,0,0,0,1,0,0,55,1,Critico,amount_zscore; new_device_location
TX-0037763,2025-08-08 17:03:00,ACC-01450,PIX,Internet Banking,449.52,SC,NEW-6598646,1,Transporte,MER-0310,1,Alta velocidade,77,MG,907.79,3136,35.73,Varejo,63.70851851851852,94.69910005679542,26.87,4.074077591551477,4,4,17,Friday,2025-08,1,1,0,1,0,0,0,0,55,1,Critico,amount_zscore; velocity_1h
TX-0011030,2025-08-06 18:03:00,ACC-01734,Transferencia,App,1042.65,MG,DEV-01734-A,1,Eletronicos,MER-0458,1,Alta velocidade,18,BA,719.35,3412,92.12,Varejo,190.1142857142857,216.88422710316578,109.37,3.9308331715620195,4,4,18,Wednesday,2025-08,1,1,0,1,0,0,0,0,55,1,Critico,amount_zscore; velocity_1h
TX-0026670,2025-12-21 12:02:00,ACC-02359,Boleto,App,968.24,SP,NEW-7826142,1,Eletronicos,MER-0149,1,Alta velocidade,60,SP,920.17,2831,70.17,Empresarial,174.2433333333333,221.11413171969326,87.7,3.5908906431779655,3,3,12,Sunday,2025-12,0,1,0,1,0,0,0,0,55,1,Critico,amount_zscore; velocity_1h
TX-0039260,2025-08-01 14:00:00,ACC-01100,PIX,App,4000.0,SC,NEW-7462867,0,Servicos,MER-0080,1,Fracionamento,40,SP,9621.81,1104,793.09,Varejo,1842.835882352941,1424.9424824929727,1080.89,1.513860485002206,2,6,14,Friday,2025-08,1,0,0,0,0,1,1,1,55,1,Critico,new_device_location; round_amount; structuring
TX-0023537,2025-06-05 09:04:00,ACC-01467,Saque,ATM,1748.25,DF,NEW-0283515,1,Transporte,MER-1095,1,Alta velocidade,26,SP,1758.82,1984,192.78,Digital,327.64916666666664,342.8500081340764,269.62,4.143505321947629,5,5,9,Thursday,2025-06,1,1,0,1,0,0,0,0,55,1,Critico,amount_zscore; velocity_1h
TX-0028293,2025-02-13 07:04:00,ACC-00293,Transferencia,App,2121.45,SP,DEV-00293-A,1,Servicos,MER-1194,1,Alta velocidade,38,SP,5288.33,2165,153.11,Empresarial,253.7084848484849,360.9139325649643,128.57,5.17503301099445,5,5,7,Thursday,2025-02,0,1,0,1,0,0,0,0,55,1,Critico,amount_zscore; velocity_1h
TX-0039378,2025-03-11 18:04:00,ACC-00813,PIX,Internet Banking,1212.95,DF,DEV-00813-A,1,Outros,MER-0332,1,Alta velocidade,61,MG,1090.74,4743,110.62,Alta renda,161.47916666666666,284.1048141231876,69.61500000000001,3.700996185433931,5,5,18,Tuesday,2025-03,1,1,0,1,0,0,0,0,55,1,Critico,amount_zscore; velocity_1h
TX-0017234,2025-02-22 16:47:27,ACC-00104,Cartao,POS,15500.0,PR,DEV-00104-A,1,Transporte,MER-0781,1,Valor atipico,76,PR,3035.51,2386,180.64,Alta renda,841.6325,3126.4656163473433,147.885,4.688478716463674,1,1,16,Saturday,2025-02,0,1,1,0,0,0,0,0,50,1,Critico,amount_zscore; high_value
TX-0019217,2025-11-20 07:04:00,ACC-01794,Cartao,Carteira digital,97.71,SP,DEV-01794-A,0,Restaurante,MER-0701,1,Alta velocidade,30,BA,2108.14,2044,158.65,Alta renda,153.48185185185187,124.3688932799095,118.09,-0.4484389173290267,5,5,7,Thursday,2025-11,1,0,0,1,0,1,0,0,50,1,Critico,velocity_1h; new_device_location
TX-0019651,2025-06-22 14:34:02,ACC-01430,PIX,App,22403.98,PR,DEV-01430-A,1,Eletronicos,MER-0055,1,Valor atipico,46,PR,14377.41,4661,1677.65,Varejo,2960.0495652173913,4519.619877496214,1722.99,4.302116319913653,1,1,14,Sunday,2025-06,0,1,1,0,0,0,0,0,50,1,Critico,amount_zscore; high_value
TX-0000044,2025-06-12 18:57:44,ACC-01986,PIX,App,15500.0,RS,DEV-01986-A,1,Restaurante,MER-0714,1,Valor atipico,73,RS,1119.13,4935,163.05,Varejo,1077.796111111111,3603.5049226374344,168.55,4.002271177232959,1,1,18,Thursday,2025-06,0,1,1,0,0,0,0,0,50,1,Critico,amount_zscore; high_value
TX-0009308,2025-02-24 18:04:16,ACC-00782,PIX,Internet Banking,15500.0,MG,DEV-00782-A,1,Viagem,MER-0667,1,Valor atipico,60,MG,2570.56,4785,259.02,Digital,1155.2544444444445,3586.6242375759575,240.745,3.9995116871374687,1,1,18,Monday,2025-02,0,1,1,0,0,0,0,0,50,1,Critico,amount_zscore; high_value
TX-0021134,2025-03-06 20:58:39,ACC-00915,Cartao,E-commerce,15500.0,SP,DEV-00915-A,1,Restaurante,MER-0441,1,Valor atipico,60,SP,3307.52,3288,260.4,Digital,1054.4294736842105,3504.3532386788,215.27,4.122178770928358,1,1,20,Thursday,2025-03,0,1,1,0,0,0,0,0,50,1,Critico,amount_zscore; high_value
TX-0032875,2025-06-10 15:05:59,ACC-00219,Cartao,E-commerce,15500.0,PR,DEV-00219-A,1,Mercado,MER-0162,1,Valor atipico,19,PR,1396.54,3583,97.16,Alta renda,1120.1786666666667,3979.118742810248,55.74,3.6138206127464296,1,1,15,Tuesday,2025-06,0,1,1,0,0,0,0,0,50,1,Critico,amount_zscore; high_value
TX-0046121,2025-04-06 15:03:00,ACC-00719,Cartao,E-commerce,315.77,SP,DEV-00719-A,0,Mercado,MER-0843,1,Alta velocidade,20,MG,5190.75,3422,701.38,Varejo,619.7993548387097,536.8932746827528,407.16,-0.566275215532098,4,4,15,Sunday,2025-04,1,0,0,1,0,1,0,0,50,1,Critico,velocity_1h; new_device_location
TX-0044297,2025-11-20 20:13:17,ACC-02427,PIX,App,15500.0,BA,DEV-02427-A,1,Transporte,MER-0912,1,Valor atipico,33,BA,6432.38,4965,784.62,Varejo,1451.1889473684212,3422.356583158412,665.43,4.105010892718334,1,1,20,Thursday,2025-11,0,1,1,0,0,0,0,0,50,1,Critico,amount_zscore; high_value
TX-0013676,2025-11-20 18:03:00,ACC-00719,Cartao,POS,78.75,PR,DEV-00719-A,0,Restaurante,MER-0538,1,Alta velocidade,20,MG,5190.75,3422,701.38,Varejo,619.7993548387097,536.8932746827528,407.16,-1.007740980101516,4,4,18,Thursday,2025-11,1,0,0,1,0,1,0,0,50,1,Critico,velocity_1h; new_device_location
TX-0005293,2025-10-19 12:16:30,ACC-01801,Cartao,E-commerce,15500.0,SP,DEV-01801-A,1,Transporte,MER-0375,1,Valor atipico,61,SP,9205.45,2130,1374.89,Digital,1889.433448275862,2838.539628475072,1107.74,4.794918631816334,1,1,12,Sunday,2025-10,0,1,1,0,0,0,0,0,50,1,Critico,amount_zscore; high_value
TX-0042540,2025-10-19 10:55:31,ACC-01572,Transferencia,App,15500.0,RJ,DEV-01572-A,1,Servicos,MER-0044,1,Valor atipico,40,RJ,5589.32,4582,774.38,Alta renda,1378.452608695652,3112.2892011438335,667.75,4.5373506376317385,1,1,10,Sunday,2025-10,0,1,1,0,0,0,0,0,50,1,Critico,amount_zscore; high_value
TX-0017911,2025-03-31 18:23:37,ACC-00953,PIX,App,15500.0,RS,DEV-00953-A,1,Outros,MER-0294,1,Valor atipico,77,RS,5861.67,4969,493.52,Varejo,1360.3647368421052,3404.5918292376973,430.78,4.1531073245640195,1,1,18,Monday,2025-03,0,1,1,0,0,0,0,0,50,1,Critico,amount_zscore; high_value
TX-0018392,2025-07-28 15:12:14,ACC-01912,Cartao,Carteira digital,15500.0,SP,DEV-01912-A,1,Servicos,MER-0316,1,Valor atipico,32,GO,3799.79,2309,493.85,Varejo,1096.631111111111,2901.112847342886,447.71,4.96477374262806,1,1,15,Monday,2025-07,1,1,1,0,0,0,0,0,50,1,Critico,amount_zscore; high_value
TX-0034750,2025-02-21 21:58:59,ACC-01323,Transferencia,App,15828.52,RJ,DEV-01323-A,1,Transporte,MER-1191,0,Normal,61,RJ,16445.82,1100,2523.85,Varejo,3721.63125,3397.5789105406434,2917.41,3.5633870673142005,1,1,21,Friday,2025-02,0,1,1,0,0,0,0,0,50,1,Critico,amount_zscore; high_value
TX-0019769,2025-12-06 14:36:36,ACC-01991,Transferencia,App,15500.0,PE,DEV-01991-A,1,Eletronicos,MER-0007,1,Valor atipico,34,PE,5473.83,3449,658.09,Alta renda,1438.4004166666666,3057.871369014555,681.495,4.598492835839885,1,1,14,Saturday,2025-12,0,1,1,0,0,0,0,0,50,1,Critico,amount_zscore; high_value
TX-0006855,2025-07-13 06:03:00,ACC-01835,PIX,App,158.44,PE,DEV-01835-A,0,Restaurante,MER-1136,1,Alta velocidade,41,SP,17410.22,3894,2192.64,Varejo,2545.145,2988.752313686301,1609.81,-0.7985623261822786,4,4,6,Sunday,2025-07,1,0,0,1,0,1,0,0,50,1,Critico,velocity_1h; new_device_location
TX-0043378,2025-12-05 21:52:23,ACC-00534,Cartao,Carteira digital,15500.0,SC,DEV-00534-A,1,Transporte,MER-1177,1,Valor atipico,38,SC,6061.98,4700,437.69,Alta renda,1128.2195454545456,3222.161618463572,407.685,4.460291616718584,1,1,21,Friday,2025-12,0,1,1,0,0,0,0,0,50,1,Critico,amount_zscore; high_value
TX-0037269,2025-02-24 06:54:43,ACC-01781,Transferencia,Internet Banking,15500.0,RJ,DEV-01781-A,1,Restaurante,MER-0468,1,Valor atipico,39,RJ,994.76,4462,156.59,Varejo,1126.1664705882354,3706.1212450130074,241.14,3.878403478772675,1,1,6,Monday,2025-02,0,1,1,0,0,0,0,0,50,1,Critico,amount_zscore; high_value
TX-0032212,2025-07-13 18:01:01,ACC-00927,PIX,Internet Banking,15500.0,RJ,DEV-00927-A,1,Transporte,MER-0773,1,Valor atipico,71,RJ,6032.09,2773,703.66,Varejo,1525.1328571428571,3257.2364726807027,807.08,4.290406072776117,1,1,18,Sunday,2025-07,0,1,1,0,0,0,0,0,50,1,Critico,amount_zscore; high_value
TX-0022807,2025-07-14 23:55:20,ACC-01378,PIX,Internet Banking,15500.0,MG,DEV-01378-A,1,Servicos,MER-0865,1,Valor atipico,34,SP,9538.41,4682,735.27,Varejo,1858.8704761904762,3248.7105900610422,775.1,4.198936515164687,1,1,23,Monday,2025-07,1,1,1,0,0,0,0,0,50,1,Critico,amount_zscore; high_value
TX-0012697,2025-03-28 19:01:48,ACC-00656,PIX,App,15500.0,RS,DEV-00656-A,1,Servicos,MER-0279,1,Valor atipico,35,RS,2599.49,2838,219.41,Varejo,1015.1190476190476,3325.1357079477298,262.03,4.356177378793663,1,1,19,Friday,2025-03,0,1,1,0,0,0,0,0,50,1,Critico,amount_zscore; high_value
TX-0038475,2025-11-27 19:29:06,ACC-01941,PIX,Internet Banking,15500.0,PE,DEV-01941-A,1,Outros,MER-0688,1,Valor atipico,67,BA,6281.0,4033,668.38,Varejo,1325.3916666666667,3041.723654221283,670.9300000000001,4.660057896338449,1,1,19,Thursday,2025-11,1,1,1,0,0,0,0,0,50,1,Critico,amount_zscore; high_value
TX-0013449,2025-02-28 22:57:52,ACC-01245,PIX,App,15500.0,SP,DEV-01245-A,1,Viagem,MER-0047,1,Valor atipico,61,SP,4040.08,1686,250.28,Digital,1106.9017647058822,3710.7861032539918,181.18,3.8787194504886164,1,1,22,Friday,2025-02,0,1,1,0,0,0,0,0,50,1,Critico,amount_zscore; high_value
TX-0029963,2025-12-05 18:32:45,ACC-00863,Boleto,App,15500.0,GO,DEV-00863-A,1,Transporte,MER-0454,1,Valor atipico,51,GO,3676.53,4686,259.47,Alta renda,1088.2833333333333,3599.366797149678,233.295,4.003958884679172,1,1,18,Friday,2025-12,0,1,1,0,0,0,0,0,50,1,Critico,amount_zscore; high_value
TX-0002217,2025-07-23 17:39:44,ACC-00463,Boleto,App,15500.0,PR,DEV-00463-A,1,Outros,MER-0464,1,Valor atipico,51,PR,2017.27,4519,305.15,Empresarial,1137.25,3388.6936350489186,330.71500000000003,4.238432725652008,1,1,17,Wednesday,2025-07,0,1,1,0,0,0,0,0,50,1,Critico,amount_zscore; high_value
TX-0032901,2025-11-15 22:15:13,ACC-00696,Cartao,Carteira digital,15500.0,SP,NEW-8465026,0,Outros,MER-0626,1,Valor atipico,39,SP,7123.26,994,767.17,Varejo,1663.928947368421,3412.4941930189007,628.35,4.054533215305297,1,1,22,Saturday,2025-11,0,1,1,0,0,0,0,0,50,1,Critico,amount_zscore; high_value
TX-0010467,2025-10-05 11:22:24,ACC-02126,Transferencia,App,15500.0,MG,DEV-02126-A,1,Transporte,MER-0380,1,Valor atipico,31,MG,3679.51,2665,287.31,Varejo,1244.2811764705882,3680.3453866890713,425.31,3.8734730917073534,1,1,11,Sunday,2025-10,0,1,1,0,0,0,0,0,50,1,Critico,amount_zscore; high_value
TX-0010200,2025-07-11 18:14:01,ACC-00146,Cartao,POS,15500.0,PE,DEV-00146-A,1,Servicos,MER-0305,1,Valor atipico,61,PE,10500.85,1632,752.51,Varejo,1771.5625,3309.802161484445,950.575,4.147812113894687,1,1,18,Friday,2025-07,0,1,1,0,0,0,0,0,50,1,Critico,amount_zscore; high_value
TX-0037466,2025-06-15 11:20:08,ACC-01695,PIX,App,15500.0,SP,DEV-01695-A,1,Mercado,MER-0793,1,Valor atipico,75,SP,2359.8,4396,106.67,Varejo,991.9676470588236,3738.9847987748117,80.06,3.8802062949534215,1,1,11,Sunday,2025-06,0,1,1,0,0,0,0,0,50,1,Critico,amount_zscore; high_value
TX-0042430,2025-07-13 19:20:39,ACC-01053,Cartao,POS,15500.0,RJ,DEV-01053-A,1,Eletronicos,MER-0956,1,Valor atipico,70,RJ,4259.26,1655,223.05,Varejo,1011.6390476190476,3329.728964768611,209.52,4.351213298643896,1,1,19,Sunday,2025-07,0,1,1,0,0,0,0,0,50,1,Critico,amount_zscore; high_value
TX-0002179,2025-10-23 11:05:12,ACC-01445,Cartao,E-commerce,15500.0,SP,DEV-01445-A,1,Servicos,MER-0305,1,Valor atipico,58,SP,1877.33,589,236.34,Varejo,1081.0935,3406.516779637268,201.935,4.2327419568839915,1,1,11,Thursday,2025-10,0,1,1,0,0,0,0,0,50,1,Critico,amount_zscore; high_value
TX-0010891,2025-10-23 09:44:41,ACC-00247,PIX,App,15500.0,SP,DEV-00247-A,1,Transporte,MER-0065,1,Valor atipico,55,SP,3644.01,1708,142.46,Empresarial,990.7605263157895,3516.0394954337057,176.99,4.12658603309986,1,1,9,Thursday,2025-10,0,1,1,0,0,0,0,0,50,1,Critico,amount_zscore; high_value
TX-0036754,2025-10-25 17:05:14,ACC-01317,Boleto,Internet Banking,15500.0,BA,DEV-01317-A,1,Mercado,MER-1026,1,Valor atipico,26,BA,5303.38,2070,628.7,Alta renda,1636.6608695652174,3112.9181758906093,714.22,4.453486518793083,1,1,17,Saturday,2025-10,0,1,1,0,0,0,0,0,50,1,Critico,amount_zscore; high_value
TX-0033917,2025-04-08 20:55:17,ACC-02217,Cartao,Carteira digital,15500.0,DF,DEV-02217-A,1,Servicos,MER-0757,1,Valor atipico,77,MG,4383.88,4317,136.5,Digital,926.8575000000001,3432.065400618846,149.58499999999998,4.246172726595558,1,1,20,Tuesday,2025-04,1,1,1,0,0,0,0,0,50,1,Critico,amount_zscore; high_value
TX-0015924,2025-04-10 10:42:09,ACC-00015,Cartao,Carteira digital,15500.0,BA,DEV-00015-A,1,Mercado,MER-1176,1,Valor atipico,25,BA,4249.67,1912,534.41,Varejo,943.4388235294117,2600.1622047757005,374.67999999999995,5.59832811573626,1,1,10,Thursday,2025-04,0,1,1,0,0,0,0,0,50,1,Critico,amount_zscore; high_value
TX-0002409,2025-11-18 15:56:10,ACC-00354,Cartao,E-commerce,15500.0,PR,DEV-00354-A,1,Servicos,MER-0265,1,Valor atipico,66,PR,6282.89,2272,627.19,Digital,1482.917,3362.369111955532,525.015,4.168811493705329,1,1,15,Tuesday,2025-11,0,1,1,0,0,0,0,0,50,1,Critico,amount_zscore; high_value
TX-0048989,2025-06-03 19:03:20,ACC-01657,Saque,ATM,15500.0,RJ,DEV-01657-A,1,Eletronicos,MER-0259,1,Valor atipico,46,RJ,2558.25,2783,374.18,Varejo,1174.6713636363636,3209.2940091616583,472.45000000000005,4.463700924710772,1,1,19,Tuesday,2025-06,0,1,1,0,0,0,0,0,50,1,Critico,amount_zscore; high_value
TX-0048483,2025-06-02 20:39:15,ACC-02369,Cartao,E-commerce,15500.0,SP,DEV-02369-A,1,Restaurante,MER-0182,1,Valor atipico,73,SP,4263.46,4205,275.0,Varejo,1265.5111111111112,3560.7065373567593,463.2,3.9976585375821685,1,1,20,Monday,2025-06,0,1,1,0,0,0,0,0,50,1,Critico,amount_zscore; high_value
TX-0041746,2025-06-02 17:34:17,ACC-01971,Transferencia,Internet Banking,15500.0,SP,DEV-01971-A,1,Servicos,MER-0773,1,Valor atipico,40,SP,2150.68,4015,245.6,Empresarial,945.4126086956522,3181.4762432402313,216.05,4.5747905307257515,1,1,17,Monday,2025-06,0,1,1,0,0,0,0,0,50,1,Critico,amount_zscore; high_value
TX-0026405,2025-06-04 15:10:38,ACC-01121,Boleto,Internet Banking,15500.0,SP,DEV-01121-A,1,Viagem,MER-0609,1,Valor atipico,47,SP,6080.4,1175,688.0,Digital,1425.6010714285715,2809.6739183615296,838.865,5.009264184215,1,1,15,Wednesday,2025-06,0,1,1,0,0,0,0,0,50,1,Critico,amount_zscore; high_value
TX-0024174,2025-07-23 13:24:59,ACC-00252,PIX,App,15500.0,RJ,DEV-00252-A,1,Transporte,MER-0810,1,Valor atipico,34,RJ,3568.88,836,273.75,Varejo,1163.965882352941,3699.628168142474,248.29,3.8749932333997124,1,1,13,Wednesday,2025-07,0,1,1,0,0,0,0,0,50,1,Critico,amount_zscore; high_value
TX-0000206,2025-10-01 19:05:09,ACC-00449,PIX,App,15500.0,SP,DEV-00449-A,1,Servicos,MER-0517,1,Valor atipico,30,SP,3968.0,485,385.4,Digital,1113.4065217391305,3162.7623918363875,377.47,4.548743059356923,1,1,19,Wednesday,2025-10,0,1,1,0,0,0,0,0,50,1,Critico,amount_zscore; high_value
TX-0036407,2025-07-16 02:23:00,ACC-01349,Saque,ATM,1488.86,PR,DEV-01349-A,1,Viagem,MER-0362,1,Horario incomum,70,PR,3750.85,1474,465.27,Varejo,475.9203703703704,283.93468607683326,357.22,3.567509287525111,1,1,2,Wednesday,2025-07,0,1,0,0,1,0,0,0,50,1,Critico,amount_zscore; unusual_hour
TX-0023940,2025-07-24 12:04:43,ACC-00175,Boleto,App,15500.0,GO,DEV-00175-A,1,Outros,MER-0767,1,Valor atipico,61,GO,2187.23,4936,184.61,Varejo,754.5425925925925,2949.8506642261277,159.91,4.998713184443787,1,1,12,Thursday,2025-07,0,1,1,0,0,0,0,0,50,1,Critico,amount_zscore; high_value
TX-0037444,2025-07-23 20:07:28,ACC-00795,PIX,Internet Banking,15500.0,BA,NEW-0395525,0,Viagem,MER-0564,1,Valor atipico,29,BA,7159.67,796,622.04,Varejo,1624.8738095238095,3272.4311811961397,813.15,4.2400054950596555,1,1,20,Wednesday,2025-07,0,1,1,0,0,0,0,0,50,1,Critico,amount_zscore; high_value
TX-0035473,2025-07-23 17:54:51,ACC-01688,PIX,App,15500.0,MG,DEV-01688-A,1,Transporte,MER-0355,1,Valor atipico,42,MG,4808.52,4488,192.17,Empresarial,956.0157142857144,3336.4911542181126,213.68,4.359065741063708,1,1,17,Wednesday,2025-07,0,1,1,0,0,0,0,0,50,1,Critico,amount_zscore; high_value
TX-0034366,2025-10-21 14:16:19,ACC-00862,Cartao,Carteira digital,15500.0,SP,DEV-00862-A,1,Transporte,MER-1180,1,Valor atipico,55,SP,8424.54,2103,942.81,Alta renda,1597.965,2973.8800089193246,686.7750000000001,4.674712819046067,1,1,14,Tuesday,2025-10,0,1,1,0,0,0,0,0,50,1,Critico,amount_zscore; high_value
TX-0016942,2025-02-12 13:24:47,ACC-01393,PIX,Internet Banking,15500.0,RJ,DEV-01393-A,1,Servicos,MER-0103,1,Valor atipico,49,RJ,4203.22,2099,392.92,Digital,1091.616923076923,2964.9041519803222,372.655,4.85964548543649,1,1,13,Wednesday,2025-02,0,1,1,0,0,0,0,0,50,1,Critico,amount_zscore; high_value
TX-0022716,2025-07-31 14:56:16,ACC-00911,PIX,Internet Banking,15500.0,SP,DEV-00911-A,1,Mercado,MER-0857,1,Valor atipico,26,GO,1243.86,4821,166.59,Alta renda,866.1472727272728,3271.026049041263,146.125,4.473780553218739,1,1,14,Thursday,2025-07,1,1,1,0,0,0,0,0,50,1,Critico,amount_zscore; high_value
TX-0041110,2025-07-31 10:49:34,ACC-00381,Cartao,Carteira digital,15500.0,SC,DEV-00381-A,1,Mercado,MER-1010,1,Valor atipico,44,RJ,9392.19,516,513.9,Varejo,1460.698888888889,3528.8427580588764,758.625,3.97844338035446,1,1,10,Thursday,2025-07,1,1,1,0,0,0,0,0,50,1,Critico,amount_zscore; high_value
TX-0041251,2025-08-07 11:37:07,ACC-00036,Boleto,App,15500.0,SP,DEV-00036-A,1,Viagem,MER-1060,1,Valor atipico,59,SP,5972.74,3189,699.91,Varejo,1605.3963157894736,3440.6972120264786,631.66,4.038310501616902,1,1,11,Thursday,2025-08,0,1,1,0,0,0,0,0,50,1,Critico,amount_zscore; high_value
TX-0019200,2025-08-03 18:41:46,ACC-01076,PIX,App,15500.0,RS,DEV-01076-A,1,Restaurante,MER-1166,1,Valor atipico,72,RS,1370.64,3371,55.49,Digital,767.7045454545455,3290.8431469092093,56.245000000000005,4.4767540708775995,1,1,18,Sunday,2025-08,0,1,1,0,0,0,0,0,50,1,Critico,amount_zscore; high_value
TX-0046031,2025-08-04 17:31:18,ACC-00982,Saque,ATM,15500.0,SP,DEV-00982-A,1,Eletronicos,MER-0264,1,Valor atipico,74,SP,1289.98,4936,99.72,Varejo,759.4227999999999,3073.417576921388,100.83,4.796151785780275,1,1,17,Monday,2025-08,0,1,1,0,0,0,0,0,50,1,Critico,amount_zscore; high_value
TX-0003657,2025-07-22 05:41:01,ACC-00113,PIX,Internet Banking,15500.0,SP,DEV-00113-A,1,Servicos,MER-0403,1,Valor atipico,48,SP,4124.03,1313,436.83,Varejo,1545.130666666667,3875.4736051397945,572.29,3.600816507903931,1,1,5,Tuesday,2025-07,0,1,1,0,0,0,0,0,50,1,Critico,amount_zscore; high_value
TX-0025126,2025-04-04 10:45:35,ACC-01959,Transferencia,Internet Banking,15500.0,PR,DEV-01959-A,1,Restaurante,MER-0870,1,Valor atipico,30,PR,3205.09,2354,447.2,Empresarial,1071.9959259259258,2898.963784381557,397.47,4.976952161943628,1,1,10,Friday,2025-04,0,1,1,0,0,0,0,0,50,1,Critico,amount_zscore; high_value
TX-0005929,2025-04-05 18:00:11,ACC-00091,Cartao,Carteira digital,15500.0,PR,DEV-00091-A,1,Restaurante,MER-0520,1,Valor atipico,40,SP,5609.48,259,479.75,Alta renda,1529.8610344827587,3881.653094878654,489.96,3.599017898830026,1,1,18,Saturday,2025-04,1,1,1,0,0,0,0,0,50,1,Critico,amount_zscore; high_value
TX-0022349,2025-04-05 15:01:24,ACC-00672,Transferencia,App,15500.0,PE,DEV-00672-A,1,Restaurante,MER-0674,1,Valor atipico,77,PE,1381.84,1472,43.0,Varejo,1179.6948275862069,3060.282404480976,56.83,4.679406433682553,1,1,15,Saturday,2025-04,0,1,1,0,0,0,0,0,50,1,Critico,amount_zscore; high_value
TX-0013451,2025-06-09 11:14:34,ACC-00786,PIX,Internet Banking,15500.0,MG,DEV-00786-A,1,Viagem,MER-1196,1,Valor atipico,72,MG,2290.38,1360,198.0,Digital,896.454090909091,3263.565107739372,178.665,4.4747217925756635,1,1,11,Monday,2025-06,0,1,1,0,0,0,0,0,50,1,Critico,amount_zscore; high_value
TX-0042214,2025-06-11 17:50:34,ACC-00785,PIX,Internet Banking,15500.0,SP,DEV-00785-A,1,Mercado,MER-0378,1,Valor atipico,43,SP,9103.34,4640,1245.41,Varejo,2212.858846153846,3196.062967650452,1035.805,4.157346487955474,1,1,17,Wednesday,2025-06,0,1,1,0,0,0,0,0,50,1,Critico,amount_zscore; high_value
TX-0012468,2025-06-10 08:05:48,ACC-00348,PIX,App,15500.0,SP,DEV-00348-A,1,Restaurante,MER-0911,1,Valor atipico,62,SP,3504.45,3790,130.87,Digital,960.1164999999999,3425.901781197678,188.1,4.244104013664084,1,1,8,Tuesday,2025-06,0,1,1,0,0,0,0,0,50,1,Critico,amount_zscore; high_value
TX-0026023,2025-07-21 22:50:18,ACC-00527,Cartao,POS,15500.0,BA,DEV-00527-A,1,Mercado,MER-0896,1,Valor atipico,68,BA,1589.46,220,110.06,Varejo,846.1709090909092,3275.598119086198,117.97,4.473634602952179,1,1,22,Monday,2025-07,0,1,1,0,0,0,0,0,50,1,Critico,amount_zscore; high_value
TX-0041882,2025-07-17 07:32:57,ACC-00309,Cartao,E-commerce,15500.0,SP,DEV-00309-A,1,Eletronicos,MER-0325,1,Valor atipico,55,SP,2503.38,240,135.99,Varejo,862.8613636363636,3271.6605647610113,131.455,4.47391724985775,1,1,7,Thursday,2025-07,0,1,1,0,0,0,0,0,50,1,Critico,amount_zscore; high_value
TX-0019710,2025-06-22 19:38:50,ACC-00599,Boleto,Internet Banking,15500.0,SP,DEV-00599-A,1,Transporte,MER-1179,1,Valor atipico,20,SP,2877.77,4534,113.54,Empresarial,770.36375,3138.4061114698675,128.39499999999998,4.693349339388521,1,1,19,Sunday,2025-06,0,1,1,0,0,0,0,0,50,1,Critico,amount_zscore; high_value
TX-0002353,2025-04-03 19:21:47,ACC-02492,PIX,Internet Banking,15500.0,RS,DEV-02492-A,1,Transporte,MER-0305,1,Valor atipico,54,RS,3404.11,1725,510.05,Alta renda,1134.7421739130434,3147.324288222612,439.77,4.5642763536767434,1,2,19,Thursday,2025-04,0,1,1,0,0,0,0,0,50,1,Critico,amount_zscore; high_value
TX-0006163,2025-06-19 16:55:26,ACC-02085,Cartao,E-commerce,15500.0,SP,DEV-02085-A,1,Servicos,MER-0553,1,Valor atipico,65,SP,4726.56,4933,638.02,Digital,1325.7520000000002,2994.9402519012515,621.26,4.7327314763631385,1,1,16,Thursday,2025-06,0,1,1,0,0,0,0,0,50,1,Critico,amount_zscore; high_value
TX-0021979,2025-06-07 18:49:15,ACC-02307,PIX,Internet Banking,15500.0,SP,DEV-02307-A,1,Transporte,MER-1099,1,Valor atipico,34,MG,3632.2,2816,492.4,Varejo,1038.2050000000002,2959.4279467278807,437.5,4.886685961045215,1,1,18,Saturday,2025-06,1,1,1,0,0,0,0,0,50,1,Critico,amount_zscore; high_value
TX-0039495,2025-04-06 17:25:55,ACC-01675,Cartao,Carteira digital,15500.0,SP,DEV-01675-A,1,Viagem,MER-0082,1,Valor atipico,19,SP,1536.17,1491,235.85,Varejo,1007.561,3416.8918661245953,205.77499999999998,4.241409903450407,1,1,17,Sunday,2025-04,0,1,1,0,0,0,0,0,50,1,Critico,amount_zscore; high_value
TX-0004758,2025-10-25 10:04:14,ACC-01243,Transferencia,Internet Banking,15500.0,MG,DEV-01243-A,1,Restaurante,MER-1091,1,Valor atipico,19,MG,3341.08,3223,256.89,Digital,973.6304545454545,3250.897584309788,256.33500000000004,4.468418081075508,1,1,10,Saturday,2025-10,0,1,1,0,0,0,0,0,50,1,Critico,amount_zscore; high_value
TX-0041570,2025-10-22 21:38:35,ACC-00091,PIX,App,15500.0,SP,DEV-00091-A,1,Servicos,MER-1056,1,Valor atipico,40,SP,5609.48,259,479.75,Alta renda,1529.8610344827587,3881.653094878654,489.96,3.599017898830026,1,1,21,Wednesday,2025-10,0,1,1,0,0,0,0,0,50,1,Critico,amount_zscore; high_value
TX-0005466,2025-10-22 12:09:14,ACC-00856,Cartao,POS,15500.0,GO,NEW-5912544,0,Restaurante,MER-0767,1,Valor atipico,66,GO,2446.4,4951,382.26,Varejo,1172.9847826086957,3147.6856812352403,332.2,4.551602881698462,1,1,12,Wednesday,2025-10,0,1,1,0,0,0,0,0,50,1,Critico,amount_zscore; high_value
TX-0042664,2025-12-08 09:44:08,ACC-01901,Boleto,App,15500.0,DF,DEV-01901-A,1,Restaurante,MER-0979,1,Valor atipico,21,DF,8389.52,3705,574.26,Varejo,1291.4652173913043,3239.0308733363577,395.43,4.386662350017437,1,1,9,Monday,2025-12,0,1,1,0,0,0,0,0,50,1,Critico,amount_zscore; high_value
TX-0029391,2025-12-07 18:57:00,ACC-00638,Cartao,Carteira digital,15500.0,MG,DEV-00638-A,1,Viagem,MER-0089,1,Valor atipico,56,MG,7322.94,2344,894.24,Varejo,1660.7132000000001,3021.0867866792023,1037.85,4.580896802111479,1,1,18,Sunday,2025-12,0,1,1,0,0,0,0,0,50,1,Critico,amount_zscore; high_value
TX-0006922,2025-02-17 16:44:15,ACC-02374,Cartao,POS,15500.0,SP,DEV-02374-A,1,Servicos,MER-0393,1,Valor atipico,53,SP,3004.49,2589,207.89,Alta renda,726.938275862069,2843.7348635968515,191.18,5.194950455209621,1,1,16,Monday,2025-02,0,1,1,0,0,0,0,0,50,1,Critico,amount_zscore; high_value
TX-0042827,2025-02-17 14:04:00,ACC-00417,Cartao,POS,43.0,SP,DEV-00417-A,0,Mercado,MER-0145,1,Alta velocidade,55,PE,5268.08,3994,294.68,Empresarial,276.8213636363636,218.6574882429564,196.53500000000003,-1.0693499020557586,5,5,14,Monday,2025-02,1,0,0,1,0,1,0,0,50,1,Critico,velocity_1h; new_device_location
TX-0027151,2025-06-04 14:00:17,ACC-01917,Cartao,POS,15500.0,MG,DEV-01917-A,1,Restaurante,MER-0654,1,Valor atipico,56,MG,4440.01,1581,485.78,Varejo,1141.1444444444444,2909.3927244944134,435.65,4.935344559937607,1,1,14,Wednesday,2025-06,0,1,1,0,0,0,0,0,50,1,Critico,amount_zscore; high_value
TX-0020357,2025-10-23 14:50:48,ACC-00528,Cartao,POS,15500.0,GO,DEV-00528-A,1,Viagem,MER-0966,1,Valor atipico,49,GO,3400.29,2148,115.23,Digital,1075.02,3847.2594337614755,96.62,3.749417019661879,1,1,14,Thursday,2025-10,0,1,1,0,0,0,0,0,50,1,Critico,amount_zscore; high_value
TX-0027519,2025-06-08 11:06:23,ACC-01894,Transferencia,Internet Banking,15500.0,RS,DEV-01894-A,1,Viagem,MER-0506,1,Valor atipico,50,RS,4896.38,1545,195.74,Varejo,1121.0305555555556,3597.8944113262432,191.535,3.9964956723519074,1,1,11,Sunday,2025-06,0,1,1,0,0,0,0,0,50,1,Critico,amount_zscore; high_value
TX-0009666,2025-06-08 09:22:35,ACC-00669,PIX,Internet Banking,15500.0,PE,DEV-00669-A,1,Viagem,MER-0462,1,Valor atipico,62,PE,4013.26,619,601.06,Varejo,1544.5982352941176,3620.2876020857016,563.08,3.854777105737668,1,1,9,Sunday,2025-06,0,1,1,0,0,0,0,0,50,1,Critico,amount_zscore; high_value
TX-0045024,2025-06-17 18:18:27,ACC-01111,PIX,App,15500.0,MG,DEV-01111-A,1,Restaurante,MER-0993,1,Valor atipico,39,SP,3394.03,188,415.56,Digital,1130.71,3147.820391110476,499.2,4.56483795599623,1,1,18,Tuesday,2025-06,1,1,1,0,0,0,0,0,50,1,Critico,amount_zscore; high_value
TX-0012223,2025-07-04 19:31:19,ACC-01646,Cartao,Carteira digital,15500.0,RS,DEV-01646-A,1,Restaurante,MER-0975,1,Valor atipico,24,RS,3117.25,2111,136.31,Digital,690.6078571428571,2903.9371134877447,123.575,5.0997633778200075,1,1,19,Friday,2025-07,0,1,1,0,0,0,0,0,50,1,Critico,amount_zscore; high_value
TX-0007894,2025-07-04 06:18:24,ACC-00351,Boleto,App,15500.0,RJ,DEV-00351-A,1,Viagem,MER-0985,1,Valor atipico,44,RJ,1899.81,4699,273.67,Varejo,1133.2357894736842,3483.962775171584,302.33,4.123684762911612,1,1,6,Friday,2025-07,0,1,1,0,0,0,0,0,50,1,Critico,amount_zscore; high_value
TX-0044312,2025-07-03 12:50:08,ACC-00393,Cartao,POS,15500.0,RJ,DEV-00393-A,1,Viagem,MER-0850,1,Valor atipico,33,RJ,1310.77,579,121.58,Alta renda,715.9176923076923,3016.752730481314,99.605,4.9006609518618225,1,1,12,Thursday,2025-07,0,1,1,0,0,0,0,0,50,1,Critico,amount_zscore; high_value
TX-0009314,2025-09-10 10:02:00,ACC-00337,Cartao,POS,262.15,SP,DEV-00337-A,0,Outros,MER-0314,1,Alta velocidade,68,PE,5888.01,4816,794.93,Varejo,796.9848,743.9034526912751,504.67,-0.7189572760619515,3,3,10,Wednesday,2025-09,1,0,0,1,0,1,0,0,50,1,Critico,velocity_1h; new_device_location
TX-0012236,2025-12-24 17:57:58,ACC-01140,Saque,ATM,15500.0,MG,DEV-01140-A,1,Transporte,MER-0629,1,Valor atipico,74,MG,2507.89,2392,157.11,Varejo,1037.246111111111,3611.4084633726047,198.235,4.00474054252575,1,1,17,Wednesday,2025-12,0,1,1,0,0,0,0,0,50,1,Critico,amount_zscore; high_value
TX-0038903,2025-12-22 18:04:55,ACC-00054,PIX,Internet Banking,15500.0,BA,DEV-00054-A,1,Restaurante,MER-0431,1,Valor atipico,41,BA,7305.74,3891,916.14,Varejo,1591.9540000000002,2721.236254649333,981.7850000000001,5.110929261006863,1,1,18,Monday,2025-12,0,1,1,0,0,0,0,0,50,1,Critico,amount_zscore; high_value
TX-0043358,2025-12-26 07:36:32,ACC-01789,PIX,App,15500.0,SP,DEV-01789-A,1,Viagem,MER-0454,1,Valor atipico,70,RS,3427.23,2002,511.18,Varejo,1532.7366666666667,3881.004807019636,390.71,3.5988781328151203,1,1,7,Friday,2025-12,1,1,1,0,0,0,0,0,50,1,Critico,amount_zscore; high_value
TX-0039837,2025-12-31 17:47:59,ACC-01842,Cartao,POS,15500.0,PR,DEV-01842-A,1,Servicos,MER-0214,1,Valor atipico,20,PR,4180.75,2547,307.9,Varejo,1268.661176470588,3682.029182660158,292.13,3.8650803992943064,1,1,17,Wednesday,2025-12,0,1,1,0,0,0,0,0,50,1,Critico,amount_zscore; high_value
TX-0003943,2025-05-11 10:33:15,ACC-00109,Boleto,App,15500.0,SP,DEV-00109-A,1,Mercado,MER-0801,1,Valor atipico,23,SP,5254.27,4453,357.46,Alta renda,1226.6115789473683,3508.448205858512,218.33,4.0682910459440444,1,1,10,Sunday,2025-05,0,1,1,0,0,0,0,0,50,1,Critico,amount_zscore; high_value
TX-0038188,2025-01-05 18:32:57,ACC-00621,Transferencia,App,15500.0,DF,DEV-00621-A,1,Eletronicos,MER-1073,1,Valor atipico,19,DF,6073.58,1406,889.44,Digital,1990.8380000000002,3250.9982236288433,1065.5700000000002,4.155388920797608,1,1,18,Sunday,2025-01,0,1,1,0,0,0,0,0,50,1,Critico,amount_zscore; high_value
TX-0029057,2025-01-05 21:36:03,ACC-00078,Transferencia,Internet Banking,15500.0,RS,DEV-00078-A,1,Servicos,MER-0680,1,Valor atipico,62,SC,2505.22,1937,67.98,Empresarial,987.3017647058822,3740.2047530453387,75.75,3.8801881697726923,1,2,21,Sunday,2025-01,1,1,1,0,0,0,0,0,50,1,Critico,amount_zscore; high_value
TX-0001170,2025-03-05 17:21:19,ACC-00203,Transferencia,App,15500.0,RS,DEV-00203-A,1,Transporte,MER-0799,1,Valor atipico,53,RS,3918.42,1407,271.96,Varejo,1065.361,3402.060938796241,307.78999999999996,4.242910182880922,1,1,17,Wednesday,2025-03,0,1,1,0,0,0,0,0,50,1,Critico,amount_zscore; high_value
TX-0041054,2025-01-12 03:55:00,ACC-00387,Boleto,App,1263.83,SP,NEW-4970408,0,Mercado,MER-1191,0,Normal,75,SP,2593.5,645,340.54,Digital,363.94964285714286,246.68774383646826,317.47,3.6478519084409666,1,1,3,Sunday,2025-01,0,1,0,0,1,0,0,0,50,1,Critico,amount_zscore; unusual_hour
TX-0019509,2025-12-28 15:04:16,ACC-01216,Transferencia,Internet Banking,15500.0,SP,DEV-01216-A,1,Outros,MER-0838,1,Valor atipico,76,SP,3963.19,3093,345.48,Alta renda,1248.9389999999999,3374.778674536185,400.375,4.222813515899262,1,1,15,Sunday,2025-12,0,1,1,0,0,0,0,0,50,1,Critico,amount_zscore; high_value
TX-0029297,2025-01-08 18:06:36,ACC-02035,Cartao,Carteira digital,15500.0,MG,DEV-02035-A,1,Eletronicos,MER-0435,1,Valor atipico,64,BA,3393.07,72,428.69,Varejo,1294.5252631578946,3454.963643906431,434.58,4.111613377436403,1,1,18,Wednesday,2025-01,1,1,1,0,0,0,0,0,50,1,Critico,amount_zscore; high_value
TX-0039680,2025-05-08 08:44:01,ACC-01712,PIX,Internet Banking,15500.0,SP,DEV-01712-A,1,Outros,MER-0679,1,Valor atipico,52,SP,2156.04,3736,328.95,Digital,1001.91,2967.1062570457434,379.41999999999996,4.886272598284129,1,1,8,Thursday,2025-05,0,1,1,0,0,0,0,0,50,1,Critico,amount_zscore; high_value
TX-0022054,2025-05-10 07:53:48,ACC-02335,Saque,ATM,15500.0,RJ,DEV-02335-A,1,Servicos,MER-1077,1,Valor atipico,48,RJ,2766.75,2447,432.12,Empresarial,1295.9464705882353,3672.9735266520456,390.4,3.867181025494325,1,1,7,Saturday,2025-05,0,1,1,0,0,0,0,0,50,1,Critico,amount_zscore; high_value
TX-0048820,2025-05-05 08:08:53,ACC-01327,Cartao,E-commerce,15500.0,GO,DEV-01327-A,1,Mercado,MER-0845,1,Valor atipico,22,GO,1776.31,1254,202.71,Digital,865.0460869565217,3194.9889594698125,143.65,4.580596083021224,1,1,8,Monday,2025-05,0,1,1,0,0,0,0,0,50,1,Critico,amount_zscore; high_value
TX-0043538,2025-05-11 19:02:36,ACC-02017,Saque,ATM,15500.0,GO,DEV-02017-A,1,Transporte,MER-0684,1,Valor atipico,18,GO,2922.95,2587,446.37,Varejo,1292.1795,3376.7171848681596,359.185,4.207583792823541,1,1,19,Sunday,2025-05,0,1,1,0,0,0,0,0,50,1,Critico,amount_zscore; high_value
TX-0011920,2025-05-11 16:45:26,ACC-00269,Cartao,POS,15500.0,SP,DEV-00269-A,1,Servicos,MER-0690,1,Valor atipico,31,SP,4253.2,3878,466.35,Varejo,1278.2425,3365.2080907237178,497.87,4.226115329748148,1,1,16,Sunday,2025-05,0,1,1,0,0,0,0,0,50,1,Critico,amount_zscore; high_value
TX-0027408,2025-05-11 16:08:36,ACC-01224,PIX,App,15500.0,DF,DEV-01224-A,1,Restaurante,MER-0278,1,Valor atipico,75,DF,4711.56,1240,509.24,Empresarial,1396.837142857143,3304.20048413401,413.5,4.268252766399288,1,1,16,Sunday,2025-05,0,1,1,0,0,0,0,0,50,1,Critico,amount_zscore; high_value
TX-0038483,2025-01-13 07:15:39,ACC-00754,Cartao,POS,15500.0,DF,DEV-00754-A,1,Viagem,MER-0189,1,Valor atipico,55,DF,1911.78,2393,145.61,Varejo,1270.2367857142856,4020.176930514979,157.025,3.539586306830257,1,1,7,Monday,2025-01,0,1,1,0,0,0,0,0,50,1,Critico,amount_zscore; high_value
TX-0009722,2025-09-14 14:59:23,ACC-00297,Boleto,Internet Banking,15500.0,SP,DEV-00297-A,1,Servicos,MER-0097,1,Valor atipico,37,SP,4558.21,968,412.85,Varejo,1077.547,3401.1394187383426,290.925,4.240476859178572,1,1,14,Sunday,2025-09,0,1,1,0,0,0,0,0,50,1,Critico,amount_zscore; high_value
TX-0029941,2025-01-10 17:13:40,ACC-02306,Boleto,App,15500.0,SP,DEV-02306-A,1,Eletronicos,MER-0947,1,Valor atipico,70,SP,6483.83,1371,188.31,Varejo,1064.83,3606.9948626751197,150.81,4.001993501397501,1,1,17,Friday,2025-01,0,1,1,0,0,0,0,0,50,1,Critico,amount_zscore; high_value
TX-0022635,2025-11-27 19:05:13,ACC-01434,Saque,ATM,15500.0,SP,DEV-01434-A,1,Restaurante,MER-0219,1,Valor atipico,43,SP,6089.39,2328,184.9,Varejo,973.817619047619,3333.048671587177,211.37,4.3582269004296,1,1,19,Thursday,2025-11,0,1,1,0,0,0,0,0,50,1,Critico,amount_zscore; high_value
TX-0019811,2025-03-15 14:54:15,ACC-01413,Boleto,App,15500.0,SP,DEV-01413-A,1,Restaurante,MER-0918,1,Valor atipico,32,SP,6584.1,4190,860.7,Varejo,2196.3806250000002,3679.889215260823,978.315,3.6152227952484886,1,1,14,Saturday,2025-03,0,1,1,0,0,0,0,0,50,1,Critico,amount_zscore; high_value
TX-0037951,2025-07-09 14:39:27,ACC-00285,Cartao,POS,19200.0,MG,NEW-0884267,0,Viagem,MER-0440,1,Valor atipico,72,MG,17753.67,2912,1492.67,Digital,2595.5084210526315,4173.350555042027,1680.75,3.978695621168626,1,1,14,Wednesday,2025-07,0,1,1,0,0,0,0,0,50,1,Critico,amount_zscore; high_value
TX-0034476,2025-07-11 08:13:05,ACC-01171,PIX,Internet Banking,15500.0,BA,DEV-01171-A,1,Restaurante,MER-0025,1,Valor atipico,21,BA,2535.53,2739,127.33,Empresarial,718.554074074074,2955.1609394807524,172.16,5.00190894121765,1,1,8,Friday,2025-07,0,1,1,0,0,0,0,0,50,1,Critico,amount_zscore; high_value
TX-0024629,2025-07-10 14:38:02,ACC-00140,Cartao,Carteira digital,15500.0,BA,DEV-00140-A,1,Eletronicos,MER-0024,1,Valor atipico,32,BA,773.57,3371,58.82,Varejo,776.6872727272727,3289.0203794778745,56.4,4.476503952100784,1,1,14,Thursday,2025-07,0,1,1,0,0,0,0,0,50,1,Critico,amount_zscore; high_value
TX-0015307,2025-07-07 11:41:11,ACC-02252,PIX,App,15500.0,RJ,NEW-9591643,0,Eletronicos,MER-0069,1,Valor atipico,74,RJ,794.39,1516,79.97,Varejo,869.7515,3444.3428212792105,74.74000000000001,4.247616819561069,1,1,11,Monday,2025-07,0,1,1,0,0,0,0,0,50,1,Critico,amount_zscore; high_value
TX-0002949,2025-07-07 09:53:55,ACC-00050,Transferencia,Internet Banking,16944.34,SP,DEV-00050-A,1,Mercado,MER-0810,1,Valor atipico,67,SP,29675.89,4050,1179.92,Alta renda,2231.12,3625.330180219524,1303.885,4.058449649711374,1,1,9,Monday,2025-07,0,1,1,0,0,0,0,0,50,1,Critico,amount_zscore; high_value
TX-0025895,2025-11-25 16:03:11,ACC-02044,Cartao,E-commerce,16968.88,BA,DEV-02044-A,1,Outros,MER-0817,1,Valor atipico,53,SP,7961.38,670,1122.19,Varejo,2572.391052631579,4012.0658938547062,1180.86,3.588298230450195,1,1,16,Tuesday,2025-11,1,1,1,0,0,0,0,0,50,1,Critico,amount_zscore; high_value
TX-0015534,2025-03-19 13:34:50,ACC-01782,Transferencia,App,15500.0,SP,DEV-01782-A,1,Servicos,MER-0572,1,Valor atipico,58,SP,1222.74,2857,73.28,Varejo,1044.810625,3855.331493212084,77.07,3.74940245746718,1,1,13,Wednesday,2025-03,0,1,1,0,0,0,0,0,50,1,Critico,amount_zscore; high_value
TX-0022102,2025-10-12 14:54:17,ACC-01014,PIX,Internet Banking,15500.0,MG,DEV-01014-A,1,Restaurante,MER-0115,1,Valor atipico,67,MG,7676.71,1648,658.01,Digital,1334.8011764705882,3657.164125483505,413.7,3.8732740280439737,1,1,14,Sunday,2025-10,0,1,1,0,0,0,0,0,50,1,Critico,amount_zscore; high_value
TX-0048388,2025-10-11 22:38:00,ACC-00974,PIX,Internet Banking,15500.0,PR,DEV-00974-A,1,Viagem,MER-0750,1,Valor atipico,75,PR,9556.72,3756,902.31,Varejo,2038.753125,3685.543573418931,992.9100000000001,3.6524454552880354,1,1,22,Saturday,2025-10,0,1,1,0,0,0,0,0,50,1,Critico,amount_zscore; high_value
TX-0045901,2025-01-07 11:47:32,ACC-00761,Cartao,POS,15500.0,BA,NEW-5432916,0,Servicos,MER-0072,1,Valor atipico,75,BA,1970.28,2085,118.68,Varejo,523.4936842105262,2496.2630902908095,98.76,5.99957046756828,1,1,11,Tuesday,2025-01,0,1,1,0,0,0,0,0,50,1,Critico,amount_zscore; high_value
TX-0043143,2025-06-30 18:10:39,ACC-00765,PIX,App,15500.0,RS,DEV-00765-A,1,Mercado,MER-0625,1,Valor atipico,73,RS,5105.79,1645,681.2,Varejo,1509.3904761904762,3243.194891887437,796.54,4.313835581945996,1,1,18,Monday,2025-06,0,1,1,0,0,0,0,0,50,1,Critico,amount_zscore; high_value
TX-0025612,2025-07-03 08:35:16,ACC-00324,PIX,App,15500.0,MG,DEV-00324-A,1,Restaurante,MER-0894,1,Valor atipico,73,MG,2689.31,3614,191.85,Varejo,954.6904999999999,3427.1320945384537,138.845,4.2441636618500045,1,1,8,Thursday,2025-07,0,1,1,0,0,0,0,0,50,1,Critico,amount_zscore; high_value
TX-0020459,2025-07-03 02:20:52,ACC-01804,Cartao,E-commerce,1333.3,RJ,DEV-01804-A,1,Eletronicos,MER-0439,0,Normal,44,RJ,3167.71,2512,403.27,Varejo,413.4416129032258,260.0888194328593,334.31,3.5367086870653863,1,1,2,Thursday,2025-07,0,1,0,0,1,0,0,0,50,1,Critico,amount_zscore; unusual_hour
TX-0025902,2025-03-21 15:46:53,ACC-01582,Boleto,Internet Banking,15500.0,SP,DEV-01582-A,1,Restaurante,MER-1151,1,Valor atipico,28,PR,10374.33,1159,303.84,Varejo,993.815652173913,3175.087707382451,198.09,4.568750751072957,1,1,15,Friday,2025-03,1,1,1,0,0,0,0,0,50,1,Critico,amount_zscore; high_value
TX-0018469,2025-03-21 06:56:28,ACC-00021,Transferencia,App,15500.0,SP,DEV-00021-A,1,Eletronicos,MER-0260,1,Valor atipico,66,SP,2806.71,3459,129.46,Alta renda,851.6486363636363,3273.8038468762693,123.89,4.474413266272268,1,1,6,Friday,2025-03,0,1,1,0,0,0,0,0,50,1,Critico,amount_zscore; high_value
TX-0032720,2025-03-20 08:53:09,ACC-00789,Boleto,Internet Banking,15500.0,SP,DEV-00789-A,1,Mercado,MER-0405,1,Valor atipico,20,SP,1591.76,2394,222.69,Varejo,828.1320833333334,3127.424595879629,187.39999999999998,4.691357846324033,1,1,8,Thursday,2025-03,0,1,1,0,0,0,0,0,50,1,Critico,amount_zscore; high_value
TX-0002447,2025-07-05 07:38:17,ACC-00338,Transferencia,App,15500.0,GO,DEV-00338-A,1,Restaurante,MER-1054,1,Valor atipico,74,GO,2636.99,1654,89.48,Digital,1204.2396428571428,4038.257687341651,110.85,3.5400812587949604,1,1,7,Saturday,2025-07,0,1,1,0,0,0,0,0,50,1,Critico,amount_zscore; high_value
TX-0026572,2025-06-27 14:53:03,ACC-02305,PIX,Internet Banking,15500.0,SP,DEV-02305-A,1,Mercado,MER-1162,1,Valor atipico,73,SP,2925.15,4818,283.04,Alta renda,1420.4336666666668,2887.4213143809247,363.78,4.8761731664199655,2,2,14,Friday,2025-06,0,1,1,0,0,0,0,0,50,1,Critico,amount_zscore; high_value
TX-0014867,2025-06-28 21:04:00,ACC-01701,Cartao,E-commerce,81.19,PE,DEV-01701-A,0,Viagem,MER-0629,1,Alta velocidade,63,RS,1857.86,2665,289.73,Varejo,304.3530434782609,220.7583655870822,244.68,-1.0108928052841109,5,6,21,Saturday,2025-06,1,0,0,1,0,1,0,0,50,1,Critico,velocity_1h; new_device_location
TX-0004905,2025-12-31 04:26:00,ACC-00200,PIX,App,3512.37,MG,NEW-0722451,0,Restaurante,MER-0838,0,Normal,32,MG,4188.85,790,631.24,Digital,734.2785714285715,725.6735508635113,544.9,3.828293624958018,1,1,4,Wednesday,2025-12,0,1,0,0,1,0,0,0,50,1,Critico,amount_zscore; unusual_hour
TX-0019500,2025-12-27 09:03:08,ACC-01087,Cartao,E-commerce,15500.0,DF,DEV-01087-A,1,Servicos,MER-0484,1,Valor atipico,48,DF,2189.37,2264,113.56,Varejo,834.6056521739131,3199.5127629301564,135.14,4.583633645016413,1,1,9,Saturday,2025-12,0,1,1,0,0,0,0,0,50,1,Critico,amount_zscore; high_value
TX-0008833,2025-01-07 15:57:21,ACC-01257,PIX,Internet Banking,15500.0,SP,DEV-01257-A,1,Servicos,MER-0251,1,Valor atipico,75,SP,5199.92,2532,513.42,Varejo,1175.5040740740742,2894.3507842470003,602.34,4.949122270835121,1,1,15,Tuesday,2025-01,0,1,1,0,0,0,0,0,50,1,Critico,amount_zscore; high_value
TX-0041940,2025-10-11 18:54:36,ACC-01898,Cartao,Carteira digital,15500.0,PR,DEV-01898-A,1,Servicos,MER-0256,1,Valor atipico,48,PR,3409.78,4070,276.98,Alta renda,1040.355238095238,3327.239103540079,233.83,4.345838790641811,1,1,18,Saturday,2025-10,0,1,1,0,0,0,0,0,50,1,Critico,amount_zscore; high_value
TX-0045564,2025-03-17 07:46:21,ACC-01922,Cartao,POS,15500.0,SP,DEV-01922-A,1,Transporte,MER-0493,1,Valor atipico,64,SP,2216.5,549,65.67,Varejo,1060.039375,3851.1460185776195,69.635,3.7495230134985245,1,1,7,Monday,2025-03,0,1,1,0,0,0,0,0,50,1,Critico,amount_zscore; high_value
TX-0024691,2025-10-08 08:59:33,ACC-01620,Boleto,App,15500.0,MG,DEV-01620-A,1,Servicos,MER-0461,1,Valor atipico,77,MG,6340.84,4923,299.18,Alta renda,1239.1064705882352,3701.881455270315,252.98,3.852336629826095,1,1,8,Wednesday,2025-10,0,1,1,0,0,0,0,0,50,1,Critico,amount_zscore; high_value
TX-0031672,2025-10-07 10:48:02,ACC-00953,Cartao,E-commerce,15500.0,RS,DEV-00953-A,1,Transporte,MER-0626,1,Valor atipico,77,RS,5861.67,4969,493.52,Varejo,1360.3647368421052,3404.5918292376973,430.78,4.1531073245640195,1,1,10,Tuesday,2025-10,0,1,1,0,0,0,0,0,50,1,Critico,amount_zscore; high_value
TX-0016215,2025-07-02 21:43:37,ACC-01046,Cartao,E-commerce,15500.0,RJ,DEV-01046-A,1,Servicos,MER-0274,1,Valor atipico,32,RJ,5643.32,3139,854.4,Varejo,1684.1096,2961.715877752118,947.52,4.6648263946526765,1,1,21,Wednesday,2025-07,0,1,1,0,0,0,0,0,50,1,Critico,amount_zscore; high_value
TX-0036153,2025-10-08 13:57:08,ACC-01539,Saque,ATM,15500.0,RJ,DEV-01539-A,1,Restaurante,MER-0229,1,Valor atipico,22,RJ,2224.5,91,252.74,Varejo,1312.8773333333334,3938.679083970496,197.34,3.602000153910722,1,1,13,Wednesday,2025-10,0,1,1,0,0,0,0,0,50,1,Critico,amount_zscore; high_value
TX-0046910,2025-10-10 23:58:55,ACC-00505,PIX,Internet Banking,15500.0,SP,DEV-00505-A,1,Restaurante,MER-1151,1,Valor atipico,56,SP,2060.54,2814,84.59,Alta renda,837.4039999999999,3451.390799239909,51.855,4.248315201868507,1,1,23,Friday,2025-10,0,1,1,0,0,0,0,0,50,1,Critico,amount_zscore; high_value
TX-0024908,2025-07-02 17:12:53,ACC-00126,Cartao,Carteira digital,15500.0,RS,DEV-00126-A,1,Mercado,MER-0800,1,Valor atipico,20,RS,9449.77,343,637.25,Digital,1378.7721739130434,3124.7384889254863,648.38,4.519171084599424,1,1,17,Wednesday,2025-07,0,1,1,0,0,0,0,0,50,1,Critico,amount_zscore; high_value
TX-0010090,2025-03-24 19:46:50,ACC-01023,Cartao,POS,15500.0,MG,DEV-01023-A,1,Mercado,MER-0858,1,Valor atipico,66,MG,7280.25,3203,596.37,Varejo,1251.8204761904763,3295.224676621423,347.74,4.323887116073101,1,1,19,Monday,2025-03,0,1,1,0,0,0,0,0,50,1,Critico,amount_zscore; high_value
TX-0044922,2025-03-02 18:38:52,ACC-02104,PIX,App,15500.0,SP,DEV-02104-A,1,Outros,MER-0403,1,Valor atipico,76,SP,3091.98,4756,145.7,Varejo,1069.2641176470588,3725.756135226209,122.98,3.873236829945334,1,1,18,Sunday,2025-03,0,1,1,0,0,0,0,0,50,1,Critico,amount_zscore; high_value
TX-0035331,2025-12-02 11:35:48,ACC-00635,Boleto,Internet Banking,15500.0,SP,DEV-00635-A,1,Transporte,MER-0165,1,Valor atipico,56,SP,4816.44,2785,204.5,Varejo,976.1278947368421,3518.0851384454695,160.61,4.128345828401639,1,1,11,Tuesday,2025-12,0,1,1,0,0,0,0,0,50,1,Critico,amount_zscore; high_value
TX-0006750,2025-07-16 08:03:00,ACC-02216,Boleto,Internet Banking,76.22,RJ,DEV-02216-A,0,Viagem,MER-0165,1,Alta velocidade,50,SP,3184.97,2316,286.96,Digital,243.07346153846154,242.6321092673813,170.19,-0.6876808763781076,4,4,8,Wednesday,2025-07,1,0,0,1,0,1,0,0,50,1,Critico,velocity_1h; new_device_location
TX-0018614,2025-04-29 05:08:16,ACC-00305,Boleto,Internet Banking,15500.0,PE,DEV-00305-A,1,Transporte,MER-0809,1,Valor atipico,54,PE,3991.13,4413,307.47,Alta renda,1185.445294117647,3695.1706801007813,231.7,3.8738548081064392,1,1,5,Tuesday,2025-04,0,1,1,0,0,0,0,0,50,1,Critico,amount_zscore; high_value
TX-0020943,2025-08-01 09:50:23,ACC-01054,Transferencia,Internet Banking,15500.0,SP,DEV-01054-A,1,Restaurante,MER-0989,1,Valor atipico,68,SP,7003.18,1551,222.32,Digital,847.8419230769232,2995.1417838092666,189.44,4.891974782672305,1,1,9,Friday,2025-08,0,1,1,0,0,0,0,0,50,1,Critico,amount_zscore; high_value
TX-0007139,2025-03-02 13:58:43,ACC-00236,Cartao,POS,15500.0,PE,DEV-00236-A,1,Eletronicos,MER-0671,1,Valor atipico,44,PE,1735.25,4434,125.22,Varejo,696.4196969696969,2671.1297869692294,170.34,5.542067021695354,1,1,13,Sunday,2025-03,0,1,1,0,0,0,0,0,50,1,Critico,amount_zscore; high_value
TX-0009455,2025-03-05 15:23:02,ACC-02324,Transferencia,App,15500.0,PR,DEV-02324-A,1,Servicos,MER-0868,1,Valor atipico,50,PR,1537.34,3849,236.95,Varejo,1061.8777272727273,3250.1854833750963,293.445,4.442245633850492,1,1,15,Wednesday,2025-03,0,1,1,0,0,0,0,0,50,1,Critico,amount_zscore; high_value
TX-0000657,2025-07-20 03:02:20,ACC-00990,Transferencia,App,5240.75,PR,DEV-00990-A,1,Eletronicos,MER-0231,0,Normal,36,PR,4150.4,372,548.26,Digital,833.8968421052631,1139.153266436926,417.27,3.8685340135823947,1,1,3,Sunday,2025-07,0,1,0,0,1,0,0,0,50,1,Critico,amount_zscore; unusual_hour
TX-0031314,2025-06-23 18:58:49,ACC-01315,Boleto,App,15500.0,SP,DEV-01315-A,1,Viagem,MER-0163,1,Valor atipico,77,SP,2357.19,729,201.89,Varejo,930.2559090909091,3257.8283147237516,177.44,4.472225876686364,1,1,18,Monday,2025-06,0,1,1,0,0,0,0,0,50,1,Critico,amount_zscore; high_value
TX-0025098,2025-06-25 16:40:13,ACC-01747,PIX,App,15500.0,GO,DEV-01747-A,1,Outros,MER-0900,1,Valor atipico,46,GO,3433.73,557,356.18,Varejo,1126.0614285714287,3305.903573954155,366.7,4.347960625553291,1,1,16,Wednesday,2025-06,0,1,1,0,0,0,0,0,50,1,Critico,amount_zscore; high_value
TX-0024711,2025-06-17 07:21:14,ACC-02317,PIX,App,15500.0,DF,DEV-02317-A,1,Servicos,MER-0864,1,Valor atipico,77,DF,2444.76,2828,325.63,Empresarial,1003.2618181818183,3248.2747499405427,241.8,4.46290394064835,1,1,7,Tuesday,2025-06,0,1,1,0,0,0,0,0,50,1,Critico,amount_zscore; high_value
TX-0019647,2025-06-13 19:11:14,ACC-00919,Transferencia,App,15500.0,BA,DEV-00919-A,1,Transporte,MER-0452,1,Valor atipico,23,BA,3140.7,3548,230.92,Alta renda,1044.9885,3409.6213021702897,226.52999999999997,4.2394771204647,1,1,19,Friday,2025-06,0,1,1,0,0,0,0,0,50,1,Critico,amount_zscore; high_value
TX-0000451,2025-06-13 18:23:03,ACC-01490,PIX,Internet Banking,15500.0,MG,DEV-01490-A,1,Transporte,MER-0398,1,Valor atipico,32,MG,1554.22,3011,104.24,Empresarial,755.3483333333334,3141.733248842756,81.9,4.693158361582033,1,1,18,Friday,2025-06,0,1,1,0,0,0,0,0,50,1,Critico,amount_zscore; high_value
TX-0003432,2025-12-03 11:35:41,ACC-02091,Cartao,E-commerce,15500.0,RS,DEV-02091-A,1,Restaurante,MER-0298,1,Valor atipico,41,RS,1360.32,2701,48.73,Varejo,1094.5246666666667,3985.461119940231,51.29,3.61450655264437,1,1,11,Wednesday,2025-12,0,1,1,0,0,0,0,0,50,1,Critico,amount_zscore; high_value
TX-0044638,2025-07-14 10:24:48,ACC-00781,PIX,Internet Banking,15500.0,SP,DEV-00781-A,1,Transporte,MER-0902,1,Valor atipico,64,SP,4660.47,1557,453.87,Digital,1412.6336842105263,3439.621707779005,514.83,4.095615016014599,1,1,10,Monday,2025-07,0,1,1,0,0,0,0,0,50,1,Critico,amount_zscore; high_value
TX-0011566,2025-03-06 10:00:17,ACC-00555,Saque,ATM,15500.0,SP,DEV-00555-A,1,Restaurante,MER-0215,1,Valor atipico,61,SP,2551.35,1845,194.64,Varejo,812.2304166666668,3130.891194074716,125.20500000000001,4.6912424204106085,1,1,10,Thursday,2025-03,0,1,1,0,0,0,0,0,50,1,Critico,amount_zscore; high_value
TX-0029863,2025-11-04 11:44:59,ACC-00335,Cartao,E-commerce,15500.0,SP,DEV-00335-A,1,Transporte,MER-0605,1,Valor atipico,67,SP,1699.66,4678,271.65,Digital,856.474074074074,2932.570165195422,233.63,4.993410251430456,1,1,11,Tuesday,2025-11,0,1,1,0,0,0,0,0,50,1,Critico,amount_zscore; high_value
TX-0023639,2025-11-05 12:50:05,ACC-01089,Boleto,Internet Banking,15500.0,SC,DEV-01089-A,1,Mercado,MER-0981,1,Valor atipico,58,SC,7101.85,3264,268.98,Empresarial,1281.1773333333333,3936.652594470272,240.66,3.611906899440283,1,1,12,Wednesday,2025-11,0,1,1,0,0,0,0,0,50,1,Critico,amount_zscore; high_value
TX-0023419,2025-11-05 10:19:34,ACC-01988,Cartao,E-commerce,15500.0,PR,NEW-6195444,0,Restaurante,MER-0344,1,Valor atipico,26,PR,5006.07,438,668.12,Varejo,1564.83,3323.411500301587,718.8299999999999,4.1930317683306555,1,1,10,Wednesday,2025-11,0,1,1,0,0,0,0,0,50,1,Critico,amount_zscore; high_value
TX-0005381,2025-11-05 07:16:53,ACC-01145,Cartao,E-commerce,15500.0,SP,DEV-01145-A,1,Servicos,MER-0712,1,Valor atipico,52,SP,2414.11,2476,385.21,Varejo,1201.326,3379.1603724148617,403.86,4.231428054354723,1,1,7,Wednesday,2025-11,0,1,1,0,0,0,0,0,50,1,Critico,amount_zscore; high_value
TX-0008791,2025-03-08 19:44:51,ACC-00105,PIX,App,15500.0,SP,DEV-00105-A,1,Viagem,MER-0877,1,Valor atipico,74,SP,9487.16,2860,592.84,Digital,1510.224375,3741.5531569353543,523.985,3.739028964233345,1,1,19,Saturday,2025-03,0,1,1,0,0,0,0,0,50,1,Critico,amount_zscore; high_value
TX-0040086,2025-10-02 19:43:48,ACC-00434,Transferencia,App,15500.0,MG,DEV-00434-A,1,Mercado,MER-0760,1,Valor atipico,34,MG,4900.87,1921,693.73,Digital,1318.1870000000001,2812.321873834734,658.14,5.042741775735089,1,1,19,Thursday,2025-10,0,1,1,0,0,0,0,0,50,1,Critico,amount_zscore; high_value
TX-0037367,2025-10-02 14:02:55,ACC-02430,Saque,ATM,15500.0,RS,DEV-02430-A,1,Restaurante,MER-0731,1,Valor atipico,43,RS,12210.0,3495,682.27,Digital,1690.6709999999998,3331.9429489475133,776.785,4.144527445874203,1,1,14,Thursday,2025-10,0,1,1,0,0,0,0,0,50,1,Critico,amount_zscore; high_value
TX-0042972,2025-03-14 10:33:05,ACC-02420,PIX,Internet Banking,15500.0,BA,DEV-02420-A,1,Mercado,MER-0584,1,Valor atipico,31,BA,2336.16,1107,293.23,Varejo,1338.4253333333334,3922.1157917977794,385.35,3.6106977505055835,1,1,10,Friday,2025-03,0,1,1,0,0,0,0,0,50,1,Critico,amount_zscore; high_value
TX-0020340,2025-03-13 06:05:34,ACC-00949,PIX,App,15500.0,SP,DEV-00949-A,1,Mercado,MER-1123,1,Valor atipico,39,SP,3532.61,887,433.4,Varejo,963.0,2975.0401234874125,297.96,4.886320653369671,1,1,6,Thursday,2025-03,0,1,1,0,0,0,0,0,50,1,Critico,amount_zscore; high_value
TX-0039323,2025-10-04 08:01:58,ACC-01444,PIX,Internet Banking,15500.0,SP,DEV-01444-A,1,Outros,MER-0746,1,Valor atipico,27,MG,2325.16,3861,125.32,Varejo,834.1686363636363,3277.237153121943,103.53999999999999,4.475059532895105,1,1,8,Saturday,2025-10,1,1,1,0,0,0,0,0,50,1,Critico,amount_zscore; high_value
TX-0013444,2025-10-04 06:16:16,ACC-01630,Cartao,Carteira digital,15500.0,RJ,DEV-01630-A,1,Mercado,MER-0686,1,Valor atipico,53,RJ,4428.34,1769,706.77,Varejo,1452.3951612903227,2685.0662152081973,801.56,5.231753600393218,1,1,6,Saturday,2025-10,0,1,1,0,0,0,0,0,50,1,Critico,amount_zscore; high_value
TX-0034696,2025-03-26 13:36:27,ACC-00498,Cartao,E-commerce,15500.0,SP,DEV-00498-A,1,Transporte,MER-0067,1,Valor atipico,43,SP,1862.69,2885,104.69,Varejo,857.0772727272728,3273.3280067295163,142.52,4.473405261302526,1,1,13,Wednesday,2025-03,0,1,1,0,0,0,0,0,50,1,Critico,amount_zscore; high_value
TX-0045000,2025-03-27 19:42:06,ACC-01509,Cartao,POS,15500.0,MG,DEV-01509-A,1,Eletronicos,MER-0375,1,Valor atipico,64,MG,1723.26,2598,68.42,Digital,961.54,3746.5584324150077,58.52,3.880483986106844,1,1,19,Thursday,2025-03,0,1,1,0,0,0,0,0,50,1,Critico,amount_zscore; high_value
TX-0006097,2025-06-22 09:47:36,ACC-01576,PIX,App,15500.0,SP,DEV-01576-A,1,Outros,MER-0705,1,Valor atipico,31,SP,2126.15,1144,114.83,Alta renda,1102.75375,3840.380198171139,145.63,3.748911698080372,1,1,9,Sunday,2025-06,0,1,1,0,0,0,0,0,50,1,Critico,amount_zscore; high_value
TX-0030058,2025-06-21 16:14:04,ACC-00614,PIX,Internet Banking,25946.21,SP,DEV-00614-A,1,Outros,MER-0855,1,Valor atipico,52,SP,17618.38,3842,1850.23,Varejo,3618.998421052632,5537.67764081585,2443.57,4.03187275011876,1,1,16,Saturday,2025-06,0,1,1,0,0,0,0,0,50,1,Critico,amount_zscore; high_value
TX-0002200,2025-06-20 15:00:25,ACC-02144,Boleto,App,15500.0,SP,DEV-02144-A,1,Servicos,MER-1066,1,Valor atipico,56,SP,2774.2,1039,269.85,Alta renda,947.4939130434783,3177.7395918207176,248.29,4.579514987450095,1,1,15,Friday,2025-06,0,1,1,0,0,0,0,0,50,1,Critico,amount_zscore; high_value
TX-0044503,2025-06-23 07:06:00,ACC-01264,PIX,App,15500.0,MG,DEV-01264-A,1,Servicos,MER-0219,1,Valor atipico,70,MG,5767.7,4217,568.6,Digital,1253.99,3058.7420904721744,526.6,4.657473424900908,1,1,7,Monday,2025-06,0,1,1,0,0,0,0,0,50,1,Critico,amount_zscore; high_value
TX-0024876,2025-10-16 08:30:51,ACC-01791,Cartao,POS,15500.0,SP,DEV-01791-A,1,Viagem,MER-0355,1,Valor atipico,65,SP,2290.6,467,84.65,Varejo,712.9259999999999,3081.4043845745073,67.75,4.798809943292094,1,1,8,Thursday,2025-10,0,1,1,0,0,0,0,0,50,1,Critico,amount_zscore; high_value
TX-0034062,2025-03-08 21:27:59,ACC-01426,Cartao,POS,15500.0,RS,DEV-01426-A,1,Viagem,MER-0439,1,Valor atipico,65,RS,5008.06,3256,196.89,Digital,885.3799999999999,3189.9782607010748,150.19,4.581416801501364,1,1,21,Saturday,2025-03,0,1,1,0,0,0,0,0,50,1,Critico,amount_zscore; high_value
TX-0029053,2025-11-23 21:31:36,ACC-00720,Cartao,E-commerce,15500.0,BA,DEV-00720-A,1,Mercado,MER-0243,1,Valor atipico,31,BA,1701.59,4594,184.34,Varejo,799.4758333333333,3132.591101444849,139.64999999999998,4.692768283701733,1,1,21,Sunday,2025-11,0,1,1,0,0,0,0,0,50,1,Critico,amount_zscore; high_value
TX-0009421,2025-11-22 21:21:36,ACC-01169,Saque,ATM,15500.0,RJ,DEV-01169-A,1,Viagem,MER-0395,1,Valor atipico,68,RJ,981.56,3056,71.64,Alta renda,762.8539130434782,3212.9977766604356,79.78,4.586727757488271,1,1,21,Saturday,2025-11,0,1,1,0,0,0,0,0,50,1,Critico,amount_zscore; high_value
TX-0022625,2025-11-24 18:53:32,ACC-01673,PIX,App,15500.0,SP,NEW-3424061,0,Restaurante,MER-0278,1,Valor atipico,52,SP,9382.42,4397,721.81,Digital,1690.5163157894738,3405.983075331817,720.08,4.05447806955564,1,1,18,Monday,2025-11,0,1,1,0,0,0,0,0,50,1,Critico,amount_zscore; high_value
TX-0027756,2025-03-24 17:06:41,ACC-01972,Cartao,E-commerce,15500.0,SP,DEV-01972-A,1,Outros,MER-1119,1,Valor atipico,46,SP,3520.31,4988,508.1,Alta renda,1561.1726666666666,3867.727511260819,465.79,3.603880390423236,1,1,17,Monday,2025-03,0,1,1,0,0,0,0,0,50,1,Critico,amount_zscore; high_value
TX-0049843,2025-03-24 11:43:28,ACC-01001,PIX,Internet Banking,15500.0,SP,DEV-01001-A,1,Viagem,MER-0697,1,Valor atipico,49,SP,4955.95,2994,619.59,Empresarial,1773.485625,3690.272763895136,826.77,3.719647639409578,1,1,11,Monday,2025-03,0,1,1,0,0,0,0,0,50,1,Critico,amount_zscore; high_value
TX-0018477,2025-10-15 10:04:30,ACC-00051,PIX,App,15500.0,RJ,NEW-6903147,0,Servicos,MER-0758,1,Valor atipico,32,RJ,10959.57,1995,865.3,Varejo,1917.9070588235293,3594.931936215491,777.52,3.7781224184941893,1,1,10,Wednesday,2025-10,0,1,1,0,0,0,0,0,50,1,Critico,amount_zscore; high_value
TX-0007221,2025-09-17 00:57:57,ACC-00535,Cartao,POS,1397.59,RJ,DEV-00535-A,1,Servicos,MER-0520,0,Normal,26,RJ,1886.75,4282,189.91,Alta renda,257.7436,309.0378929689151,145.21,3.688370992468074,1,1,0,Wednesday,2025-09,0,1,0,0,1,0,0,0,50,1,Critico,amount_zscore; unusual_hour
TX-0036502,2025-09-16 19:43:34,ACC-02400,Boleto,App,15500.0,PR,DEV-02400-A,1,Restaurante,MER-0482,1,Valor atipico,47,PR,2777.29,4144,245.5,Alta renda,929.5123076923077,2984.5981130735945,234.54500000000002,4.8818926838034935,1,1,19,Tuesday,2025-09,0,1,1,0,0,0,0,0,50,1,Critico,amount_zscore; high_value
TX-0011232,2025-08-24 19:51:17,ACC-02445,Transferencia,App,15500.0,SC,DEV-02445-A,1,Transporte,MER-0134,1,Valor atipico,33,SC,3328.28,2357,433.16,Alta renda,1146.1354999999999,3391.430778926072,343.59000000000003,4.232392000801881,1,1,19,Sunday,2025-08,0,1,1,0,0,0,0,0,50,1,Critico,amount_zscore; high_value
TX-0045831,2025-09-18 23:26:40,ACC-00489,PIX,App,15500.0,SC,DEV-00489-A,1,Eletronicos,MER-0648,1,Valor atipico,43,SC,2361.87,2172,234.52,Varejo,1248.9945,3462.654937328437,229.535,4.115629699734148,1,1,23,Thursday,2025-09,0,1,1,0,0,0,0,0,50,1,Critico,amount_zscore; high_value
TX-0004968,2025-09-20 10:57:20,ACC-02241,Saque,ATM,15500.0,PR,DEV-02241-A,1,Transporte,MER-0708,1,Valor atipico,20,PR,9302.55,4993,869.94,Digital,1910.9929166666668,3041.980047128171,1149.135,4.467158519386821,1,1,10,Saturday,2025-09,0,1,1,0,0,0,0,0,50,1,Critico,amount_zscore; high_value
TX-0015993,2025-08-15 12:58:55,ACC-02358,Cartao,E-commerce,15500.0,SP,DEV-02358-A,1,Servicos,MER-0410,1,Valor atipico,32,SP,2605.04,799,160.89,Digital,972.3415789473685,3519.3196501237803,148.58,4.127973547541119,1,1,12,Friday,2025-08,0,1,1,0,0,0,0,0,50,1,Critico,amount_zscore; high_value
TX-0040357,2025-08-17 09:28:54,ACC-01448,Cartao,E-commerce,15500.0,PE,DEV-01448-A,1,Outros,MER-1160,1,Valor atipico,60,PE,5415.96,4713,639.06,Varejo,1262.9291304347826,3141.1788335098213,486.63,4.532397429170663,1,1,9,Sunday,2025-08,0,1,1,0,0,0,0,0,50,1,Critico,amount_zscore; high_value
TX-0011039,2025-09-22 12:54:47,ACC-00059,Cartao,E-commerce,15500.0,MG,DEV-00059-A,1,Viagem,MER-0234,1,Valor atipico,67,MG,8841.84,393,828.67,Varejo,1495.8608000000002,3014.329247743075,778.87,4.6458558601338416,1,1,12,Monday,2025-09,0,1,1,0,0,0,0,0,50,1,Critico,amount_zscore; high_value
TX-0014668,2025-09-21 15:16:24,ACC-01871,Cartao,POS,15500.0,PR,DEV-01871-A,1,Outros,MER-0572,1,Valor atipico,52,PR,1508.08,3961,129.01,Alta renda,694.0013793103449,2851.125521751672,127.94,5.19303640184637,1,1,15,Sunday,2025-09,0,1,1,0,0,0,0,0,50,1,Critico,amount_zscore; high_value
TX-0041906,2025-09-21 14:23:59,ACC-01502,PIX,Internet Banking,15500.0,GO,DEV-01502-A,1,Restaurante,MER-0845,1,Valor atipico,39,GO,4736.25,474,545.63,Digital,1304.5765000000001,3368.2701013745054,408.75,4.21445521670225,1,1,14,Sunday,2025-09,0,1,1,0,0,0,0,0,50,1,Critico,amount_zscore; high_value
TX-0004664,2025-08-29 17:54:25,ACC-01294,Cartao,Carteira digital,15500.0,SP,DEV-01294-A,1,Transporte,MER-0732,1,Valor atipico,27,SP,2277.31,2366,328.55,Varejo,1473.221724137931,3902.7617844382867,327.05,3.594064677939574,1,2,17,Friday,2025-08,0,1,1,0,0,0,0,0,50,1,Critico,amount_zscore; high_value
TX-0001407,2025-07-30 10:30:51,ACC-01101,Cartao,POS,15500.0,SP,DEV-01101-A,1,Mercado,MER-0807,1,Valor atipico,23,SP,5932.12,2180,595.06,Empresarial,1480.8955555555556,3011.5966943049852,490.5,4.655040454438992,1,1,10,Wednesday,2025-07,0,1,1,0,0,0,0,0,50,1,Critico,amount_zscore; high_value
TX-0017387,2025-01-20 13:03:00,ACC-00276,Transferencia,Internet Banking,116.72,SP,DEV-00276-A,0,Servicos,MER-0141,1,Alta velocidade,37,MG,2771.79,2121,230.92,Empresarial,894.3471428571429,2876.825179314809,260.92,-0.2703074029136366,4,4,13,Monday,2025-01,1,0,0,1,0,1,0,0,50,1,Critico,velocity_1h; new_device_location
TX-0002155,2025-01-18 10:23:55,ACC-01336,PIX,Internet Banking,15500.0,GO,NEW-0830947,0,Eletronicos,MER-0532,1,Valor atipico,55,GO,1513.17,4349,218.71,Varejo,910.5320833333334,3113.5555630137283,228.74,4.68579012688149,1,1,10,Saturday,2025-01,0,1,1,0,0,0,0,0,50,1,Critico,amount_zscore; high_value
TX-0005910,2025-09-01 22:00:08,ACC-00095,Cartao,Carteira digital,15500.0,SP,DEV-00095-A,1,Viagem,MER-0328,1,Valor atipico,74,SP,4130.77,4418,458.24,Varejo,1159.091739130435,3138.5145489918,463.45,4.5693298651352,1,1,22,Monday,2025-09,0,1,1,0,0,0,0,0,50,1,Critico,amount_zscore; high_value
TX-0007145,2025-09-04 10:09:58,ACC-01294,Cartao,Carteira digital,15500.0,SP,DEV-01294-A,1,Servicos,MER-0972,1,Valor atipico,27,SP,2277.31,2366,328.55,Varejo,1473.221724137931,3902.7617844382867,327.05,3.594064677939574,1,1,10,Thursday,2025-09,0,1,1,0,0,0,0,0,50,1,Critico,amount_zscore; high_value
TX-0002992,2025-08-31 20:47:59,ACC-00759,Transferencia,Internet Banking,15500.0,PR,DEV-00759-A,1,Eletronicos,MER-0298,1,Valor atipico,25,PR,9499.01,1639,683.75,Digital,1628.5105555555556,3479.2488120932967,831.95,3.986920796302187,1,1,20,Sunday,2025-08,0,1,1,0,0,0,0,0,50,1,Critico,amount_zscore; high_value
TX-0025918,2025-01-23 19:29:30,ACC-02458,Boleto,Internet Banking,15500.0,SP,DEV-02458-A,1,Outros,MER-1099,1,Valor atipico,46,SP,4410.87,3312,212.74,Digital,915.6786363636364,3262.881180464803,169.595,4.46976783921957,1,1,19,Thursday,2025-01,0,1,1,0,0,0,0,0,50,1,Critico,amount_zscore; high_value
TX-0045723,2025-10-31 14:46:00,ACC-01993,PIX,Internet Banking,15500.0,BA,DEV-01993-A,1,Outros,MER-0034,1,Valor atipico,58,BA,2745.38,1702,109.54,Digital,619.7409677419355,2763.4568717789616,101.3,5.384653976046665,1,1,14,Friday,2025-10,0,1,1,0,0,0,0,0,50,1,Critico,amount_zscore; high_value
TX-0045761,2025-01-18 09:31:23,ACC-01838,Cartao,Carteira digital,15500.0,SP,DEV-01838-A,1,Transporte,MER-0973,1,Valor atipico,41,SP,4991.89,1788,139.67,Varejo,1211.575625,3821.547433468923,169.32,3.738910643856645,1,1,9,Saturday,2025-01,0,1,1,0,0,0,0,0,50,1,Critico,amount_zscore; high_value
TX-0045307,2025-01-18 08:18:13,ACC-02242,PIX,Internet Banking,15500.0,MG,DEV-02242-A,1,Outros,MER-0742,1,Valor atipico,44,MG,6050.72,4126,933.91,Varejo,2237.526956521739,3232.304488172254,1177.96,4.103101391594976,1,1,8,Saturday,2025-01,0,1,1,0,0,0,0,0,50,1,Critico,amount_zscore; high_value
TX-0018597,2025-01-17 18:31:22,ACC-00343,PIX,Internet Banking,15500.0,RS,DEV-00343-A,1,Transporte,MER-0120,1,Valor atipico,74,PE,5110.47,4241,623.86,Empresarial,1226.2729166666666,3096.749780972301,408.09000000000003,4.609260706511375,1,1,18,Friday,2025-01,1,1,1,0,0,0,0,0,50,1,Critico,amount_zscore; high_value
TX-0017129,2025-01-17 14:31:20,ACC-00565,Cartao,POS,24130.63,GO,DEV-00565-A,1,Servicos,MER-0020,1,Valor atipico,75,GO,20357.67,3759,2461.82,Digital,3916.1425000000004,4863.105192593953,2745.7349999999997,4.156703731349415,1,1,14,Friday,2025-01,0,1,1,0,0,0,0,0,50,1,Critico,amount_zscore; high_value
TX-0029106,2025-08-29 15:41:14,ACC-00592,Saque,ATM,15500.0,GO,DEV-00592-A,1,Mercado,MER-0278,1,Valor atipico,65,GO,7899.56,3301,758.44,Varejo,1451.0795833333334,3026.177093140394,797.37,4.642464728357155,1,3,15,Friday,2025-08,0,1,1,0,0,0,0,0,50,1,Critico,amount_zscore; high_value
TX-0022805,2025-11-09 08:23:52,ACC-02352,Boleto,Internet Banking,21350.9,SP,NEW-2468666,0,Mercado,MER-0540,1,Valor atipico,55,SP,9691.89,1884,1194.06,Digital,2499.0547368421053,4689.505404738411,1054.59,4.020007151310551,1,1,8,Sunday,2025-11,0,1,1,0,0,0,0,0,50,1,Critico,amount_zscore; high_value
TX-0033216,2025-11-08 20:44:50,ACC-00770,PIX,App,20196.38,MG,DEV-00770-A,1,Transporte,MER-0688,1,Valor atipico,37,MG,10433.0,1062,1230.63,Varejo,2351.677727272727,4203.200011555745,1064.1,4.245503955002691,1,1,20,Saturday,2025-11,0,1,1,0,0,0,0,0,50,1,Critico,amount_zscore; high_value
TX-0040506,2025-11-08 13:13:32,ACC-00168,Cartao,E-commerce,15500.0,RS,DEV-00168-A,1,Outros,MER-1038,1,Valor atipico,22,RS,6204.52,4954,203.48,Empresarial,1195.76,3957.8792708631945,165.16,3.6141173141141096,1,1,13,Saturday,2025-11,0,1,1,0,0,0,0,0,50,1,Critico,amount_zscore; high_value
TX-0015844,2025-11-08 12:54:19,ACC-01942,PIX,App,15500.0,SP,NEW-0070563,0,Outros,MER-0418,1,Valor atipico,69,SP,1604.27,169,186.63,Digital,1125.08,3705.603097413767,209.37,3.879238985425238,2,2,12,Saturday,2025-11,0,1,1,0,0,0,0,0,50,1,Critico,amount_zscore; high_value
TX-0028181,2025-05-29 12:07:43,ACC-00959,Boleto,App,15500.0,DF,NEW-1700418,0,Servicos,MER-0912,1,Valor atipico,31,DF,4441.19,138,297.68,Varejo,916.3257692307693,2996.355981226761,216.26,4.867136722786329,1,1,12,Thursday,2025-05,0,1,1,0,0,0,0,0,50,1,Critico,amount_zscore; high_value
TX-0026723,2025-05-28 20:35:56,ACC-02249,Cartao,POS,15500.0,SP,DEV-02249-A,1,Mercado,MER-0386,1,Valor atipico,23,SP,3660.98,4293,479.2,Empresarial,1116.3728571428571,2850.629174527197,493.0,5.0457727968923916,1,1,20,Wednesday,2025-05,0,1,1,0,0,0,0,0,50,1,Critico,amount_zscore; high_value
TX-0034417,2025-04-22 08:52:50,ACC-01829,Cartao,E-commerce,15500.0,SP,DEV-01829-A,1,Outros,MER-0818,1,Valor atipico,18,SP,2131.4,4670,323.79,Digital,1096.825,3079.8707955508385,433.02,4.676551698469537,1,1,8,Tuesday,2025-04,0,1,1,0,0,0,0,0,50,1,Critico,amount_zscore; high_value
TX-0040460,2025-04-23 13:22:11,ACC-00847,Cartao,E-commerce,15500.0,SP,DEV-00847-A,1,Servicos,MER-0876,1,Valor atipico,49,SP,11781.28,4313,439.13,Alta renda,1119.8529999999998,3392.334575105127,330.03499999999997,4.239012008287646,1,1,13,Wednesday,2025-04,0,1,1,0,0,0,0,0,50,1,Critico,amount_zscore; high_value
TX-0012664,2025-02-05 15:11:40,ACC-01193,PIX,App,15500.0,RJ,DEV-01193-A,1,Viagem,MER-0282,1,Valor atipico,65,RJ,13483.5,51,440.27,Empresarial,1541.42,3512.2812407055,553.33,3.9742204690864074,1,1,15,Wednesday,2025-02,0,1,1,0,0,0,0,0,50,1,Critico,amount_zscore; high_value
TX-0017317,2025-08-28 13:24:46,ACC-01911,Cartao,POS,15500.0,PE,DEV-01911-A,1,Mercado,MER-0123,1,Valor atipico,71,PE,1958.11,2181,217.52,Varejo,1169.0323529411764,3701.297323055339,209.95,3.8718769113173885,1,2,13,Thursday,2025-08,0,1,1,0,0,0,0,0,50,1,Critico,amount_zscore; high_value
TX-0031891,2025-05-19 12:37:51,ACC-02219,PIX,App,15500.0,SP,DEV-02219-A,1,Outros,MER-0265,1,Valor atipico,19,SP,2826.09,1418,269.17,Varejo,1251.632,3943.5707385153223,183.91,3.613062613747924,1,1,12,Monday,2025-05,0,1,1,0,0,0,0,0,50,1,Critico,amount_zscore; high_value
TX-0042222,2025-01-24 08:12:16,ACC-01399,PIX,Internet Banking,15500.0,SP,DEV-01399-A,1,Servicos,MER-0535,1,Valor atipico,73,SP,1572.99,2930,170.43,Varejo,901.695,3263.7672237020683,177.965,4.472838900392303,1,1,8,Friday,2025-01,0,1,1,0,0,0,0,0,50,1,Critico,amount_zscore; high_value
TX-0010810,2025-05-20 17:38:43,ACC-01989,Saque,ATM,15500.0,GO,DEV-01989-A,1,Outros,MER-0159,1,Valor atipico,27,GO,2446.83,3336,330.76,Alta renda,1423.9593333333332,3901.0940151494992,352.83,3.6082290280633598,1,1,17,Tuesday,2025-05,0,1,1,0,0,0,0,0,50,1,Critico,amount_zscore; high_value
TX-0042470,2025-04-27 06:06:12,ACC-02262,PIX,App,15500.0,MG,DEV-02262-A,1,Restaurante,MER-0367,1,Valor atipico,62,MG,4278.52,782,130.49,Digital,825.4613636363637,3279.9116079746145,93.455,4.474065276846087,1,1,6,Sunday,2025-04,0,1,1,0,0,0,0,0,50,1,Critico,amount_zscore; high_value
TX-0043475,2025-08-25 20:24:34,ACC-01527,Boleto,App,15500.0,PR,DEV-01527-A,1,Mercado,MER-0708,1,Valor atipico,55,PR,4926.17,1533,369.2,Empresarial,1058.3795454545455,3234.578832970343,335.58000000000004,4.464760700014717,1,1,20,Monday,2025-08,0,1,1,0,0,0,0,0,50,1,Critico,amount_zscore; high_value
TX-0041627,2025-08-25 08:04:00,ACC-01611,Cartao,E-commerce,176.06,SP,DEV-01611-A,0,Viagem,MER-0078,1,Alta velocidade,36,RJ,5333.6,4518,149.07,Digital,167.21363636363637,87.15232846904182,178.45499999999998,0.10150461601844674,5,5,8,Monday,2025-08,1,0,0,1,0,1,0,0,50,1,Critico,velocity_1h; new_device_location
TX-0045510,2025-09-17 18:06:00,ACC-01535,Cartao,Carteira digital,15500.0,SP,DEV-01535-A,1,Transporte,MER-0842,1,Valor atipico,29,SP,2389.84,4621,72.33,Varejo,776.9186363636363,3288.7869115197727,64.22,4.476751385766346,1,1,18,Wednesday,2025-09,0,1,1,0,0,0,0,0,50,1,Critico,amount_zscore; high_value
TX-0047019,2025-09-17 11:32:55,ACC-02227,Boleto,Internet Banking,15500.0,RJ,DEV-02227-A,1,Outros,MER-0224,1,Valor atipico,68,RJ,8088.33,4007,1115.95,Varejo,1974.551111111111,3509.260198340601,994.52,3.85421659393754,1,1,11,Wednesday,2025-09,0,1,1,0,0,0,0,0,50,1,Critico,amount_zscore; high_value
TX-0049445,2025-01-28 18:36:59,ACC-02486,Cartao,E-commerce,15500.0,SP,DEV-02486-A,1,Transporte,MER-0095,1,Valor atipico,72,SP,3579.62,4026,156.89,Varejo,881.5752173913044,3190.6851782676704,168.36,4.5815942237665475,1,1,18,Tuesday,2025-01,0,1,1,0,0,0,0,0,50,1,Critico,amount_zscore; high_value
TX-0005011,2025-02-05 18:18:07,ACC-00271,Cartao,Carteira digital,15500.0,SP,DEV-00271-A,1,Outros,MER-0125,1,Valor atipico,55,SP,5992.75,1471,646.67,Digital,1251.8156,2995.230461987413,602.95,4.756957630080311,1,1,18,Wednesday,2025-02,0,1,1,0,0,0,0,0,50,1,Critico,amount_zscore; high_value
TX-0034504,2025-09-21 13:54:35,ACC-00217,Boleto,Internet Banking,15500.0,SP,DEV-00217-A,1,Viagem,MER-0485,1,Valor atipico,57,SP,2490.45,1375,278.06,Empresarial,979.4120833333333,3099.7403486855774,290.06,4.684452980980816,1,1,13,Sunday,2025-09,0,1,1,0,0,0,0,0,50,1,Critico,amount_zscore; high_value
TX-0016449,2025-08-15 08:17:43,ACC-01763,PIX,Internet Banking,15500.0,MG,DEV-01763-A,1,Transporte,MER-0992,1,Valor atipico,57,MG,944.85,823,85.07,Varejo,964.62,3628.157780298588,101.91499999999999,4.006270090823827,1,1,8,Friday,2025-08,0,1,1,0,0,0,0,0,50,1,Critico,amount_zscore; high_value
TX-0003937,2025-01-26 13:08:43,ACC-01579,Cartao,E-commerce,15500.0,RS,DEV-01579-A,1,Servicos,MER-0242,1,Valor atipico,69,RS,1349.84,2157,66.02,Varejo,741.0482608695653,3217.5335046368164,60.2,4.58703902161739,1,1,13,Sunday,2025-01,0,1,1,0,0,0,0,0,50,1,Critico,amount_zscore; high_value
TX-0014518,2025-01-24 14:44:56,ACC-02075,PIX,App,15500.0,BA,DEV-02075-A,1,Outros,MER-0737,1,Valor atipico,54,BA,5876.79,4879,669.23,Digital,1327.058125,2654.5310815312987,741.635,5.339150847999928,1,1,14,Friday,2025-01,0,1,1,0,0,0,0,0,50,1,Critico,amount_zscore; high_value
TX-0045159,2025-05-19 03:58:47,ACC-01900,Transferencia,App,1059.06,RS,DEV-01900-A,1,Transporte,MER-0286,0,Normal,64,RS,5858.93,2307,191.88,Alta renda,256.18896551724134,216.37524852415913,204.56,3.7105493348196665,1,1,3,Monday,2025-05,0,1,0,0,1,0,0,0,50,1,Critico,amount_zscore; unusual_hour
TX-0019554,2025-12-19 13:52:51,ACC-00370,Cartao,POS,15500.0,SC,NEW-7240656,0,Servicos,MER-1188,1,Valor atipico,60,SC,2316.52,2760,369.57,Varejo,1017.3529166666667,3095.9210081506462,270.545,4.6779769397232025,1,2,13,Friday,2025-12,0,1,1,0,0,0,0,0,50,1,Critico,amount_zscore; high_value
TX-0016319,2025-12-19 12:42:45,ACC-01534,Boleto,App,15500.0,BA,DEV-01534-A,1,Servicos,MER-0777,1,Valor atipico,25,BA,1922.4,3139,270.09,Varejo,1049.7113636363638,3241.9077216712053,293.28499999999997,4.45734113274344,1,1,12,Friday,2025-12,0,1,1,0,0,0,0,0,50,1,Critico,amount_zscore; high_value
TX-0021115,2025-01-04 05:52:23,ACC-01320,Cartao,E-commerce,15500.0,BA,DEV-01320-A,1,Restaurante,MER-0948,1,Valor atipico,28,BA,3283.15,2633,433.34,Empresarial,1199.944761904762,3287.985322054554,482.0,4.349184633573608,1,2,5,Saturday,2025-01,0,1,1,0,0,0,0,0,50,1,Critico,amount_zscore; high_value
TX-0024354,2025-05-07 07:09:51,ACC-01423,PIX,App,21034.65,RJ,DEV-01423-A,1,Outros,MER-0274,1,Valor atipico,40,RJ,14264.5,3659,1414.79,Varejo,2121.6579166666666,4098.437663644823,1105.8,4.614683358759111,1,1,7,Wednesday,2025-05,0,1,1,0,0,0,0,0,50,1,Critico,amount_zscore; high_value
TX-0018301,2025-05-03 15:32:48,ACC-01146,Boleto,App,15500.0,PR,DEV-01146-A,1,Outros,MER-1103,1,Valor atipico,75,PR,2214.12,331,95.74,Varejo,737.6532000000001,3077.2900233859987,105.72,4.797190608559124,1,1,15,Saturday,2025-05,0,1,1,0,0,0,0,0,50,1,Critico,amount_zscore; high_value
TX-0041599,2025-01-21 11:38:54,ACC-00460,Cartao,POS,15500.0,GO,DEV-00460-A,1,Transporte,MER-0941,1,Valor atipico,39,GO,2603.74,4597,346.32,Digital,1039.1913636363636,3239.995399391642,275.75,4.463218879594357,1,1,11,Tuesday,2025-01,0,1,1,0,0,0,0,0,50,1,Critico,amount_zscore; high_value
TX-0023190,2025-01-03 13:05:24,ACC-00488,PIX,App,25366.32,BA,NEW-9577527,0,Mercado,MER-0631,1,Valor atipico,57,BA,10056.14,291,1420.74,Varejo,3338.8626315789475,5593.43046288515,1548.21,3.938094433207463,1,1,13,Friday,2025-01,0,1,1,0,0,0,0,0,50,1,Critico,amount_zscore; high_value
TX-0035952,2025-01-02 19:23:41,ACC-00709,PIX,App,15500.0,RJ,DEV-00709-A,1,Servicos,MER-0913,1,Valor atipico,50,RJ,16186.26,3435,806.97,Varejo,1773.5557142857142,3897.987323064757,694.29,3.521418400848465,1,1,19,Thursday,2025-01,0,1,1,0,0,0,0,0,50,1,Critico,amount_zscore; high_value
TX-0040004,2025-01-02 14:52:21,ACC-01850,Cartao,Carteira digital,15500.0,DF,DEV-01850-A,1,Eletronicos,MER-0545,1,Valor atipico,29,DF,3156.11,1645,484.82,Digital,1039.0857692307693,2966.50206181108,383.735,4.874735944710821,1,1,14,Thursday,2025-01,0,1,1,0,0,0,0,0,50,1,Critico,amount_zscore; high_value
TX-0043196,2025-01-14 16:15:57,ACC-02298,PIX,Internet Banking,15500.0,SP,DEV-02298-A,1,Servicos,MER-0546,1,Valor atipico,76,SP,9627.35,3645,502.11,Digital,1711.72,3875.255349284372,609.46,3.5580313443206335,1,1,16,Tuesday,2025-01,0,1,1,0,0,0,0,0,50,1,Critico,amount_zscore; high_value
TX-0023213,2025-01-19 16:33:44,ACC-01887,Boleto,Internet Banking,15500.0,MG,DEV-01887-A,1,Servicos,MER-0492,1,Valor atipico,38,MG,5143.53,3033,403.08,Empresarial,1168.5038095238094,3302.033747643225,341.34,4.3402028221865,1,1,16,Sunday,2025-01,0,1,1,0,0,0,0,0,50,1,Critico,amount_zscore; high_value
TX-0014551,2025-01-17 12:27:04,ACC-01928,PIX,App,15500.0,SP,DEV-01928-A,1,Mercado,MER-1119,1,Valor atipico,21,SP,1889.53,1994,197.68,Digital,989.115,3419.330904941707,189.695,4.243779091116478,1,1,12,Friday,2025-01,0,1,1,0,0,0,0,0,50,1,Critico,amount_zscore; high_value
TX-0042628,2025-12-23 17:50:11,ACC-00435,Transferencia,App,15500.0,MG,DEV-00435-A,1,Mercado,MER-1198,1,Valor atipico,66,MG,8266.46,1056,318.02,Digital,1170.615,3398.87708392748,330.94,4.21591738864592,1,1,17,Tuesday,2025-12,0,1,1,0,0,0,0,0,50,1,Critico,amount_zscore; high_value
TX-0027816,2025-09-06 19:46:18,ACC-00502,Cartao,E-commerce,15500.0,SP,DEV-00502-A,1,Outros,MER-0271,1,Valor atipico,29,SP,6057.07,3083,474.12,Varejo,1200.883043478261,3130.5949932842923,542.93,4.567539712800921,1,1,19,Saturday,2025-09,0,1,1,0,0,0,0,0,50,1,Critico,amount_zscore; high_value
TX-0010148,2025-09-07 22:43:10,ACC-01711,Cartao,E-commerce,15500.0,PE,DEV-01711-A,1,Outros,MER-0440,1,Valor atipico,23,PE,10750.53,3586,1099.17,Alta renda,2236.895263157895,3324.955254194105,1588.12,3.988957361189147,1,1,22,Sunday,2025-09,0,1,1,0,0,0,0,0,50,1,Critico,amount_zscore; high_value
TX-0023573,2025-09-07 22:09:27,ACC-00292,Transferencia,App,15500.0,RJ,DEV-00292-A,1,Servicos,MER-0973,1,Valor atipico,77,RJ,2099.96,4898,318.73,Digital,1178.703157894737,3484.47654448835,288.1,4.110028194839853,1,1,22,Sunday,2025-09,0,1,1,0,0,0,0,0,50,1,Critico,amount_zscore; high_value
TX-0037001,2025-09-05 18:06:28,ACC-01283,PIX,App,15500.0,RJ,DEV-01283-A,1,Eletronicos,MER-0865,1,Valor atipico,74,RJ,3271.21,738,339.93,Empresarial,1102.3076190476193,3303.0828532023,359.62,4.358865042393347,1,2,18,Friday,2025-09,0,1,1,0,0,0,0,0,50,1,Critico,amount_zscore; high_value
TX-0000378,2025-01-21 12:53:07,ACC-00639,Cartao,E-commerce,15500.0,SP,NEW-5230604,0,Servicos,MER-0616,1,Valor atipico,54,SP,6206.94,572,465.46,Varejo,1320.4427777777778,3547.007216289456,453.655,3.9976116082040383,1,1,12,Tuesday,2025-01,0,1,1,0,0,0,0,0,50,1,Critico,amount_zscore; high_value
TX-0043160,2025-01-21 11:55:43,ACC-00377,Cartao,E-commerce,15500.0,PR,DEV-00377-A,1,Servicos,MER-0733,1,Valor atipico,65,PR,3307.49,2690,355.87,Empresarial,1163.1657142857143,3304.3549354322877,343.58,4.33876946207617,1,1,11,Tuesday,2025-01,0,1,1,0,0,0,0,0,50,1,Critico,amount_zscore; high_value
TX-0008115,2025-01-08 14:51:03,ACC-02354,Cartao,POS,15500.0,RJ,DEV-02354-A,1,Eletronicos,MER-0177,1,Valor atipico,52,RJ,5047.46,4172,431.19,Varejo,984.4541379310344,2808.268677316427,388.62,5.168859368520244,1,1,14,Wednesday,2025-01,0,1,1,0,0,0,0,0,50,1,Critico,amount_zscore; high_value
TX-0025111,2025-09-05 12:17:55,ACC-02160,Cartao,POS,15500.0,RJ,DEV-02160-A,1,Mercado,MER-0113,1,Valor atipico,70,RJ,5831.76,1231,307.86,Varejo,1282.056,3935.503825220567,252.81,3.612737944474784,1,1,12,Friday,2025-09,0,1,1,0,0,0,0,0,50,1,Critico,amount_zscore; high_value
TX-0038457,2025-11-02 14:48:42,ACC-01408,Cartao,Carteira digital,15500.0,SP,NEW-9647946,0,Servicos,MER-0900,1,Valor atipico,73,SP,1338.63,1646,205.97,Alta renda,1014.7678947368421,3510.739232718784,227.01,4.125977791305655,1,1,14,Sunday,2025-11,0,1,1,0,0,0,0,0,50,1,Critico,amount_zscore; high_value
TX-0011205,2025-01-25 19:56:28,ACC-00235,Boleto,App,25787.66,RJ,DEV-00235-A,1,Outros,MER-0841,1,Valor atipico,25,RJ,14787.06,650,1809.7,Empresarial,3331.43,5600.9847656004995,2052.86,4.0093360256787625,1,1,19,Saturday,2025-01,0,1,1,0,0,0,0,0,50,1,Critico,amount_zscore; high_value
TX-0037741,2025-03-16 08:37:27,ACC-02131,PIX,Internet Banking,15500.0,MG,DEV-02131-A,1,Viagem,MER-1114,1,Valor atipico,23,MG,7508.78,3008,970.8,Varejo,2015.9283333333333,3479.8430211724985,1087.525,3.8749080302258414,1,1,8,Sunday,2025-03,0,1,1,0,0,0,0,0,50,1,Critico,amount_zscore; high_value
TX-0002001,2025-12-19 15:27:03,ACC-02309,Transferencia,Internet Banking,15500.0,SP,DEV-02309-A,1,Restaurante,MER-0931,1,Valor atipico,70,SP,3591.44,2063,165.17,Digital,1009.9331578947368,3513.4217308061075,164.14,4.124203682995014,1,1,15,Friday,2025-12,0,1,1,0,0,0,0,0,50,1,Critico,amount_zscore; high_value
TX-0015462,2025-01-17 10:57:55,ACC-00423,PIX,App,15500.0,PE,DEV-00423-A,1,Transporte,MER-0286,1,Valor atipico,29,PE,7241.94,3899,905.36,Digital,1679.2016666666668,2741.241714516885,949.125,5.041802136652915,1,1,10,Friday,2025-01,0,1,1,0,0,0,0,0,50,1,Critico,amount_zscore; high_value
TX-0042747,2025-08-29 23:04:48,ACC-00133,PIX,Internet Banking,15500.0,PR,DEV-00133-A,1,Eletronicos,MER-0177,1,Valor atipico,40,PR,6516.07,3196,589.05,Varejo,1396.8436363636365,3194.9950590028798,629.02,4.41414027351823,1,1,23,Friday,2025-08,0,1,1,0,0,0,0,0,50,1,Critico,amount_zscore; high_value
TX-0045651,2025-10-30 15:13:35,ACC-00640,Cartao,POS,15500.0,MG,DEV-00640-A,1,Outros,MER-0845,1,Valor atipico,57,MG,3389.39,1122,481.11,Varejo,1233.5252380952381,3281.2338590241006,513.46,4.347899410664948,1,1,15,Thursday,2025-10,0,1,1,0,0,0,0,0,50,1,Critico,amount_zscore; high_value
TX-0013133,2025-11-01 08:44:38,ACC-00932,PIX,App,15500.0,BA,DEV-00932-A,1,Eletronicos,MER-0751,1,Valor atipico,29,BA,3168.34,2670,314.46,Alta renda,1070.1618181818183,3238.517646314711,310.135,4.455692312882314,1,1,8,Saturday,2025-11,0,1,1,0,0,0,0,0,50,1,Critico,amount_zscore; high_value
TX-0035146,2025-05-18 21:53:14,ACC-01783,Transferencia,Internet Banking,15500.0,RJ,DEV-01783-A,1,Outros,MER-0256,1,Valor atipico,29,RJ,3471.84,4392,371.99,Digital,884.9596774193549,2725.5238775722655,340.21,5.362286657198122,1,1,21,Sunday,2025-05,0,1,1,0,0,0,0,0,50,1,Critico,amount_zscore; high_value
TX-0030310,2025-05-13 00:14:06,ACC-02236,Saque,ATM,168.45,MG,DEV-02236-A,1,Eletronicos,MER-1000,0,Normal,45,MG,953.72,2666,51.96,Varejo,50.9168,33.469515074666575,48.54,3.5116493244015388,1,1,0,Tuesday,2025-05,0,1,0,0,1,0,0,0,50,1,Critico,amount_zscore; unusual_hour
TX-0015435,2025-05-14 20:40:05,ACC-02016,Transferencia,App,15500.0,MG,DEV-02016-A,1,Eletronicos,MER-0172,1,Valor atipico,51,PR,1826.47,937,206.77,Alta renda,965.175909090909,3251.665491184273,206.92000000000002,4.469962894496701,1,1,20,Wednesday,2025-05,1,1,1,0,0,0,0,0,50,1,Critico,amount_zscore; high_value
TX-0008594,2025-05-14 09:09:44,ACC-01994,Cartao,POS,15500.0,SP,DEV-01994-A,1,Servicos,MER-0770,1,Valor atipico,25,SP,5870.7,4721,487.85,Varejo,1230.1100000000001,3219.9634196014445,417.26,4.431693202827216,1,1,9,Wednesday,2025-05,0,1,1,0,0,0,0,0,50,1,Critico,amount_zscore; high_value
TX-0017011,2025-05-13 17:12:29,ACC-00276,PIX,Internet Banking,15500.0,MG,DEV-00276-A,1,Mercado,MER-1148,1,Valor atipico,37,MG,2771.79,2121,230.92,Empresarial,894.3471428571429,2876.825179314809,260.92,5.077003970266131,1,2,17,Tuesday,2025-05,0,1,1,0,0,0,0,0,50,1,Critico,amount_zscore; high_value
TX-0012922,2025-10-31 15:33:50,ACC-01854,Transferencia,App,15500.0,SC,DEV-01854-A,1,Restaurante,MER-0916,1,Valor atipico,66,SC,2029.57,699,71.79,Empresarial,747.4134782608695,3216.288986941894,62.74,4.586834883816257,1,1,15,Friday,2025-10,0,1,1,0,0,0,0,0,50,1,Critico,amount_zscore; high_value
TX-0008855,2025-04-26 18:28:13,ACC-00089,Transferencia,App,15500.0,MG,DEV-00089-A,1,Servicos,MER-0076,1,Valor atipico,44,MG,2197.54,4855,177.15,Varejo,903.7465217391306,3189.8010744781404,180.81,4.575913399442582,1,1,18,Saturday,2025-04,0,1,1,0,0,0,0,0,50,1,Critico,amount_zscore; high_value
TX-0040547,2025-01-16 19:10:31,ACC-02282,Boleto,Internet Banking,15500.0,SP,DEV-02282-A,1,Outros,MER-0241,1,Valor atipico,71,SP,3983.56,4402,518.46,Varejo,1315.941,3360.5187239580487,557.8,4.220794515703186,1,1,19,Thursday,2025-01,0,1,1,0,0,0,0,0,50,1,Critico,amount_zscore; high_value
TX-0015630,2025-05-22 10:56:30,ACC-00076,Boleto,App,15500.0,GO,DEV-00076-A,1,Viagem,MER-0538,1,Valor atipico,29,SC,5145.02,3941,552.33,Varejo,1406.1108333333334,3193.562996418722,579.7850000000001,4.413217833019616,1,2,10,Thursday,2025-05,1,1,1,0,0,0,0,0,50,1,Critico,amount_zscore; high_value
TX-0013831,2025-05-21 18:48:06,ACC-00709,PIX,Internet Banking,15500.0,RJ,DEV-00709-A,1,Transporte,MER-0195,1,Valor atipico,50,RJ,16186.26,3435,806.97,Varejo,1773.5557142857142,3897.987323064757,694.29,3.521418400848465,1,1,18,Wednesday,2025-05,0,1,1,0,0,0,0,0,50,1,Critico,amount_zscore; high_value
TX-0046339,2025-05-21 17:29:36,ACC-00253,PIX,App,15500.0,SP,DEV-00253-A,1,Eletronicos,MER-0228,1,Valor atipico,61,SP,3213.16,608,206.91,Varejo,1246.1613333333335,3945.9122074421457,221.41,3.6123050684663904,1,1,17,Wednesday,2025-05,0,1,1,0,0,0,0,0,50,1,Critico,amount_zscore; high_value
TX-0030976,2025-05-19 14:22:08,ACC-00353,Cartao,POS,15838.7,RS,DEV-00353-A,1,Mercado,MER-0920,1,Valor atipico,63,RS,11512.58,234,950.67,Varejo,1817.185625,3784.325050742812,708.005,3.705155922651984,1,1,14,Monday,2025-05,0,1,1,0,0,0,0,0,50,1,Critico,amount_zscore; high_value
TX-0032500,2025-05-13 12:22:44,ACC-02405,Cartao,Carteira digital,15500.0,BA,DEV-02405-A,1,Outros,MER-1107,1,Valor atipico,47,BA,2435.92,505,66.15,Alta renda,846.881,3449.320275813162,82.905,4.248117840128833,1,1,12,Tuesday,2025-05,0,1,1,0,0,0,0,0,50,1,Critico,amount_zscore; high_value
TX-0027766,2025-12-24 07:14:06,ACC-01307,PIX,Internet Banking,15500.0,SP,DEV-01307-A,1,Viagem,MER-0487,1,Valor atipico,52,SP,4490.18,4181,124.44,Digital,752.8248,3073.890098652303,109.63,4.797560981918533,1,1,7,Wednesday,2025-12,0,1,1,0,0,0,0,0,50,1,Critico,amount_zscore; high_value
TX-0025540,2025-11-04 17:42:27,ACC-00575,Cartao,POS,15500.0,BA,DEV-00575-A,1,Viagem,MER-1190,1,Valor atipico,77,BA,5052.17,4829,604.2,Varejo,1524.7470588235294,3624.0613496941605,677.43,3.8562407179878067,1,1,17,Tuesday,2025-11,0,1,1,0,0,0,0,0,50,1,Critico,amount_zscore; high_value
TX-0028565,2025-05-07 12:45:13,ACC-00243,PIX,App,15500.0,RJ,NEW-8637137,0,Viagem,MER-0996,1,Valor atipico,28,RJ,5852.04,645,867.81,Varejo,1965.2878260869566,3227.635105589845,850.96,4.193383617148258,1,1,12,Wednesday,2025-05,0,1,1,0,0,0,0,0,50,1,Critico,amount_zscore; high_value
TX-0012699,2025-05-07 09:06:14,ACC-00431,PIX,Internet Banking,17167.97,SC,DEV-00431-A,1,Transporte,MER-0476,1,Valor atipico,36,SC,9957.15,4956,1063.16,Varejo,1921.1165217391303,3550.412685423291,1032.66,4.294389083516666,1,1,9,Wednesday,2025-05,0,1,1,0,0,0,0,0,50,1,Critico,amount_zscore; high_value
TX-0031458,2025-01-06 20:20:23,ACC-00690,PIX,App,15500.0,PE,DEV-00690-A,1,Eletronicos,MER-0656,1,Valor atipico,75,PE,5319.28,475,540.09,Digital,1529.9416666666666,3520.96686126753,587.96,3.9676767444224637,1,2,20,Monday,2025-01,0,1,1,0,0,0,0,0,50,1,Critico,amount_zscore; high_value
TX-0005483,2025-01-15 09:06:49,ACC-02114,PIX,Internet Banking,15500.0,DF,DEV-02114-A,1,Servicos,MER-0447,1,Valor atipico,18,DF,12091.3,4247,1352.09,Varejo,2602.47,3393.4456365574188,1949.245,3.8007180256714768,1,1,9,Wednesday,2025-01,0,1,1,0,0,0,0,0,50,1,Critico,amount_zscore; high_value
TX-0029579,2025-01-15 07:20:29,ACC-00615,Transferencia,App,15500.0,PR,DEV-00615-A,1,Mercado,MER-0575,1,Valor atipico,56,PR,2921.47,4240,298.5,Empresarial,957.194090909091,3253.2102656513935,259.59,4.470293870223906,1,1,7,Wednesday,2025-01,0,1,1,0,0,0,0,0,50,1,Critico,amount_zscore; high_value
TX-0044253,2025-05-22 18:34:40,ACC-01363,Cartao,POS,15500.0,RJ,DEV-01363-A,1,Restaurante,MER-0895,1,Valor atipico,21,RJ,1615.05,4354,130.67,Varejo,883.1285714285715,3350.9695652441933,111.54,4.361982746777428,1,1,18,Thursday,2025-05,0,1,1,0,0,0,0,0,50,1,Critico,amount_zscore; high_value
TX-0017499,2025-12-10 05:27:39,ACC-00158,Cartao,E-commerce,15500.0,SP,DEV-00158-A,1,Eletronicos,MER-0369,1,Valor atipico,54,SP,885.04,4857,35.0,Digital,785.2138095238096,3371.7590252751993,48.41,4.364127471794989,1,1,5,Wednesday,2025-12,0,1,1,0,0,0,0,0,50,1,Critico,amount_zscore; high_value
TX-0008495,2025-12-13 09:26:44,ACC-01217,Boleto,Internet Banking,15500.0,RJ,DEV-01217-A,1,Transporte,MER-1058,1,Valor atipico,27,DF,5846.1,4268,530.2,Digital,1312.1233333333332,3074.0852713833806,498.655,4.615316562211668,1,1,9,Saturday,2025-12,1,1,1,0,0,0,0,0,50,1,Critico,amount_zscore; high_value
TX-0019449,2025-02-08 17:16:26,ACC-00869,PIX,Internet Banking,15500.0,PE,DEV-00869-A,1,Mercado,MER-1073,1,Valor atipico,66,PE,1206.45,866,181.35,Digital,843.4465217391305,3197.800398669812,157.65,4.583323425801546,1,1,17,Saturday,2025-02,0,1,1,0,0,0,0,0,50,1,Critico,amount_zscore; high_value
TX-0022293,2025-02-08 15:32:04,ACC-00480,Boleto,App,15500.0,SP,DEV-00480-A,1,Servicos,MER-0943,1,Valor atipico,72,SP,5610.65,1678,272.68,Varejo,1089.8209090909093,3230.2769147491117,303.775,4.460973306998449,1,1,15,Saturday,2025-02,0,1,1,0,0,0,0,0,50,1,Critico,amount_zscore; high_value
TX-0023978,2025-02-11 02:10:45,ACC-01662,Cartao,Carteira digital,2324.18,PR,DEV-01662-A,1,Restaurante,MER-0846,0,Normal,61,PR,23960.78,4054,626.12,Varejo,564.00875,501.3293012365558,424.675,3.511008125115453,1,1,2,Tuesday,2025-02,0,1,0,0,1,0,0,0,50,1,Critico,amount_zscore; unusual_hour
TX-0029551,2025-05-26 15:09:47,ACC-01859,PIX,Internet Banking,15500.0,BA,DEV-01859-A,1,Eletronicos,MER-1121,1,Valor atipico,41,BA,3609.4,3520,526.14,Varejo,1152.0695238095238,3293.724339771737,386.89,4.3561418613388945,1,1,15,Monday,2025-05,0,1,1,0,0,0,0,0,50,1,Critico,amount_zscore; high_value
TX-0019835,2025-05-25 17:12:57,ACC-01183,Cartao,E-commerce,15500.0,RJ,DEV-01183-A,1,Servicos,MER-0131,1,Valor atipico,70,RJ,1597.77,359,139.56,Varejo,800.6426086956521,3205.113716397336,122.56,4.586220238022306,1,1,17,Sunday,2025-05,0,1,1,0,0,0,0,0,50,1,Critico,amount_zscore; high_value
TX-0033897,2025-06-02 10:55:22,ACC-02425,PIX,App,15500.0,BA,DEV-02425-A,1,Servicos,MER-0470,1,Valor atipico,34,BA,4828.03,164,611.2,Digital,1786.4203846153846,3102.511948033697,665.925,4.420153683558246,1,1,10,Monday,2025-06,0,1,1,0,0,0,0,0,50,1,Critico,amount_zscore; high_value
TX-0007681,2025-02-10 12:06:06,ACC-02250,Boleto,App,15500.0,PE,DEV-02250-A,1,Servicos,MER-1045,1,Valor atipico,18,PE,4720.2,819,492.58,Varejo,1029.6032,3040.947941982511,340.72,4.758515132806315,1,1,12,Monday,2025-02,0,1,1,0,0,0,0,0,50,1,Critico,amount_zscore; high_value
TX-0034624,2025-02-09 17:58:14,ACC-00468,PIX,Internet Banking,15500.0,PR,DEV-00468-A,1,Viagem,MER-0898,1,Valor atipico,49,PR,849.46,753,35.0,Digital,1605.919375,3900.3960371248136,51.375,3.5622230390845275,1,1,17,Sunday,2025-02,0,1,1,0,0,0,0,0,50,1,Critico,amount_zscore; high_value
TX-0036176,2025-02-07 13:00:29,ACC-02446,PIX,Internet Banking,15968.06,PR,DEV-02446-A,1,Servicos,MER-0364,1,Valor atipico,51,PR,10761.25,4641,940.12,Varejo,1765.629090909091,3269.287704353538,1026.08,4.344197327808831,1,1,13,Friday,2025-02,0,1,1,0,0,0,0,0,50,1,Critico,amount_zscore; high_value
TX-0019380,2025-04-28 17:59:26,ACC-02346,PIX,App,15500.0,PE,DEV-02346-A,1,Servicos,MER-0622,1,Valor atipico,52,PE,7416.34,3169,623.02,Varejo,1692.365,3163.048305438991,774.275,4.365293750417028,1,1,17,Monday,2025-04,0,1,1,0,0,0,0,0,50,1,Critico,amount_zscore; high_value
TX-0009685,2025-02-07 09:02:00,ACC-01531,Boleto,App,92.34,MG,DEV-01531-A,0,Servicos,MER-0135,1,Alta velocidade,29,RS,2082.42,98,289.43,Empresarial,342.7282608695652,189.80187631154595,348.67,-1.319208564927836,3,3,9,Friday,2025-02,1,0,0,1,0,1,0,0,50,1,Critico,velocity_1h; new_device_location
TX-0006759,2025-06-02 10:26:33,ACC-01231,Cartao,Carteira digital,15500.0,PE,DEV-01231-A,1,Servicos,MER-0608,1,Valor atipico,59,PE,4688.57,3927,186.45,Varejo,936.2183333333332,3118.2090504070725,194.51,4.67055974478857,1,1,10,Monday,2025-06,0,1,1,0,0,0,0,0,50,1,Critico,amount_zscore; high_value
TX-0041099,2025-06-01 18:59:12,ACC-01586,Cartao,Carteira digital,15500.0,GO,DEV-01586-A,1,Viagem,MER-0074,1,Valor atipico,76,GO,1977.33,3185,179.52,Alta renda,897.5149999999999,3268.826309950743,152.5,4.4671951383737,1,1,18,Sunday,2025-06,0,1,1,0,0,0,0,0,50,1,Critico,amount_zscore; high_value
TX-0014914,2025-04-18 21:23:50,ACC-01131,PIX,Internet Banking,15500.0,RJ,DEV-01131-A,1,Servicos,MER-0820,1,Valor atipico,45,RJ,2234.57,3097,251.69,Varejo,1198.8527777777776,3574.534858129928,317.845,4.000841449257564,1,2,21,Friday,2025-04,0,1,1,0,0,0,0,0,50,1,Critico,amount_zscore; high_value
TX-0030231,2025-04-18 18:59:44,ACC-02177,PIX,App,15500.0,GO,DEV-02177-A,1,Transporte,MER-0517,1,Valor atipico,25,GO,4599.98,1959,393.25,Alta renda,1326.8923529411766,3664.0608453540476,449.49,3.86814200016084,1,1,18,Friday,2025-04,0,1,1,0,0,0,0,0,50,1,Critico,amount_zscore; high_value
TX-0025684,2025-05-27 08:48:31,ACC-00538,PIX,Internet Banking,15500.0,PR,NEW-1392995,0,Eletronicos,MER-0811,1,Valor atipico,31,PR,3882.15,1303,272.48,Digital,1019.9784999999999,3414.988917054182,176.245,4.24013718688454,1,1,8,Tuesday,2025-05,0,1,1,0,0,0,0,0,50,1,Critico,amount_zscore; high_value
TX-0008745,2025-05-29 12:57:35,ACC-00346,Cartao,E-commerce,15500.0,GO,DEV-00346-A,1,Restaurante,MER-0157,1,Valor atipico,40,GO,3302.21,980,416.71,Alta renda,970.8471428571429,2860.4424751100582,416.075,5.07933754430207,1,1,12,Thursday,2025-05,0,1,1,0,0,0,0,0,50,1,Critico,amount_zscore; high_value
TX-0013246,2025-05-25 03:02:00,ACC-00684,PIX,Internet Banking,171.13,SP,DEV-00684-A,0,Restaurante,MER-0697,1,Alta velocidade,19,RJ,4274.24,4756,470.36,Empresarial,643.2823076923078,653.3059382880498,368.31,-0.7227124078032344,3,3,3,Sunday,2025-05,1,0,0,1,0,1,0,0,50,1,Critico,velocity_1h; new_device_location
TX-0048774,2025-04-22 12:24:22,ACC-02382,PIX,App,15500.0,SP,DEV-02382-A,1,Servicos,MER-0456,1,Valor atipico,44,SP,1622.13,3546,238.74,Alta renda,1149.204705882353,3702.407038287926,234.44,3.8760717408191208,1,1,12,Tuesday,2025-04,0,1,1,0,0,0,0,0,50,1,Critico,amount_zscore; high_value
TX-0020436,2025-04-14 20:45:51,ACC-01227,PIX,Internet Banking,15500.0,DF,DEV-01227-A,1,Eletronicos,MER-0157,1,Valor atipico,44,DF,9731.07,3310,412.41,Alta renda,1428.6084999999998,3419.640411821218,493.28999999999996,4.1148746082650005,1,1,20,Monday,2025-04,0,1,1,0,0,0,0,0,50,1,Critico,amount_zscore; high_value
TX-0023139,2025-05-30 15:09:05,ACC-00139,Boleto,Internet Banking,15500.0,GO,DEV-00139-A,1,Restaurante,MER-0556,1,Valor atipico,61,GO,2009.19,3504,82.4,Varejo,783.0345454545454,3287.4242090234707,62.275000000000006,4.4767466924863735,1,1,15,Friday,2025-05,0,1,1,0,0,0,0,0,50,1,Critico,amount_zscore; high_value
TX-0048590,2025-06-01 05:58:04,ACC-02451,Saque,ATM,15500.0,SP,DEV-02451-A,1,Servicos,MER-0973,1,Valor atipico,22,SP,7829.59,4658,283.98,Alta renda,1053.247619047619,3317.0428614669795,280.47,4.355310734382018,1,1,5,Sunday,2025-06,0,1,1,0,0,0,0,0,50,1,Critico,amount_zscore; high_value
TX-0024430,2025-02-09 17:17:47,ACC-00371,Cartao,E-commerce,15500.0,PR,DEV-00371-A,1,Eletronicos,MER-0148,1,Valor atipico,45,PR,2219.74,340,312.45,Digital,1175.5535,3387.29926220266,336.20500000000004,4.228869488987884,1,1,17,Sunday,2025-02,0,1,1,0,0,0,0,0,50,1,Critico,amount_zscore; high_value
TX-0031371,2025-02-11 13:31:28,ACC-00896,Cartao,Carteira digital,15500.0,RS,DEV-00896-A,1,Restaurante,MER-0370,1,Valor atipico,56,RS,2096.11,4945,100.89,Varejo,916.1273684210526,3532.956295101632,75.98,4.127951611458985,1,1,13,Tuesday,2025-02,0,1,1,0,0,0,0,0,50,1,Critico,amount_zscore; high_value
TX-0018665,2025-02-20 19:57:59,ACC-00081,Cartao,POS,15500.0,RJ,DEV-00081-A,1,Mercado,MER-0718,1,Valor atipico,50,RJ,10330.19,2945,467.63,Varejo,1144.125909090909,3225.0351196428987,370.20500000000004,4.451385351889962,1,1,19,Thursday,2025-02,0,1,1,0,0,0,0,0,50,1,Critico,amount_zscore; high_value
TX-0031734,2025-02-20 15:17:15,ACC-00631,PIX,App,15500.0,GO,DEV-00631-A,1,Transporte,MER-0636,1,Valor atipico,57,GO,4572.08,2622,508.56,Varejo,1354.8872727272728,3200.357533321464,564.72,4.419853900696008,1,1,15,Thursday,2025-02,0,1,1,0,0,0,0,0,50,1,Critico,amount_zscore; high_value
TX-0025782,2025-02-19 20:54:10,ACC-01161,Transferencia,App,15500.0,SP,NEW-8655265,0,Mercado,MER-0735,1,Valor atipico,43,SP,1965.45,4229,138.68,Varejo,944.017,3429.8640628104995,124.315,4.243895015498817,1,1,20,Wednesday,2025-02,0,1,1,0,0,0,0,0,50,1,Critico,amount_zscore; high_value
TX-0028028,2025-08-08 17:50:01,ACC-00879,PIX,Internet Banking,15500.0,SP,DEV-00879-A,1,Viagem,MER-0027,1,Valor atipico,29,SP,5743.14,1134,175.2,Varejo,805.505,3132.7207413850897,127.83500000000001,4.690649506633978,1,1,17,Friday,2025-08,0,1,1,0,0,0,0,0,50,1,Critico,amount_zscore; high_value
TX-0044196,2025-02-15 12:51:49,ACC-00124,Boleto,App,15500.0,SP,DEV-00124-A,1,Mercado,MER-0697,1,Valor atipico,41,SP,7520.13,3816,477.75,Alta renda,1036.3445833333333,3088.966008963235,386.09000000000003,4.682361468108604,1,1,12,Saturday,2025-02,0,1,1,0,0,0,0,0,50,1,Critico,amount_zscore; high_value
TX-0043388,2025-02-15 16:49:33,ACC-02489,Transferencia,Internet Banking,15500.0,SP,NEW-2430092,0,Restaurante,MER-1022,1,Valor atipico,18,SP,1992.21,422,133.41,Varejo,939.3217391304348,3185.3343041346284,186.32,4.571161727662151,1,1,16,Saturday,2025-02,0,1,1,0,0,0,0,0,50,1,Critico,amount_zscore; high_value
TX-0016137,2025-02-17 23:41:45,ACC-00043,PIX,Internet Banking,15500.0,SP,DEV-00043-A,1,Servicos,MER-0483,1,Valor atipico,20,SP,2237.73,1224,187.14,Varejo,1296.18,3932.76371397302,245.4,3.611663713620564,1,1,23,Monday,2025-02,0,1,1,0,0,0,0,0,50,1,Critico,amount_zscore; high_value
TX-0038022,2025-12-25 18:24:11,ACC-01274,Cartao,POS,15500.0,DF,DEV-01274-A,1,Transporte,MER-0045,1,Valor atipico,21,DF,15777.15,2017,704.43,Empresarial,1623.100588235294,3609.9476129465347,685.76,3.84407224138026,1,1,18,Thursday,2025-12,0,1,1,0,0,0,0,0,50,1,Critico,amount_zscore; high_value
TX-0042239,2025-07-26 10:04:51,ACC-02388,Cartao,E-commerce,15500.0,SP,DEV-02388-A,1,Viagem,MER-0362,1,Valor atipico,32,SP,1373.41,4797,68.84,Varejo,835.707,3451.9829562900277,54.42,4.2480780425869344,1,1,10,Saturday,2025-07,0,1,1,0,0,0,0,0,50,1,Critico,amount_zscore; high_value
TX-0023069,2025-07-25 13:40:27,ACC-02366,Cartao,POS,15500.0,SP,DEV-02366-A,1,Mercado,MER-0177,1,Valor atipico,27,SP,1182.47,2708,93.51,Alta renda,682.9155555555556,2962.113036488198,86.83,5.002200882249647,1,1,13,Friday,2025-07,0,1,1,0,0,0,0,0,50,1,Critico,amount_zscore; high_value
TX-0028528,2025-12-11 13:48:44,ACC-02268,Boleto,App,15500.0,PR,DEV-02268-A,1,Restaurante,MER-0844,1,Valor atipico,31,PR,5090.92,4404,454.99,Varejo,1235.6457142857141,3286.7472594003507,540.33,4.339960806209584,1,1,13,Thursday,2025-12,0,1,1,0,0,0,0,0,50,1,Critico,amount_zscore; high_value
TX-0010531,2025-09-26 15:50:09,ACC-01504,PIX,Internet Banking,15500.0,SP,DEV-01504-A,1,Restaurante,MER-1179,1,Valor atipico,23,SP,6005.13,2119,518.7,Digital,1230.5554166666668,3075.6346190862073,462.46000000000004,4.639512279769073,1,2,15,Friday,2025-09,0,1,1,0,0,0,0,0,50,1,Critico,amount_zscore; high_value
TX-0024458,2025-09-29 15:19:24,ACC-00232,Cartao,POS,20374.72,SC,DEV-00232-A,1,Outros,MER-0532,1,Valor atipico,58,SC,10992.0,2235,1508.64,Varejo,2931.3205263157893,4504.742892292615,1190.84,3.872229756670237,1,1,15,Monday,2025-09,0,1,1,0,0,0,0,0,50,1,Critico,amount_zscore; high_value
TX-0013988,2025-12-09 12:32:01,ACC-00835,PIX,Internet Banking,15500.0,RS,DEV-00835-A,1,Mercado,MER-0364,1,Valor atipico,69,RS,4505.01,4007,502.14,Varejo,1186.77,3294.4625638744174,445.1,4.3446327655844055,1,1,12,Tuesday,2025-12,0,1,1,0,0,0,0,0,50,1,Critico,amount_zscore; high_value
TX-0047440,2025-12-09 09:15:13,ACC-00226,PIX,App,15500.0,RJ,DEV-00226-A,1,Mercado,MER-0981,1,Valor atipico,40,RJ,3388.29,2045,284.56,Digital,804.3246428571429,2883.6279437702187,229.58499999999998,5.0962453006086825,1,1,9,Tuesday,2025-12,0,1,1,0,0,0,0,0,50,1,Critico,amount_zscore; high_value
TX-0035649,2025-02-16 20:08:06,ACC-00674,Cartao,Carteira digital,15500.0,GO,DEV-00674-A,1,Outros,MER-0744,1,Valor atipico,18,GO,3839.71,1038,402.23,Digital,844.2330769230769,2436.200668594175,393.58,6.015829119501114,1,1,20,Sunday,2025-02,0,1,1,0,0,0,0,0,50,1,Critico,amount_zscore; high_value
TX-0010508,2025-09-28 18:29:11,ACC-01624,PIX,App,15500.0,RS,DEV-01624-A,1,Viagem,MER-0228,1,Valor atipico,25,RS,1924.22,111,231.07,Varejo,947.5008695652174,3180.1242455958354,213.77,4.576078796477398,1,1,18,Sunday,2025-09,0,1,1,0,0,0,0,0,50,1,Critico,amount_zscore; high_value
TX-0043588,2025-09-28 09:07:49,ACC-00812,Transferencia,App,15500.0,BA,DEV-00812-A,1,Transporte,MER-0730,1,Valor atipico,22,RS,3588.8,3570,100.55,Alta renda,752.3173076923077,3015.988500397915,91.685,4.889833860560793,1,1,9,Sunday,2025-09,1,1,1,0,0,0,0,0,50,1,Critico,amount_zscore; high_value
TX-0034219,2025-02-17 14:02:00,ACC-00417,Cartao,E-commerce,16.01,SP,DEV-00417-A,0,Servicos,MER-0547,1,Alta velocidade,55,PE,5268.08,3994,294.68,Empresarial,276.8213636363636,218.6574882429564,196.53500000000003,-1.192784961229267,3,3,14,Monday,2025-02,1,0,0,1,0,1,0,0,50,1,Critico,velocity_1h; new_device_location
TX-0017543,2025-02-19 00:52:46,ACC-01351,PIX,App,1314.65,SP,DEV-01351-A,1,Outros,MER-0172,0,Normal,45,SP,3161.53,3966,190.43,Varejo,239.50666666666666,280.1040115147705,149.575,3.838371780250776,1,1,0,Wednesday,2025-02,0,1,0,0,1,0,0,0,50,1,Critico,amount_zscore; unusual_hour
TX-0047484,2025-02-15 18:39:13,ACC-00579,Saque,ATM,15500.0,MG,DEV-00579-A,1,Eletronicos,MER-0598,1,Valor atipico,67,MG,4105.61,2508,527.44,Digital,1263.408260869565,3140.371424165463,542.31,4.533410165937214,1,1,18,Saturday,2025-02,0,1,1,0,0,0,0,0,50,1,Critico,amount_zscore; high_value
TX-0017366,2025-02-06 20:50:39,ACC-01258,PIX,Internet Banking,15500.0,SC,DEV-01258-A,1,Restaurante,MER-0220,1,Valor atipico,30,SC,2004.1,3335,63.6,Digital,657.4384615384614,3027.479200658782,63.215,4.9026138760034375,1,1,20,Thursday,2025-02,0,1,1,0,0,0,0,0,50,1,Critico,amount_zscore; high_value
TX-0012804,2025-02-06 18:40:56,ACC-00737,Cartao,POS,15500.0,SP,DEV-00737-A,1,Restaurante,MER-0498,1,Valor atipico,23,SP,7931.38,1153,256.12,Empresarial,1074.3780000000002,3402.579075290729,287.1,4.239614034177125,1,1,18,Thursday,2025-02,0,1,1,0,0,0,0,0,50,1,Critico,amount_zscore; high_value
TX-0011117,2025-09-30 11:15:20,ACC-01401,Cartao,E-commerce,15500.0,SP,DEV-01401-A,1,Viagem,MER-0849,1,Valor atipico,77,SP,3576.9,1869,568.81,Varejo,1279.7504,3020.601731335276,418.49,4.707753906276763,1,1,11,Tuesday,2025-09,0,1,1,0,0,0,0,0,50,1,Critico,amount_zscore; high_value
TX-0012552,2025-08-08 14:10:57,ACC-01083,Boleto,Internet Banking,15500.0,RJ,DEV-01083-A,1,Restaurante,MER-0739,1,Valor atipico,25,RJ,6247.22,115,941.15,Digital,2415.2083333333335,3056.9040530827297,1919.3400000000001,4.280406397927776,1,1,14,Friday,2025-08,0,1,1,0,0,0,0,0,50,1,Critico,amount_zscore; high_value
TX-0012377,2025-08-07 16:26:20,ACC-01421,Transferencia,App,15500.0,MG,DEV-01421-A,1,Mercado,MER-0156,1,Valor atipico,29,MG,4478.91,1439,262.34,Varejo,1209.9676470588236,3686.9126138639517,302.94,3.8758804044354505,1,1,16,Thursday,2025-08,0,1,1,0,0,0,0,0,50,1,Critico,amount_zscore; high_value
TX-0005741,2025-08-06 13:25:52,ACC-02173,Cartao,Carteira digital,15500.0,PE,NEW-0169470,0,Mercado,MER-0824,1,Valor atipico,68,PE,2501.23,2360,96.61,Digital,922.1370000000001,3433.3988835755595,121.815,4.245898450580999,1,1,13,Wednesday,2025-08,0,1,1,0,0,0,0,0,50,1,Critico,amount_zscore; high_value
TX-0031302,2025-01-30 20:27:45,ACC-00472,Cartao,E-commerce,15500.0,SP,DEV-00472-A,1,Servicos,MER-0447,1,Valor atipico,19,SP,4195.21,733,109.55,Varejo,972.8036842105263,3520.4351224437687,136.46,4.126534309118351,1,1,20,Thursday,2025-01,0,1,1,0,0,0,0,0,50,1,Critico,amount_zscore; high_value
TX-0021471,2025-01-30 17:20:25,ACC-01951,Saque,ATM,15500.0,SP,DEV-01951-A,1,Viagem,MER-0232,1,Valor atipico,41,SP,1708.0,4726,215.2,Varejo,1166.2570588235294,3702.7569220814453,203.29,3.871100167471698,1,1,17,Thursday,2025-01,0,1,1,0,0,0,0,0,50,1,Critico,amount_zscore; high_value
TX-0027881,2025-01-29 08:47:18,ACC-00187,Transferencia,Internet Banking,15500.0,MG,DEV-00187-A,1,Transporte,MER-0740,1,Valor atipico,19,MG,6254.3,1177,766.93,Empresarial,1491.3156521739131,3118.07741294481,678.05,4.492731415092048,1,1,8,Wednesday,2025-01,0,1,1,0,0,0,0,0,50,1,Critico,amount_zscore; high_value
TX-0043600,2025-08-23 12:38:05,ACC-01391,Cartao,E-commerce,15500.0,MG,DEV-01391-A,1,Eletronicos,MER-1096,1,Valor atipico,58,MG,2919.93,3852,412.1,Digital,1425.318,3345.2847135059883,555.08,4.207319617124363,1,1,12,Saturday,2025-08,0,1,1,0,0,0,0,0,50,1,Critico,amount_zscore; high_value
TX-0047482,2025-08-22 13:02:35,ACC-02471,Transferencia,Internet Banking,15500.0,SP,DEV-02471-A,1,Viagem,MER-0833,1,Valor atipico,41,SP,2424.01,797,226.96,Alta renda,1076.8842105263157,3497.20423656179,229.07,4.124184581125149,1,1,13,Friday,2025-08,0,1,1,0,0,0,0,0,50,1,Critico,amount_zscore; high_value
TX-0046228,2025-09-21 12:44:38,ACC-01255,Boleto,Internet Banking,15500.0,BA,DEV-01255-A,1,Transporte,MER-0738,1,Valor atipico,21,BA,2561.02,2788,87.83,Varejo,938.9638888888888,3634.316613045767,64.92,4.006540337966901,1,1,12,Sunday,2025-09,0,1,1,0,0,0,0,0,50,1,Critico,amount_zscore; high_value
TX-0008442,2025-09-21 08:51:50,ACC-01643,PIX,Internet Banking,22153.55,RJ,DEV-01643-A,1,Eletronicos,MER-0116,1,Valor atipico,51,RJ,10768.44,1174,1284.94,Varejo,1840.5449999999998,4212.344027270565,786.145,4.822256887968868,1,1,8,Sunday,2025-09,0,1,1,0,0,0,0,0,50,1,Critico,amount_zscore; high_value
TX-0008958,2025-04-24 08:17:50,ACC-01837,PIX,App,15500.0,GO,NEW-4003105,0,Outros,MER-0743,1,Valor atipico,27,GO,3061.92,2957,358.06,Varejo,929.8346153846154,2983.0115274738455,327.245,4.884381186737849,1,1,8,Thursday,2025-04,0,1,1,0,0,0,0,0,50,1,Critico,amount_zscore; high_value
TX-0023399,2025-11-15 07:35:08,ACC-01642,PIX,Internet Banking,15500.0,MG,DEV-01642-A,1,Viagem,MER-0023,1,Valor atipico,75,MG,1922.92,1389,190.89,Digital,910.1273913043478,3186.1009140201695,197.94,4.579224890364942,1,1,7,Saturday,2025-11,0,1,1,0,0,0,0,0,50,1,Critico,amount_zscore; high_value
TX-0015089,2025-05-01 18:53:21,ACC-00890,Cartao,E-commerce,16627.7,SP,DEV-00890-A,1,Restaurante,MER-0706,1,Valor atipico,43,SP,7874.76,1613,1087.97,Varejo,1853.094,3169.1129041973245,1063.81,4.662063626837594,1,1,18,Thursday,2025-05,0,1,1,0,0,0,0,0,50,1,Critico,amount_zscore; high_value
TX-0026257,2025-04-24 12:52:10,ACC-00664,Boleto,Internet Banking,15500.0,SP,DEV-00664-A,1,Restaurante,MER-0474,1,Valor atipico,65,SP,7938.34,2433,977.63,Varejo,1716.2652173913043,3046.7356565181058,1354.45,4.524099343216776,1,1,12,Thursday,2025-04,0,1,1,0,0,0,0,0,50,1,Critico,amount_zscore; high_value
TX-0004206,2025-08-19 18:26:08,ACC-00738,Transferencia,App,15500.0,RJ,DEV-00738-A,1,Outros,MER-0666,1,Valor atipico,21,RJ,4848.01,1511,213.45,Empresarial,865.5329166666667,3122.123536264992,163.18,4.687344018693316,1,1,18,Tuesday,2025-08,0,1,1,0,0,0,0,0,50,1,Critico,amount_zscore; high_value
TX-0006822,2025-08-19 10:15:52,ACC-00160,Cartao,Carteira digital,15500.0,SP,DEV-00160-A,1,Transporte,MER-0346,1,Valor atipico,66,SP,6202.41,612,816.03,Varejo,1620.9315789473685,3399.6410490133007,589.32,4.0825099535378415,1,1,10,Tuesday,2025-08,0,1,1,0,0,0,0,0,50,1,Critico,amount_zscore; high_value
TX-0018905,2025-02-01 20:49:12,ACC-00925,Cartao,Carteira digital,15500.0,SP,DEV-00925-A,1,Transporte,MER-1080,1,Valor atipico,42,SP,3618.3,4810,496.04,Digital,1159.2352,3015.9579132592353,398.58,4.7549618437819845,1,1,20,Saturday,2025-02,0,1,1,0,0,0,0,0,50,1,Critico,amount_zscore; high_value
TX-0025434,2025-01-29 20:42:40,ACC-00468,PIX,App,15500.0,PR,DEV-00468-A,1,Servicos,MER-0136,1,Valor atipico,49,PR,849.46,753,35.0,Digital,1605.919375,3900.3960371248136,51.375,3.5622230390845275,1,1,20,Wednesday,2025-01,0,1,1,0,0,0,0,0,50,1,Critico,amount_zscore; high_value
TX-0044258,2025-04-19 15:58:43,ACC-00587,Transferencia,Internet Banking,15500.0,GO,DEV-00587-A,1,Restaurante,MER-0669,1,Valor atipico,63,GO,4135.92,3760,497.63,Digital,1193.0538095238096,3293.0192963213503,442.27,4.344628713976428,1,1,15,Saturday,2025-04,0,1,1,0,0,0,0,0,50,1,Critico,amount_zscore; high_value
TX-0024782,2025-04-19 05:34:49,ACC-01625,Cartao,POS,15500.0,BA,DEV-01625-A,1,Outros,MER-1022,1,Valor atipico,77,BA,5705.73,3740,629.05,Digital,1401.2641666666668,3091.3104804694303,718.685,4.56076344398521,1,1,5,Saturday,2025-04,0,1,1,0,0,0,0,0,50,1,Critico,amount_zscore; high_value
TX-0002457,2025-11-11 08:38:34,ACC-01318,Cartao,Carteira digital,19656.49,RJ,DEV-01318-A,1,Outros,MER-0147,1,Valor atipico,51,BA,12216.73,1988,1746.04,Digital,2895.719,4183.68439801306,1584.55,4.00622260320595,1,1,8,Tuesday,2025-11,1,1,1,0,0,0,0,0,50,1,Critico,amount_zscore; high_value
TX-0010860,2025-11-11 08:04:23,ACC-02439,PIX,Internet Banking,15500.0,RJ,DEV-02439-A,1,Eletronicos,MER-1133,1,Valor atipico,33,RJ,2417.97,4049,208.3,Varejo,968.0880952380952,3335.508946218881,174.54,4.356730004047874,1,1,8,Tuesday,2025-11,0,1,1,0,0,0,0,0,50,1,Critico,amount_zscore; high_value
TX-0006332,2025-11-13 12:09:23,ACC-02181,Transferencia,Internet Banking,15500.0,RJ,DEV-02181-A,1,Transporte,MER-1131,1,Valor atipico,21,RJ,2219.34,3452,169.02,Varejo,1091.87,3494.353428138666,275.34,4.123260653595296,1,1,12,Thursday,2025-11,0,1,1,0,0,0,0,0,50,1,Critico,amount_zscore; high_value
TX-0043606,2025-04-28 18:59:38,ACC-00851,PIX,App,15500.0,SP,DEV-00851-A,1,Servicos,MER-0469,1,Valor atipico,34,SP,2004.81,1761,125.99,Varejo,835.1295454545456,3276.0933420106408,142.99,4.476328640119016,1,1,18,Monday,2025-04,0,1,1,0,0,0,0,0,50,1,Critico,amount_zscore; high_value
TX-0038244,2025-04-25 19:02:00,ACC-01734,Transferencia,App,152.61,GO,DEV-01734-A,0,Outros,MER-0003,1,Alta velocidade,18,BA,719.35,3412,92.12,Varejo,190.1142857142857,216.88422710316578,109.37,-0.17292306690631745,3,3,19,Friday,2025-04,1,0,0,1,0,1,0,0,50,1,Critico,velocity_1h; new_device_location
TX-0020293,2025-04-15 08:10:23,ACC-01886,PIX,App,15500.0,RS,DEV-01886-A,1,Mercado,MER-0495,1,Valor atipico,54,RS,1843.57,4629,102.66,Empresarial,1002.9094117647059,3736.165999713929,102.73,3.8802051593385594,1,1,8,Tuesday,2025-04,0,1,1,0,0,0,0,0,50,1,Critico,amount_zscore; high_value
TX-0036402,2025-04-14 15:17:16,ACC-02398,Transferencia,App,15500.0,SP,DEV-02398-A,1,Restaurante,MER-0343,1,Valor atipico,50,SP,2393.04,4896,260.28,Alta renda,1043.983,3409.125574467045,241.4,4.240388534898699,1,1,15,Monday,2025-04,0,1,1,0,0,0,0,0,50,1,Critico,amount_zscore; high_value
TX-0015965,2025-08-09 21:57:35,ACC-00156,PIX,App,15500.0,SP,NEW-9635480,0,Restaurante,MER-0522,1,Valor atipico,50,SP,1514.42,1495,145.96,Digital,745.7203846153845,3012.883153056527,110.825,4.897063332979445,1,1,21,Saturday,2025-08,0,1,1,0,0,0,0,0,50,1,Critico,amount_zscore; high_value
TX-0043528,2025-08-14 10:30:42,ACC-00543,Transferencia,Internet Banking,15500.0,MG,DEV-00543-A,1,Servicos,MER-0032,1,Valor atipico,64,MG,1985.31,1902,140.95,Varejo,1214.4793333333332,3954.2180014790474,151.35,3.612729662685079,1,1,10,Thursday,2025-08,0,1,1,0,0,0,0,0,50,1,Critico,amount_zscore; high_value
TX-0033452,2025-05-28 15:37:59,ACC-00754,PIX,App,15500.0,DF,DEV-00754-A,1,Servicos,MER-1017,1,Valor atipico,55,DF,1911.78,2393,145.61,Varejo,1270.2367857142856,4020.176930514979,157.025,3.539586306830257,2,2,15,Wednesday,2025-05,0,1,1,0,0,0,0,0,50,1,Critico,amount_zscore; high_value
TX-0038970,2025-05-28 11:24:30,ACC-02095,Boleto,App,15500.0,RJ,DEV-02095-A,1,Mercado,MER-0230,1,Valor atipico,59,RJ,2227.46,2564,193.86,Varejo,879.9754166666667,3117.860146360111,238.35000000000002,4.689121351514505,1,1,11,Wednesday,2025-05,0,1,1,0,0,0,0,0,50,1,Critico,amount_zscore; high_value
TX-0028838,2025-05-19 14:53:15,ACC-00150,Cartao,POS,15500.0,GO,DEV-00150-A,1,Mercado,MER-0266,1,Valor atipico,47,MG,4334.81,3549,647.68,Varejo,1751.1668750000001,3699.711697628558,681.1700000000001,3.716190408515542,1,1,14,Monday,2025-05,1,1,1,0,0,0,0,0,50,1,Critico,amount_zscore; high_value
TX-0001824,2025-05-25 11:44:08,ACC-00722,Cartao,POS,15500.0,RS,NEW-6724475,0,Eletronicos,MER-1171,1,Valor atipico,50,RS,6683.89,1272,557.12,Digital,1512.2323999999999,3053.764443017121,636.65,4.580499858784156,1,1,11,Sunday,2025-05,0,1,1,0,0,0,0,0,50,1,Critico,amount_zscore; high_value
TX-0040411,2025-11-12 13:46:12,ACC-00338,Cartao,Carteira digital,15500.0,GO,NEW-6087006,0,Servicos,MER-0801,1,Valor atipico,74,GO,2636.99,1654,89.48,Digital,1204.2396428571428,4038.257687341651,110.85,3.5400812587949604,1,1,13,Wednesday,2025-11,0,1,1,0,0,0,0,0,50,1,Critico,amount_zscore; high_value
TX-0009798,2025-02-03 13:03:00,ACC-01010,PIX,Internet Banking,172.28,RJ,DEV-01010-A,0,Restaurante,MER-1100,1,Alta velocidade,41,MG,2786.0,2416,115.59,Digital,118.60333333333334,126.90726893165852,77.31,0.42295974941807596,4,4,13,Monday,2025-02,1,0,0,1,0,1,0,0,50,1,Critico,velocity_1h; new_device_location
TX-0029486,2025-12-13 13:03:01,ACC-01727,Cartao,E-commerce,21375.72,SP,DEV-01727-A,1,Eletronicos,MER-1011,1,Valor atipico,77,SP,11349.85,4620,1281.34,Alta renda,1834.3408000000002,4108.308198418297,958.04,4.756551421220894,1,1,13,Saturday,2025-12,0,1,1,0,0,0,0,0,50,1,Critico,amount_zscore; high_value
TX-0016418,2025-12-11 19:13:38,ACC-02238,PIX,Internet Banking,15500.0,RJ,DEV-02238-A,1,Outros,MER-0420,1,Valor atipico,55,RJ,3775.35,1925,394.14,Varejo,1192.2208695652175,3166.0259697190695,356.18,4.51916038190437,1,1,19,Thursday,2025-12,0,1,1,0,0,0,0,0,50,1,Critico,amount_zscore; high_value
TX-0027989,2025-08-11 15:21:46,ACC-00552,PIX,Internet Banking,15500.0,GO,DEV-00552-A,1,Restaurante,MER-0209,1,Valor atipico,44,GO,1118.78,1452,177.52,Varejo,869.7095238095238,3353.493652621809,119.74,4.362701108663887,1,1,15,Monday,2025-08,0,1,1,0,0,0,0,0,50,1,Critico,amount_zscore; high_value
TX-0029066,2025-08-11 08:10:26,ACC-00125,PIX,App,15500.0,SC,DEV-00125-A,1,Outros,MER-0090,1,Valor atipico,67,SC,6113.14,4020,219.58,Varejo,1245.1886666666667,3945.3004077453006,229.8,3.6131117684596834,1,1,8,Monday,2025-08,0,1,1,0,0,0,0,0,50,1,Critico,amount_zscore; high_value
TX-0048890,2025-12-14 19:11:31,ACC-01284,Cartao,E-commerce,15500.0,SP,DEV-01284-A,1,Eletronicos,MER-1026,1,Valor atipico,67,SP,2200.35,4571,59.01,Empresarial,914.7255555555554,3640.1533134668643,61.425,4.0067747670093325,1,1,19,Sunday,2025-12,0,1,1,0,0,0,0,0,50,1,Critico,amount_zscore; high_value
TX-0019734,2025-08-18 21:40:50,ACC-00111,PIX,Internet Banking,15500.0,MG,DEV-00111-A,1,Eletronicos,MER-0262,1,Valor atipico,42,MG,2272.71,4964,156.26,Varejo,827.7804347826087,3199.609944479708,158.19,4.585627567051226,1,1,21,Monday,2025-08,0,1,1,0,0,0,0,0,50,1,Critico,amount_zscore; high_value
TX-0037948,2025-08-15 08:07:44,ACC-00240,Cartao,E-commerce,15500.0,SP,DEV-00240-A,1,Eletronicos,MER-0444,1,Valor atipico,52,SP,15250.02,4931,837.97,Empresarial,2184.8811764705883,3707.7135928963726,1083.23,3.591194004046029,1,1,8,Friday,2025-08,0,1,1,0,0,0,0,0,50,1,Critico,amount_zscore; high_value
TX-0004521,2025-08-15 14:08:01,ACC-01540,PIX,Internet Banking,15500.0,SP,DEV-01540-A,1,Transporte,MER-0126,1,Valor atipico,39,SP,3442.82,3431,267.01,Varejo,1050.7495652173914,3161.7250378443127,257.22,4.570052823010256,1,1,14,Friday,2025-08,0,1,1,0,0,0,0,0,50,1,Critico,amount_zscore; high_value
TX-0038037,2025-02-03 07:21:58,ACC-02207,PIX,Internet Banking,15500.0,GO,DEV-02207-A,1,Outros,MER-0114,1,Valor atipico,70,GO,9450.97,3453,1492.43,Varejo,2675.3285714285716,3265.182905514308,1490.23,3.927703837635821,1,1,7,Monday,2025-02,0,1,1,0,0,0,0,0,50,1,Critico,amount_zscore; high_value
TX-0028938,2025-02-03 05:26:56,ACC-00520,Cartao,Carteira digital,15500.0,PR,DEV-00520-A,1,Servicos,MER-0140,1,Valor atipico,24,PR,3285.55,3380,270.22,Varejo,1127.2422222222222,3592.941321435285,260.485,4.0002762338562885,1,1,5,Monday,2025-02,0,1,1,0,0,0,0,0,50,1,Critico,amount_zscore; high_value
TX-0038699,2025-02-04 12:59:36,ACC-01158,PIX,App,15500.0,RS,DEV-01158-A,1,Mercado,MER-0399,1,Valor atipico,47,RS,4101.68,3574,151.91,Varejo,765.0251851851853,2947.4069362268647,173.19,4.999301125917094,1,1,12,Tuesday,2025-02,0,1,1,0,0,0,0,0,50,1,Critico,amount_zscore; high_value
TX-0028417,2025-02-04 07:34:27,ACC-01997,Cartao,POS,15500.0,SC,DEV-01997-A,1,Servicos,MER-0400,1,Valor atipico,63,RS,6108.65,3025,158.47,Digital,898.23,3264.8143535247073,150.105,4.472465634756802,1,1,7,Tuesday,2025-02,1,1,1,0,0,0,0,0,50,1,Critico,amount_zscore; high_value
TX-0011640,2025-09-24 08:53:55,ACC-01656,Cartao,POS,15500.0,SP,DEV-01656-A,1,Transporte,MER-0347,1,Valor atipico,67,SP,3227.27,4717,298.65,Varejo,947.0699999999999,2988.0758704223026,242.71499999999997,4.870334834551321,1,1,8,Wednesday,2025-09,0,1,1,0,0,0,0,0,50,1,Critico,amount_zscore; high_value
TX-0017757,2025-09-24 07:14:07,ACC-01424,PIX,Internet Banking,15500.0,GO,DEV-01424-A,1,Eletronicos,MER-0738,1,Valor atipico,72,SP,3523.99,2222,280.52,Alta renda,1222.2516666666666,3575.77184559584,339.53499999999997,3.99291368405363,1,1,7,Wednesday,2025-09,1,1,1,0,0,0,0,0,50,1,Critico,amount_zscore; high_value
TX-0035141,2025-08-12 10:29:01,ACC-01465,Cartao,Carteira digital,15500.0,SP,DEV-01465-A,1,Mercado,MER-0155,1,Valor atipico,27,SP,3306.36,3490,173.39,Varejo,928.5742857142858,3344.132464277651,124.81,4.357311162144176,1,1,10,Tuesday,2025-08,0,1,1,0,0,0,0,0,50,1,Critico,amount_zscore; high_value
TX-0039828,2025-05-25 03:04:00,ACC-00684,Boleto,Internet Banking,1194.99,RJ,DEV-00684-A,1,Outros,MER-0564,1,Alta velocidade,19,RJ,4274.24,4756,470.36,Empresarial,643.2823076923078,653.3059382880498,368.31,0.8444859597532668,5,5,3,Sunday,2025-05,0,0,0,1,1,0,0,0,45,1,Alto,velocity_1h; unusual_hour
TX-0023157,2025-01-13 12:00:00,ACC-02099,PIX,App,3500.0,MG,NEW-1260389,0,Viagem,MER-1036,1,Fracionamento,61,SC,4836.85,120,235.12,Alta renda,970.5554838709678,1437.5361251433849,270.68,1.7595693575190932,2,3,12,Monday,2025-01,1,0,0,0,0,1,0,1,45,1,Alto,new_device_location; structuring
TX-0006216,2025-07-24 14:00:00,ACC-01083,PIX,App,3500.0,MG,NEW-8140123,0,Servicos,MER-0062,1,Fracionamento,25,RJ,6247.22,115,941.15,Digital,2415.2083333333335,3056.9040530827297,1919.3400000000001,0.3548661154649948,2,5,14,Thursday,2025-07,1,0,0,0,0,1,0,1,45,1,Alto,new_device_location; structuring
TX-0009727,2025-07-25 04:10:00,ACC-01673,Cartao,POS,2309.79,RJ,NEW-5081728,0,Servicos,MER-0883,1,Horario incomum,52,SP,9382.42,4397,721.81,Digital,1690.5163157894738,3405.983075331817,720.08,0.18181936624866976,1,2,4,Friday,2025-07,1,0,0,0,1,1,0,0,45,1,Alto,unusual_hour; new_device_location
TX-0021897,2025-09-06 12:00:00,ACC-01474,PIX,App,3500.0,RS,NEW-0967945,0,Viagem,MER-0586,1,Fracionamento,67,MG,4789.48,456,302.74,Varejo,913.4134482758622,1323.803475958238,316.36,1.953905242507262,2,3,12,Saturday,2025-09,1,0,0,0,0,1,0,1,45,1,Alto,new_device_location; structuring
TX-0030290,2025-01-02 01:36:00,ACC-00615,Cartao,E-commerce,955.2,SP,NEW-8492596,0,Transporte,MER-0287,1,Horario incomum,56,PR,2921.47,4240,298.5,Empresarial,957.194090909091,3253.2102656513935,259.59,-0.000612960966632028,1,1,1,Thursday,2025-01,1,0,0,0,1,1,0,0,45,1,Alto,unusual_hour; new_device_location
TX-0035255,2025-05-04 03:26:00,ACC-01233,PIX,Internet Banking,886.37,MG,NEW-0342019,0,Restaurante,MER-0170,1,Horario incomum,42,RJ,2139.19,2098,276.99,Empresarial,342.8105882352941,238.42246644534643,316.99,2.2798162432788436,1,1,3,Sunday,2025-05,1,0,0,0,1,1,0,0,45,1,Alto,unusual_hour; new_device_location
TX-0020383,2025-09-23 14:00:00,ACC-01371,PIX,App,3500.0,SP,NEW-7602012,0,Eletronicos,MER-1083,1,Fracionamento,59,PR,13300.27,3755,1380.81,Varejo,1850.2064516129033,1480.7489274227605,1444.75,1.1141615690774518,2,5,14,Tuesday,2025-09,1,0,0,0,0,1,0,1,45,1,Alto,new_device_location; structuring
TX-0011165,2025-06-24 02:20:06,ACC-00517,PIX,App,15500.0,SC,DEV-00517-A,1,Mercado,MER-0164,1,Valor atipico,25,SC,1873.34,4156,274.57,Varejo,1788.9785,4690.608374775993,257.81,2.923079567616811,1,1,2,Tuesday,2025-06,0,0,1,0,1,0,0,0,40,1,Alto,high_value; unusual_hour
TX-0008246,2025-09-01 00:00:06,ACC-00042,Transferencia,Internet Banking,15500.0,RS,DEV-00042-A,1,Transporte,MER-0804,1,Valor atipico,18,RS,2544.8,915,255.67,Digital,1893.9205263157894,4798.778910935426,253.79,2.8353211777852,1,1,0,Monday,2025-09,0,0,1,0,1,0,0,0,40,1,Alto,high_value; unusual_hour
TX-0016918,2025-08-18 02:16:57,ACC-02273,PIX,App,17550.89,SP,DEV-02273-A,1,Mercado,MER-0646,1,Valor atipico,28,BA,8856.0,3380,1289.55,Varejo,2983.328571428571,4546.721728533744,990.515,3.203970310553681,1,1,2,Monday,2025-08,1,0,1,0,1,0,0,0,40,1,Alto,high_value; unusual_hour
TX-0040328,2025-03-18 00:00:40,ACC-01132,Transferencia,Internet Banking,15500.0,SP,DEV-01132-A,1,Mercado,MER-0359,1,Valor atipico,56,SP,1802.53,4509,152.49,Varejo,1232.73,4106.927961416117,129.57,3.473951852586301,1,1,0,Tuesday,2025-03,0,0,1,0,1,0,0,0,40,1,Alto,high_value; unusual_hour
TX-0025579,2025-08-02 14:00:00,ACC-02344,PIX,App,4000.0,SC,DEV-02225-A,1,Outros,MER-0636,1,Fracionamento,22,PE,2405.78,2220,284.85,Digital,1239.4785714285713,1656.791874712348,397.36,1.6661847940621448,2,5,14,Saturday,2025-08,1,0,0,0,0,0,1,1,30,1,Alto,round_amount; structuring
TX-0015010,2025-11-15 12:46:31,ACC-01910,PIX,Internet Banking,1638.63,SP,DEV-01910-A,1,Transporte,MER-0312,0,Normal,49,SP,1615.28,4835,241.42,Empresarial,382.5128571428572,350.4124208149999,274.45,3.5846821295193454,1,1,12,Saturday,2025-11,0,1,0,0,0,0,0,0,30,1,Alto,amount_zscore
TX-0003880,2025-04-14 08:42:38,ACC-00735,PIX,Internet Banking,1811.56,SP,DEV-00735-A,1,Servicos,MER-0048,0,Normal,21,SP,2500.66,128,151.6,Digital,268.3546153846154,365.2191966940486,170.8,4.225422427365334,1,1,8,Monday,2025-04,0,1,0,0,0,0,0,0,30,1,Alto,amount_zscore
TX-0039550,2025-08-04 13:00:00,ACC-00802,PIX,App,4000.0,PE,DEV-00379-A,1,Viagem,MER-0526,1,Fracionamento,24,SC,3963.69,2785,561.55,Alta renda,1542.9466666666667,1527.2351824402597,725.14,1.6088244702478527,2,4,13,Monday,2025-08,1,0,0,0,0,0,1,1,30,1,Alto,round_amount; structuring
TX-0017568,2025-04-15 17:42:22,ACC-01109,Transferencia,Internet Banking,13877.22,DF,DEV-01109-A,1,Mercado,MER-0179,0,Normal,33,DF,11856.36,3627,1666.31,Digital,2200.4365217391305,2801.402155454899,1468.9,4.168192508713467,1,1,17,Tuesday,2025-04,0,1,0,0,0,0,0,0,30,1,Alto,amount_zscore
TX-0011774,2025-04-15 11:24:09,ACC-01693,Boleto,App,4068.17,BA,DEV-01693-A,1,Eletronicos,MER-1164,0,Normal,25,BA,3875.87,2952,514.56,Digital,687.2938888888889,881.9316574905263,440.46500000000003,3.833489910920256,1,1,11,Tuesday,2025-04,0,1,0,0,0,0,0,0,30,1,Alto,amount_zscore
TX-0031354,2025-04-22 14:00:00,ACC-01704,PIX,App,3000.0,RJ,DEV-01657-A,1,Restaurante,MER-0196,1,Fracionamento,66,GO,3092.17,437,155.63,Varejo,952.8366666666667,1547.1535864752834,111.44,1.3231804206311342,2,5,14,Tuesday,2025-04,1,0,0,0,0,0,1,1,30,1,Alto,round_amount; structuring
TX-0038029,2025-04-14 19:11:28,ACC-01835,PIX,App,13109.34,SP,DEV-01835-A,1,Mercado,MER-1178,0,Normal,41,SP,17410.22,3894,2192.64,Varejo,2545.145,2988.752313686301,1609.81,3.534650546859875,1,1,19,Monday,2025-04,0,1,0,0,0,0,0,0,30,1,Alto,amount_zscore
TX-0040437,2025-09-23 12:00:00,ACC-01371,PIX,App,4000.0,PR,DEV-00052-A,1,Viagem,MER-0676,1,Fracionamento,59,PR,13300.27,3755,1380.81,Varejo,1850.2064516129033,1480.7489274227605,1444.75,1.4518285366100563,2,3,12,Tuesday,2025-09,0,0,0,0,0,0,1,1,30,1,Alto,round_amount; structuring
TX-0035529,2025-09-24 18:33:57,ACC-00185,Transferencia,App,7623.84,MG,DEV-00185-A,1,Transporte,MER-0873,0,Normal,71,MG,6244.82,2395,893.32,Empresarial,1250.234,1472.3144017639938,867.68,4.328970763556834,1,1,18,Wednesday,2025-09,0,1,0,0,0,0,0,0,30,1,Alto,amount_zscore
TX-0016902,2025-12-10 10:24:04,ACC-00352,Saque,ATM,7089.66,RJ,DEV-00352-A,1,Viagem,MER-1043,0,Normal,69,SP,9357.54,4833,1335.81,Digital,1616.333,1523.6857193387495,1041.6999999999998,3.592162695057166,1,2,10,Wednesday,2025-12,1,1,0,0,0,0,0,0,30,1,Alto,amount_zscore
TX-0013278,2025-04-15 18:19:25,ACC-00312,PIX,Internet Banking,4631.46,PE,DEV-00312-A,1,Eletronicos,MER-0442,0,Normal,50,PE,5753.35,3890,914.79,Empresarial,921.1709523809524,939.835380308194,632.84,3.947807377077417,1,1,18,Tuesday,2025-04,0,1,0,0,0,0,0,0,30,1,Alto,amount_zscore
TX-0023363,2025-08-21 13:00:00,ACC-01880,PIX,App,3000.0,SC,DEV-01721-A,1,Mercado,MER-1119,1,Fracionamento,59,SP,14670.47,4888,1036.56,Varejo,1591.6066666666666,1203.468307246654,1182.38,1.170278706013884,2,4,13,Thursday,2025-08,1,0,0,0,0,0,1,1,30,1,Alto,round_amount; structuring
TX-0041908,2025-08-21 12:00:00,ACC-01880,PIX,App,3000.0,SP,DEV-00583-A,1,Servicos,MER-0815,1,Fracionamento,59,SP,14670.47,4888,1036.56,Varejo,1591.6066666666666,1203.468307246654,1182.38,1.170278706013884,2,3,12,Thursday,2025-08,0,0,0,0,0,0,1,1,30,1,Alto,round_amount; structuring
TX-0010905,2025-08-27 10:32:38,ACC-00358,PIX,Internet Banking,3145.08,SP,DEV-00358-A,1,Restaurante,MER-0017,0,Normal,31,SP,4514.29,1144,526.67,Digital,521.8828,648.359788424606,294.29,4.045897427374209,1,1,10,Wednesday,2025-08,0,1,0,0,0,0,0,0,30,1,Alto,amount_zscore
TX-0006864,2025-01-30 14:55:23,ACC-01039,PIX,Internet Banking,748.76,DF,DEV-01039-A,1,Eletronicos,MER-0011,0,Normal,53,DF,1847.69,2415,148.86,Digital,194.274,150.98907222221848,146.115,3.6723584815723225,1,1,14,Thursday,2025-01,0,1,0,0,0,0,0,0,30,1,Alto,amount_zscore
TX-0013346,2025-04-22 12:00:00,ACC-01704,PIX,App,4000.0,MG,DEV-02487-A,1,Mercado,MER-0842,1,Fracionamento,66,GO,3092.17,437,155.63,Varejo,952.8366666666667,1547.1535864752834,111.44,1.9695286621642805,2,3,12,Tuesday,2025-04,1,0,0,0,0,0,1,1,30,1,Alto,round_amount; structuring
TX-0000486,2025-04-21 14:00:00,ACC-01612,PIX,App,4000.0,BA,DEV-00270-A,1,Viagem,MER-1020,1,Fracionamento,19,PR,1269.47,956,59.91,Digital,995.4004545454546,1733.7107139874927,78.185,1.7330454966988347,2,5,14,Monday,2025-04,1,0,0,0,0,0,1,1,30,1,Alto,round_amount; structuring
TX-0001753,2025-01-27 12:00:00,ACC-01236,PIX,App,3000.0,GO,DEV-01665-A,1,Transporte,MER-0674,1,Fracionamento,43,GO,1932.0,2685,100.63,Varejo,807.1725925925925,1440.9361823443721,119.65,1.5218074431580477,2,3,12,Monday,2025-01,0,0,0,0,0,0,1,1,30,1,Alto,round_amount; structuring
TX-0021862,2025-01-22 20:16:39,ACC-01194,PIX,App,257.19,MG,DEV-01194-A,1,Restaurante,MER-0782,0,Normal,69,MG,2279.98,863,86.79,Digital,76.58800000000001,50.559911326399046,73.64,3.5720394925950263,1,1,20,Wednesday,2025-01,0,1,0,0,0,0,0,0,30,1,Alto,amount_zscore
TX-0028465,2025-01-22 18:24:25,ACC-02336,Transferencia,Internet Banking,569.98,SP,DEV-02336-A,1,Eletronicos,MER-1126,0,Normal,77,SP,4034.05,4167,152.26,Digital,153.89869565217393,114.5671322970371,137.58,3.631768518645086,1,1,18,Wednesday,2025-01,0,1,0,0,0,0,0,0,30,1,Alto,amount_zscore
TX-0019160,2025-08-04 18:30:59,ACC-01439,Cartao,E-commerce,2448.58,MG,DEV-01439-A,1,Eletronicos,MER-0962,0,Normal,38,MG,3751.24,77,486.53,Alta renda,603.0715384615385,517.7728959124246,439.325,3.564320334470749,1,1,18,Monday,2025-08,0,1,0,0,0,0,0,0,30,1,Alto,amount_zscore
TX-0027690,2025-09-22 13:00:00,ACC-00683,PIX,App,4000.0,BA,DEV-01375-A,1,Eletronicos,MER-0286,1,Fracionamento,35,RJ,4511.97,4240,253.87,Varejo,914.2790322580646,1415.5576387307697,250.75,2.1798624678460166,2,4,13,Monday,2025-09,1,0,0,0,0,0,1,1,30,1,Alto,round_amount; structuring
TX-0009108,2025-09-19 08:25:20,ACC-00003,Cartao,POS,836.49,PR,DEV-00003-A,1,Mercado,MER-0389,0,Normal,52,PR,1115.87,3883,135.89,Varejo,191.69166666666666,182.25655906054038,140.345,3.537860786229098,1,1,8,Friday,2025-09,0,1,0,0,0,0,0,0,30,1,Alto,amount_zscore
TX-0048068,2025-09-20 13:00:00,ACC-02294,PIX,App,4000.0,PR,DEV-01799-A,1,Viagem,MER-0564,1,Fracionamento,41,SP,9136.39,2521,322.47,Varejo,1089.555,1524.3021010528064,423.315,1.9093623225932779,2,4,13,Saturday,2025-09,1,0,0,0,0,0,1,1,30,1,Alto,round_amount; structuring
TX-0003856,2025-08-22 10:42:11,ACC-01138,Boleto,App,4281.72,SP,DEV-01138-A,1,Mercado,MER-0221,0,Normal,33,SP,5537.98,3232,828.73,Digital,991.3148,895.390504175506,736.38,3.6748269996786185,1,1,10,Friday,2025-08,0,1,0,0,0,0,0,0,30,1,Alto,amount_zscore
TX-0011230,2025-05-30 14:00:00,ACC-00188,PIX,App,4000.0,PR,DEV-01952-A,1,Outros,MER-0371,1,Fracionamento,75,SP,3352.0,3989,121.89,Alta renda,917.3729629629629,1648.4333382961734,144.56,1.8700343929122736,2,5,14,Friday,2025-05,1,0,0,0,0,0,1,1,30,1,Alto,round_amount; structuring
TX-0043922,2025-05-31 09:08:07,ACC-01057,Cartao,E-commerce,4502.43,MG,DEV-01057-A,1,Restaurante,MER-0697,0,Normal,49,MG,4655.27,2040,631.87,Varejo,1118.1979166666667,912.6118812649253,965.06,3.708292816265574,1,1,9,Saturday,2025-05,0,1,0,0,0,0,0,0,30,1,Alto,amount_zscore
TX-0046405,2025-09-26 18:57:32,ACC-01373,Transferencia,App,4243.45,SC,DEV-01373-A,1,Eletronicos,MER-0577,0,Normal,61,SC,6658.87,2507,424.75,Digital,561.505294117647,764.2515716669252,346.27,4.817712965707856,1,1,18,Friday,2025-09,0,1,0,0,0,0,0,0,30,1,Alto,amount_zscore
TX-0008929,2025-08-04 07:57:17,ACC-00058,Cartao,POS,2660.88,SP,DEV-00058-A,1,Mercado,MER-0888,0,Normal,67,SP,4603.12,3125,391.26,Digital,428.4516129032258,496.2841360087772,258.12,4.498286818213533,1,1,7,Monday,2025-08,0,1,0,0,0,0,0,0,30,1,Alto,amount_zscore
TX-0048250,2025-12-10 08:50:02,ACC-00510,Boleto,Internet Banking,3309.23,BA,DEV-00510-A,1,Transporte,MER-0645,0,Normal,51,BA,6996.09,2434,564.11,Varejo,622.9934615384616,654.4674552699611,429.26,4.10446159978038,1,1,8,Wednesday,2025-12,0,1,0,0,0,0,0,0,30,1,Alto,amount_zscore
TX-0021326,2025-08-04 14:00:00,ACC-00802,PIX,App,4000.0,GO,DEV-02414-A,1,Servicos,MER-1112,1,Fracionamento,24,SC,3963.69,2785,561.55,Alta renda,1542.9466666666667,1527.2351824402597,725.14,1.6088244702478527,2,5,14,Monday,2025-08,1,0,0,0,0,0,1,1,30,1,Alto,round_amount; structuring
TX-0005688,2025-01-22 13:00:00,ACC-00400,PIX,App,3000.0,GO,DEV-00852-A,1,Eletronicos,MER-0335,1,Fracionamento,70,RS,2077.95,4183,306.07,Varejo,1081.5382608695652,1603.948027996861,276.98,1.1960872208099933,2,4,13,Wednesday,2025-01,1,0,0,0,0,0,1,1,30,1,Alto,round_amount; structuring
TX-0005118,2025-02-16 19:16:27,ACC-01597,Cartao,Carteira digital,1522.75,SP,DEV-01597-A,1,Transporte,MER-0072,0,Normal,38,SP,3227.28,1368,312.29,Varejo,373.55434782608694,317.1693603771577,291.11,3.6232871006435245,1,1,19,Sunday,2025-02,0,1,0,0,0,0,0,0,30,1,Alto,amount_zscore
TX-0019648,2025-12-08 09:04:23,ACC-01512,PIX,App,1554.05,SP,DEV-01512-A,1,Outros,MER-0471,0,Normal,40,SP,2360.13,2054,348.21,Empresarial,358.61120000000005,289.95783150773264,315.01,4.122802249499234,1,1,9,Monday,2025-12,0,1,0,0,0,0,0,0,30,1,Alto,amount_zscore
TX-0036731,2025-12-07 17:26:42,ACC-01107,Cartao,POS,1445.69,SP,DEV-01107-A,1,Transporte,MER-0178,0,Normal,23,SP,4150.52,383,251.58,Empresarial,256.81945945945944,267.25936551457886,170.13,4.4483774712684045,1,1,17,Sunday,2025-12,0,1,0,0,0,0,0,0,30,1,Alto,amount_zscore
TX-0001245,2025-12-07 14:00:00,ACC-01714,PIX,App,4000.0,MG,DEV-00969-A,1,Servicos,MER-0945,1,Fracionamento,50,MG,14820.02,4620,1930.7,Varejo,2249.837894736842,1642.048052130763,1677.15,1.0658409801053652,2,5,14,Sunday,2025-12,0,0,0,0,0,0,1,1,30,1,Alto,round_amount; structuring
TX-0043119,2025-08-04 12:00:00,ACC-00802,PIX,App,4000.0,RJ,DEV-01739-A,1,Transporte,MER-0848,1,Fracionamento,24,SC,3963.69,2785,561.55,Alta renda,1542.9466666666667,1527.2351824402597,725.14,1.6088244702478527,2,3,12,Monday,2025-08,1,0,0,0,0,0,1,1,30,1,Alto,round_amount; structuring
TX-0015271,2025-08-04 11:39:33,ACC-00819,Saque,ATM,415.14,SP,DEV-00819-A,1,Eletronicos,MER-0605,0,Normal,77,SP,848.58,4195,35.0,Empresarial,53.7235,88.72619611241626,30.675,4.073391127261723,1,1,11,Monday,2025-08,0,1,0,0,0,0,0,0,30,1,Alto,amount_zscore
TX-0021872,2025-10-27 15:57:13,ACC-00137,Cartao,POS,1826.69,RJ,DEV-00137-A,1,Servicos,MER-0377,0,Normal,48,RJ,6637.01,3483,205.42,Varejo,263.9244444444445,405.2744661442375,159.16500000000002,3.8560671498099417,1,1,15,Monday,2025-10,0,1,0,0,0,0,0,0,30,1,Alto,amount_zscore
TX-0035869,2025-10-26 06:54:51,ACC-00855,PIX,App,716.9,RS,DEV-00855-A,1,Viagem,MER-0649,0,Normal,52,RS,1872.71,3567,113.37,Varejo,129.8984375,127.5444670366903,88.745,4.602328710434292,1,1,6,Sunday,2025-10,0,1,0,0,0,0,0,0,30,1,Alto,amount_zscore
TX-0044088,2025-06-01 21:23:40,ACC-01214,Cartao,Carteira digital,179.22,MG,DEV-01214-A,1,Eletronicos,MER-0016,0,Normal,76,MG,1286.49,765,40.69,Varejo,48.9816,35.71158561774222,39.53,3.6469509193480056,1,1,21,Sunday,2025-06,0,1,0,0,0,0,0,0,30,1,Alto,amount_zscore
TX-0043567,2025-02-20 19:14:52,ACC-01927,Boleto,App,2609.63,RJ,NEW-6840946,0,Mercado,MER-1189,0,Normal,29,RJ,8086.03,4466,573.76,Digital,674.5857142857143,499.7223161615271,513.415,3.8722390878553723,1,1,19,Thursday,2025-02,0,1,0,0,0,0,0,0,30,1,Alto,amount_zscore
TX-0003041,2025-09-26 15:59:10,ACC-00060,Boleto,Internet Banking,1186.83,SP,DEV-00060-A,1,Transporte,MER-0085,0,Normal,64,SP,2667.43,3770,173.94,Varejo,260.3383333333333,244.98297924104048,189.06,3.781861374765489,1,1,15,Friday,2025-09,0,1,0,0,0,0,0,0,30,1,Alto,amount_zscore
TX-0010471,2025-09-28 19:04:54,ACC-00760,Saque,ATM,2022.49,PR,DEV-00760-A,1,Eletronicos,MER-0343,0,Normal,51,PR,7903.4,3155,719.92,Varejo,578.1947058823529,412.28352850492416,516.26,3.50316031143698,1,1,19,Sunday,2025-09,0,1,0,0,0,0,0,0,30,1,Alto,amount_zscore
TX-0044392,2025-02-15 22:21:19,ACC-01160,PIX,Internet Banking,654.53,RJ,DEV-01160-A,1,Restaurante,MER-0445,0,Normal,46,RJ,710.23,1253,111.98,Varejo,142.03050000000002,143.53747038665546,90.975,3.5704927683304533,1,1,22,Saturday,2025-02,0,1,0,0,0,0,0,0,30,1,Alto,amount_zscore
TX-0030031,2025-12-08 19:27:58,ACC-01851,PIX,App,5667.54,SP,DEV-01851-A,1,Restaurante,MER-0698,0,Normal,77,SP,7756.7,3193,853.63,Alta renda,1223.6294444444445,1258.4473297888214,898.1600000000001,3.531264638863577,1,1,19,Monday,2025-12,0,1,0,0,0,0,0,0,30,1,Alto,amount_zscore
TX-0032512,2025-12-08 15:00:32,ACC-01914,Cartao,POS,4958.56,SP,DEV-01914-A,1,Eletronicos,MER-1090,0,Normal,38,SP,6964.67,2696,916.31,Digital,1181.1465217391305,1077.2475906452464,818.08,3.506541589012315,1,1,15,Monday,2025-12,0,1,0,0,0,0,0,0,30,1,Alto,amount_zscore
TX-0028383,2025-02-16 20:45:05,ACC-00984,Transferencia,Internet Banking,1020.57,SP,DEV-00984-A,1,Mercado,MER-0986,0,Normal,70,SP,3318.89,513,155.12,Varejo,206.18045454545455,224.639441592146,128.35000000000002,3.625318598027617,1,1,20,Sunday,2025-02,0,1,0,0,0,0,0,0,30,1,Alto,amount_zscore
TX-0003816,2025-08-02 14:00:00,ACC-01882,PIX,App,3000.0,DF,DEV-01571-A,1,Mercado,MER-0583,1,Fracionamento,47,SP,2581.76,3447,381.68,Digital,1585.7106666666666,1752.103153745181,497.63,0.8071952443611787,2,5,14,Saturday,2025-08,1,0,0,0,0,0,1,1,30,1,Alto,round_amount; structuring
TX-0017861,2025-08-02 12:00:00,ACC-02344,PIX,App,4000.0,DF,DEV-02415-A,1,Viagem,MER-0048,1,Fracionamento,22,PE,2405.78,2220,284.85,Digital,1239.4785714285713,1656.791874712348,397.36,1.6661847940621448,2,3,12,Saturday,2025-08,1,0,0,0,0,0,1,1,30,1,Alto,round_amount; structuring
TX-0035065,2025-02-11 12:20:04,ACC-02251,Cartao,E-commerce,3588.61,DF,DEV-02251-A,1,Servicos,MER-1043,0,Normal,38,DF,6826.41,1172,672.47,Alta renda,827.574827586207,625.7106930101887,638.27,4.41263862557777,1,1,12,Tuesday,2025-02,0,1,0,0,0,0,0,0,30,1,Alto,amount_zscore
TX-0049542,2025-02-07 11:56:55,ACC-01885,Boleto,App,1385.01,PE,NEW-2742234,0,Outros,MER-0928,0,Normal,46,PE,2356.35,3262,203.22,Digital,263.87125,319.12145810803764,187.475,3.5132038962432977,1,1,11,Friday,2025-02,0,1,0,0,0,0,0,0,30,1,Alto,amount_zscore
TX-0021100,2025-05-26 15:41:04,ACC-02247,Cartao,POS,2008.46,SP,DEV-02247-A,1,Restaurante,MER-1103,0,Normal,31,SP,2588.05,827,288.77,Digital,372.925,387.6419806201728,254.76999999999998,4.219189566061378,1,1,15,Monday,2025-05,0,1,0,0,0,0,0,0,30,1,Alto,amount_zscore
TX-0040758,2025-05-29 15:01:00,ACC-02080,PIX,App,3710.1,MG,DEV-02080-A,1,Servicos,MER-0997,1,Alta velocidade,44,MG,3583.01,4615,423.65,Varejo,678.2885714285713,865.2630685079595,411.605,3.503918679667465,2,2,15,Thursday,2025-05,0,1,0,0,0,0,0,0,30,1,Alto,amount_zscore
TX-0019729,2025-08-21 14:00:00,ACC-01880,PIX,App,4000.0,SP,DEV-01597-A,1,Viagem,MER-0393,1,Fracionamento,59,SP,14670.47,4888,1036.56,Varejo,1591.6066666666666,1203.468307246654,1182.38,2.001210433902791,2,5,14,Thursday,2025-08,0,0,0,0,0,0,1,1,30,1,Alto,round_amount; structuring
TX-0025752,2025-12-13 13:43:49,ACC-00654,Saque,ATM,4405.57,SP,DEV-00654-A,1,Mercado,MER-1068,0,Normal,75,SP,4552.22,2330,590.77,Alta renda,840.0461904761905,921.8249626934398,542.16,3.8678967849881847,1,1,13,Saturday,2025-12,0,1,0,0,0,0,0,0,30,1,Alto,amount_zscore
TX-0034816,2025-08-17 07:59:35,ACC-00256,Boleto,Internet Banking,720.46,BA,DEV-00256-A,1,Restaurante,MER-1112,0,Normal,37,BA,1797.16,280,113.29,Varejo,164.72678571428574,151.97354428768116,112.61500000000001,3.6567760322397214,1,1,7,Sunday,2025-08,0,1,0,0,0,0,0,0,30,1,Alto,amount_zscore
TX-0017139,2025-08-06 14:00:00,ACC-01085,PIX,App,4000.0,RJ,DEV-01927-A,1,Restaurante,MER-0868,1,Fracionamento,22,BA,2893.66,4080,206.48,Alta renda,1050.8565,1552.73002396382,167.14,1.8993279285418891,2,5,14,Wednesday,2025-08,1,0,0,0,0,0,1,1,30,1,Alto,round_amount; structuring
TX-0011489,2025-08-06 13:00:00,ACC-01085,PIX,App,3000.0,BA,DEV-02409-A,1,Servicos,MER-0963,1,Fracionamento,22,BA,2893.66,4080,206.48,Alta renda,1050.8565,1552.73002396382,167.14,1.2553009666317991,2,4,13,Wednesday,2025-08,0,0,0,0,0,0,1,1,30,1,Alto,round_amount; structuring
TX-0047202,2025-04-09 13:35:16,ACC-00544,PIX,App,3373.7,DF,DEV-00544-A,1,Servicos,MER-0280,0,Normal,64,DF,6943.46,2898,458.66,Alta renda,743.7284999999999,731.4627467599643,538.15,3.595496163884676,1,1,13,Wednesday,2025-04,0,1,0,0,0,0,0,0,30,1,Alto,amount_zscore
TX-0032367,2025-08-05 15:17:14,ACC-02069,Cartao,Carteira digital,3143.3,MG,DEV-02069-A,1,Eletronicos,MER-0460,0,Normal,53,MG,8684.26,4907,349.0,Digital,562.1204166666666,611.7398700391133,405.395,4.219407152861066,1,1,15,Tuesday,2025-08,0,1,0,0,0,0,0,0,30,1,Alto,amount_zscore
TX-0035114,2025-09-23 13:00:00,ACC-01371,PIX,App,3000.0,RJ,DEV-00922-A,1,Servicos,MER-0679,1,Fracionamento,59,PR,13300.27,3755,1380.81,Varejo,1850.2064516129033,1480.7489274227605,1444.75,0.7764946015448475,2,4,13,Tuesday,2025-09,1,0,0,0,0,0,1,1,30,1,Alto,round_amount; structuring
TX-0036618,2025-10-24 13:00:00,ACC-01415,PIX,App,4000.0,RS,DEV-01331-A,1,Viagem,MER-0070,1,Fracionamento,41,RS,6416.93,1389,626.12,Digital,1363.9624999999999,1585.0203756590472,648.885,1.6630937623776243,2,4,13,Friday,2025-10,0,0,0,0,0,0,1,1,30,1,Alto,round_amount; structuring
TX-0007707,2025-10-23 21:55:58,ACC-02448,Cartao,E-commerce,2340.07,SP,DEV-02448-A,1,Viagem,MER-0725,0,Normal,21,SP,8030.7,3284,362.08,Digital,419.29315789473685,494.1589971305079,330.78,3.886961187105502,1,1,21,Thursday,2025-10,0,1,0,0,0,0,0,0,30,1,Alto,amount_zscore
TX-0034330,2025-10-23 12:41:41,ACC-01366,Cartao,E-commerce,2843.74,SP,DEV-01366-A,1,Restaurante,MER-0778,0,Normal,26,DF,2824.6,2739,444.89,Varejo,518.8942105263158,608.4924754151377,345.4,3.820664812473781,1,1,12,Thursday,2025-10,1,1,0,0,0,0,0,0,30,1,Alto,amount_zscore
TX-0007752,2025-06-05 17:51:24,ACC-00726,Boleto,Internet Banking,2353.58,SP,DEV-00726-A,1,Outros,MER-0530,0,Normal,63,SP,4003.04,3934,400.31,Varejo,599.3461904761905,497.4726468709228,521.28,3.526291989233678,1,1,17,Thursday,2025-06,0,1,0,0,0,0,0,0,30,1,Alto,amount_zscore
TX-0023583,2025-10-21 11:15:04,ACC-01884,Cartao,Carteira digital,2136.71,GO,DEV-01884-A,1,Viagem,MER-0364,0,Normal,19,GO,2667.37,784,349.63,Empresarial,391.4083333333333,391.4805264485142,299.51,4.458208132342953,1,1,11,Tuesday,2025-10,0,1,0,0,0,0,0,0,30,1,Alto,amount_zscore
TX-0037315,2025-10-20 14:00:00,ACC-01322,PIX,App,4000.0,PE,DEV-00661-A,1,Mercado,MER-0211,1,Fracionamento,48,SP,7838.13,277,1083.2,Alta renda,1609.1888461538463,1453.1978728647437,878.31,1.645206890602625,2,5,14,Monday,2025-10,1,0,0,0,0,0,1,1,30,1,Alto,round_amount; structuring
TX-0009231,2025-10-20 10:40:18,ACC-00287,PIX,App,1311.93,SP,DEV-00287-A,1,Servicos,MER-0749,0,Normal,69,SP,4281.16,4593,319.61,Varejo,298.3305,287.50900664107354,188.89999999999998,3.525453034817022,1,1,10,Monday,2025-10,0,1,0,0,0,0,0,0,30,1,Alto,amount_zscore
TX-0009454,2025-08-06 12:57:02,ACC-01821,Transferencia,Internet Banking,2288.92,SP,DEV-01821-A,1,Outros,MER-0703,0,Normal,52,SP,7418.71,4173,360.4,Varejo,432.1586956521739,459.3083103804949,290.61,4.042516241018303,1,1,12,Wednesday,2025-08,0,1,0,0,0,0,0,0,30,1,Alto,amount_zscore
TX-0033273,2025-05-13 13:00:00,ACC-02305,PIX,App,3000.0,RJ,DEV-01280-A,1,Mercado,MER-1102,1,Fracionamento,73,SP,2925.15,4818,283.04,Alta renda,1420.4336666666668,2887.4213143809247,363.78,0.5470508669677805,2,4,13,Tuesday,2025-05,1,0,0,0,0,0,1,1,30,1,Alto,round_amount; structuring
TX-0031748,2025-05-13 12:00:00,ACC-02305,PIX,App,3000.0,PR,DEV-01922-A,1,Eletronicos,MER-1096,1,Fracionamento,73,SP,2925.15,4818,283.04,Alta renda,1420.4336666666668,2887.4213143809247,363.78,0.5470508669677805,2,3,12,Tuesday,2025-05,1,0,0,0,0,0,1,1,30,1,Alto,round_amount; structuring
TX-0044939,2025-10-30 16:06:19,ACC-00901,Boleto,App,5587.07,BA,DEV-00901-A,1,Eletronicos,MER-1103,0,Normal,71,BA,9360.67,457,469.93,Digital,850.4888235294118,1290.6242336408493,588.59,3.6699924369998063,1,1,16,Thursday,2025-10,0,1,0,0,0,0,0,0,30,1,Alto,amount_zscore
TX-0002373,2025-10-28 13:06:12,ACC-02209,Saque,ATM,2203.48,MG,DEV-02209-A,1,Restaurante,MER-0791,0,Normal,74,MG,1903.65,3726,258.32,Alta renda,371.882,458.5281829666927,242.70499999999998,3.994515643835673,1,1,13,Tuesday,2025-10,0,1,0,0,0,0,0,0,30,1,Alto,amount_zscore
TX-0029155,2025-01-17 09:04:46,ACC-00192,Cartao,Carteira digital,521.1,SP,DEV-00192-A,1,Outros,MER-0487,0,Normal,23,SP,3010.29,1341,116.75,Alta renda,117.89782608695653,102.41547650075879,92.39,3.936926211636151,1,1,9,Friday,2025-01,0,1,0,0,0,0,0,0,30,1,Alto,amount_zscore
TX-0035228,2025-09-02 12:36:15,ACC-01383,PIX,Internet Banking,695.49,MG,DEV-01383-A,1,Transporte,MER-0641,0,Normal,77,MG,2505.83,2204,168.43,Varejo,127.44190476190475,140.85532888815558,89.74,4.032847743297996,1,1,12,Tuesday,2025-09,0,1,0,0,0,0,0,0,30,1,Alto,amount_zscore
TX-0003737,2025-08-31 19:47:29,ACC-01718,Cartao,POS,1604.88,BA,DEV-01718-A,1,Transporte,MER-1005,0,Normal,19,BA,2792.47,4391,235.08,Digital,360.7841379310345,299.02866486482105,326.23,4.160456866673207,1,1,19,Sunday,2025-08,0,1,0,0,0,0,0,0,30,1,Alto,amount_zscore
TX-0003538,2025-09-02 20:13:15,ACC-00469,Transferencia,App,3543.73,PR,DEV-00469-A,1,Mercado,MER-0328,0,Normal,55,PR,1563.98,1169,241.92,Varejo,451.06944444444446,796.4176873643202,194.48,3.8832143040299183,1,1,20,Tuesday,2025-09,0,1,0,0,0,0,0,0,30,1,Alto,amount_zscore
TX-0031018,2025-08-14 13:39:47,ACC-02365,Boleto,Internet Banking,377.32,SP,DEV-02365-A,1,Outros,MER-1181,0,Normal,27,SP,1700.1,1264,77.02,Varejo,88.53961538461539,78.08894566996123,66.2,3.6980955772651805,1,1,13,Thursday,2025-08,0,1,0,0,0,0,0,0,30,1,Alto,amount_zscore
TX-0039690,2025-08-30 10:17:10,ACC-01096,Saque,ATM,799.1,BA,DEV-01096-A,1,Viagem,MER-0692,0,Normal,73,BA,1828.63,3463,170.18,Varejo,190.00130434782608,158.56664048750628,163.64,3.841278933447328,1,1,10,Saturday,2025-08,0,1,0,0,0,0,0,0,30,1,Alto,amount_zscore
TX-0026265,2025-01-21 17:11:33,ACC-01779,PIX,Internet Banking,690.6,RJ,DEV-01779-A,1,Outros,MER-0866,0,Normal,52,RJ,2643.33,2195,127.47,Empresarial,157.2248,151.02344523064403,126.67,3.531737732412513,1,1,17,Tuesday,2025-01,0,1,0,0,0,0,0,0,30,1,Alto,amount_zscore
TX-0005955,2025-03-22 18:01:00,ACC-00284,Cartao,E-commerce,2704.81,SP,DEV-00284-A,1,Outros,MER-0013,1,Alta velocidade,33,BA,1528.94,4475,79.75,Empresarial,229.31806451612903,497.2078411718742,74.75,4.978786999113607,2,2,18,Saturday,2025-03,1,1,0,0,0,0,0,0,30,1,Alto,amount_zscore
TX-0004900,2025-03-18 18:29:05,ACC-01541,Cartao,POS,905.59,RJ,DEV-01541-A,1,Transporte,MER-0515,0,Normal,70,RJ,1980.99,2834,242.21,Digital,247.97375,173.97442152855592,219.65499999999997,3.7799593999055765,1,1,18,Tuesday,2025-03,0,1,0,0,0,0,0,0,30,1,Alto,amount_zscore
TX-0023809,2025-03-20 13:32:24,ACC-00740,Cartao,E-commerce,655.33,RJ,DEV-00740-A,1,Outros,MER-0379,0,Normal,33,RJ,1947.39,3697,163.17,Empresarial,131.29,141.58616018010184,83.5,3.701209209525885,1,1,13,Thursday,2025-03,0,1,0,0,0,0,0,0,30,1,Alto,amount_zscore
TX-0038361,2025-07-02 14:00:00,ACC-01559,PIX,App,4000.0,PR,DEV-02400-A,1,Mercado,MER-0665,1,Fracionamento,45,SC,1598.19,1628,53.41,Alta renda,599.6054838709678,1258.209012010958,60.9,2.70256728704739,2,5,14,Wednesday,2025-07,1,0,0,0,0,0,1,1,30,1,Alto,round_amount; structuring
TX-0024496,2025-07-02 23:36:42,ACC-00774,Transferencia,App,2702.84,RJ,DEV-00774-A,1,Servicos,MER-0212,0,Normal,73,RJ,2902.42,2897,324.68,Varejo,540.0713636363636,600.1343532298608,304.74,3.603807421994492,1,1,23,Wednesday,2025-07,0,1,0,0,0,0,0,0,30,1,Alto,amount_zscore
TX-0034465,2025-12-28 14:00:00,ACC-00805,PIX,App,4000.0,RJ,DEV-01569-A,1,Eletronicos,MER-0163,1,Fracionamento,74,BA,5899.23,1664,465.71,Alta renda,1464.1563636363637,2832.3127937626105,422.73,0.8953261242713496,2,5,14,Sunday,2025-12,1,0,0,0,0,0,1,1,30,1,Alto,round_amount; structuring
TX-0026494,2025-12-28 13:00:00,ACC-00805,PIX,App,4000.0,PE,DEV-00882-A,1,Viagem,MER-0272,1,Fracionamento,74,BA,5899.23,1664,465.71,Alta renda,1464.1563636363637,2832.3127937626105,422.73,0.8953261242713496,2,4,13,Sunday,2025-12,1,0,0,0,0,0,1,1,30,1,Alto,round_amount; structuring
TX-0038444,2025-08-30 12:00:48,ACC-00231,PIX,App,3335.59,SP,DEV-00231-A,1,Restaurante,MER-0802,0,Normal,50,SP,3330.46,4426,446.2,Varejo,544.4035,686.1403631318334,429.755,4.067952637649606,1,1,12,Saturday,2025-08,0,1,0,0,0,0,0,0,30,1,Alto,amount_zscore
TX-0027344,2025-09-16 22:57:09,ACC-02081,Cartao,Carteira digital,5544.04,MG,DEV-02081-A,1,Outros,MER-1065,0,Normal,43,MG,3539.47,2627,393.82,Alta renda,779.374,1335.460812543745,351.14,3.567806674105554,1,1,22,Tuesday,2025-09,0,1,0,0,0,0,0,0,30,1,Alto,amount_zscore
TX-0033935,2025-09-16 22:33:15,ACC-01482,PIX,App,4970.76,SP,DEV-01482-A,1,Viagem,MER-0565,0,Normal,32,SP,4439.18,4040,657.56,Alta renda,744.5674074074074,909.0270290878323,584.05,4.649138537534342,1,1,22,Tuesday,2025-09,0,1,0,0,0,0,0,0,30,1,Alto,amount_zscore
TX-0020212,2025-09-16 15:08:33,ACC-01648,Cartao,E-commerce,507.62,PR,DEV-01648-A,1,Viagem,MER-0122,0,Normal,37,PR,1997.57,2029,154.19,Alta renda,129.80875,94.2473537080923,94.78,4.008719981360709,1,1,15,Tuesday,2025-09,0,1,0,0,0,0,0,0,30,1,Alto,amount_zscore
TX-0027157,2025-12-18 11:06:03,ACC-01874,PIX,Internet Banking,1433.88,RJ,DEV-01874-A,1,Outros,MER-0241,0,Normal,54,SP,1956.48,527,200.34,Digital,278.62111111111113,316.3845593374928,176.47,3.6514389049452776,1,1,11,Thursday,2025-12,1,1,0,0,0,0,0,0,30,1,Alto,amount_zscore
TX-0037892,2025-12-17 13:44:44,ACC-01844,PIX,App,1529.36,RJ,DEV-01844-A,1,Outros,MER-0566,0,Normal,40,RJ,2846.11,1912,274.46,Digital,318.10115384615386,298.0844766884303,238.33499999999998,4.063475091391296,1,1,13,Wednesday,2025-12,0,1,0,0,0,0,0,0,30,1,Alto,amount_zscore
TX-0028732,2025-12-20 18:48:13,ACC-00670,Cartao,POS,4599.99,DF,DEV-00670-A,1,Viagem,MER-0471,0,Normal,35,RS,3208.01,285,465.58,Digital,721.6408,901.8869059178096,481.46,4.3002611242627795,1,1,18,Saturday,2025-12,1,1,0,0,0,0,0,0,30,1,Alto,amount_zscore
TX-0005645,2025-01-27 13:00:00,ACC-01236,PIX,App,3000.0,RJ,DEV-02110-A,1,Outros,MER-0376,1,Fracionamento,43,GO,1932.0,2685,100.63,Varejo,807.1725925925925,1440.9361823443721,119.65,1.5218074431580477,2,4,13,Monday,2025-01,1,0,0,0,0,0,1,1,30,1,Alto,round_amount; structuring
TX-0022533,2025-10-30 15:09:37,ACC-01389,Cartao,POS,4543.48,PE,NEW-6368694,0,Viagem,MER-0549,0,Normal,24,PE,4121.73,3570,506.87,Varejo,641.1503571428572,863.0706547382073,410.67499999999995,4.521448645523494,1,1,15,Thursday,2025-10,0,1,0,0,0,0,0,0,30,1,Alto,amount_zscore
TX-0002970,2025-10-31 17:53:45,ACC-00849,Boleto,App,2023.37,BA,DEV-00849-A,1,Outros,MER-1143,0,Normal,50,BA,1542.41,4116,234.27,Empresarial,353.4326315789474,442.7837452833318,207.72,3.771451382779375,1,1,17,Friday,2025-10,0,1,0,0,0,0,0,0,30,1,Alto,amount_zscore
TX-0024662,2025-05-21 21:07:15,ACC-02127,PIX,Internet Banking,2805.91,MG,DEV-02127-A,1,Transporte,MER-1046,0,Normal,27,RS,2726.6,1704,359.05,Alta renda,386.8278260869566,550.5924264161989,269.58,4.393598709046594,1,1,21,Wednesday,2025-05,1,1,0,0,0,0,0,0,30,1,Alto,amount_zscore
TX-0041093,2025-11-08 10:02:00,ACC-01867,PIX,Internet Banking,1544.31,RS,DEV-01867-A,1,Servicos,MER-0157,0,Normal,77,RS,2799.39,849,426.79,Empresarial,464.14480000000003,291.40970773008456,425.74,3.7066891436591827,1,1,10,Saturday,2025-11,0,1,0,0,0,0,0,0,30,1,Alto,amount_zscore
TX-0013812,2025-01-28 14:18:38,ACC-01794,Transferencia,Internet Banking,626.96,SP,DEV-01794-A,1,Viagem,MER-0649,0,Normal,30,BA,2108.14,2044,158.65,Alta renda,153.48185185185187,124.3688932799095,118.09,3.8070464057480975,1,1,14,Tuesday,2025-01,1,1,0,0,0,0,0,0,30,1,Alto,amount_zscore
TX-0049800,2025-01-27 16:33:24,ACC-01762,PIX,Internet Banking,710.12,SP,DEV-01762-A,1,Transporte,MER-0082,0,Normal,51,SP,3127.79,1802,133.75,Varejo,152.28423076923076,133.97918044750318,105.39500000000001,4.163600399461655,1,1,16,Monday,2025-01,0,1,0,0,0,0,0,0,30,1,Alto,amount_zscore
TX-0018940,2025-01-30 10:15:20,ACC-01523,Cartao,E-commerce,1458.72,SP,DEV-01523-A,1,Eletronicos,MER-0381,0,Normal,65,SP,1543.6,4121,230.53,Varejo,339.64285714285717,304.7570016446358,289.66,3.67203095193216,1,1,10,Thursday,2025-01,0,1,0,0,0,0,0,0,30,1,Alto,amount_zscore
TX-0005286,2025-08-26 14:00:00,ACC-01388,PIX,App,4000.0,MG,DEV-00268-A,1,Viagem,MER-0545,1,Fracionamento,38,SP,3346.23,1670,531.79,Digital,1553.068,1466.4122851620841,813.95,1.6686521415289002,2,5,14,Tuesday,2025-08,1,0,0,0,0,0,1,1,30,1,Alto,round_amount; structuring
TX-0029899,2025-01-21 14:11:43,ACC-01731,PIX,Internet Banking,768.5,RJ,DEV-01731-A,1,Transporte,MER-1138,0,Normal,22,RJ,1559.37,3196,197.71,Digital,189.36909090909091,159.66778924674733,140.59,3.6270991902814664,1,1,14,Tuesday,2025-01,0,1,0,0,0,0,0,0,30,1,Alto,amount_zscore
TX-0010985,2025-01-20 17:04:08,ACC-00241,PIX,Internet Banking,9476.81,SP,DEV-00241-A,1,Viagem,MER-1093,0,Normal,20,SP,19922.78,1579,2044.69,Digital,2407.8064999999997,1950.7682188881251,2402.835,3.623702411980601,1,1,17,Monday,2025-01,0,1,0,0,0,0,0,0,30,1,Alto,amount_zscore
TX-0020608,2025-12-21 11:52:50,ACC-00450,Saque,ATM,1737.14,BA,DEV-00450-A,1,Eletronicos,MER-0354,0,Normal,76,BA,4110.84,3864,251.73,Alta renda,384.68333333333334,357.01624844442773,335.31,3.7882216077265927,1,1,11,Sunday,2025-12,0,1,0,0,0,0,0,0,30,1,Alto,amount_zscore
TX-0001990,2025-05-23 16:20:59,ACC-00170,PIX,App,2730.6,RS,DEV-00170-A,1,Eletronicos,MER-0556,0,Normal,76,RS,9480.35,3378,413.48,Empresarial,479.39909090909094,553.7711169952635,341.895,4.06521907698224,1,1,16,Friday,2025-05,0,1,0,0,0,0,0,0,30,1,Alto,amount_zscore
TX-0004028,2025-10-09 09:32:17,ACC-00020,Boleto,App,650.45,BA,DEV-00020-A,1,Servicos,MER-0723,0,Normal,18,BA,1566.54,2813,102.92,Varejo,134.9368,127.81336659755112,98.36,4.033327763153351,1,1,9,Thursday,2025-10,0,1,0,0,0,0,0,0,30,1,Alto,amount_zscore
TX-0028223,2025-10-06 14:00:00,ACC-01105,PIX,App,4000.0,RJ,DEV-01234-A,1,Restaurante,MER-0263,1,Fracionamento,25,PR,4064.47,4102,104.1,Digital,811.3939130434783,1415.2030125126578,112.02,2.253108606160491,2,5,14,Monday,2025-10,1,0,0,0,0,0,1,1,30,1,Alto,round_amount; structuring
TX-0018725,2025-08-12 14:00:00,ACC-02470,PIX,App,4000.0,RS,DEV-01986-A,1,Restaurante,MER-0173,1,Fracionamento,27,RS,1121.7,3809,35.35,Varejo,849.274347826087,1608.7516336979093,25.34,1.958491035021727,2,5,14,Tuesday,2025-08,0,0,0,0,0,0,1,1,30,1,Alto,round_amount; structuring
TX-0007633,2025-08-12 13:00:00,ACC-02470,PIX,App,4000.0,SP,DEV-01795-A,1,Mercado,MER-0001,1,Fracionamento,27,RS,1121.7,3809,35.35,Varejo,849.274347826087,1608.7516336979093,25.34,1.958491035021727,2,4,13,Tuesday,2025-08,1,0,0,0,0,0,1,1,30,1,Alto,round_amount; structuring
TX-0025396,2025-08-12 12:00:00,ACC-02470,PIX,App,3000.0,SP,DEV-02396-A,1,Mercado,MER-1029,1,Fracionamento,27,RS,1121.7,3809,35.35,Varejo,849.274347826087,1608.7516336979093,25.34,1.3368910446606421,2,3,12,Tuesday,2025-08,1,0,0,0,0,0,1,1,30,1,Alto,round_amount; structuring
TX-0048277,2025-08-09 15:18:10,ACC-00470,Transferencia,Internet Banking,7026.21,SP,DEV-00470-A,1,Outros,MER-0871,0,Normal,45,SP,4145.99,2521,516.73,Alta renda,898.7,1476.2164014840528,591.7950000000001,4.150820973022629,1,1,15,Saturday,2025-08,0,1,0,0,0,0,0,0,30,1,Alto,amount_zscore
TX-0002490,2025-08-09 14:47:50,ACC-00213,Cartao,Carteira digital,3060.42,RJ,DEV-00213-A,1,Transporte,MER-1103,0,Normal,77,RJ,6711.53,1564,579.15,Empresarial,669.4385,661.7368813984111,513.535,3.613190630915529,1,1,14,Saturday,2025-08,0,1,0,0,0,0,0,0,30,1,Alto,amount_zscore
TX-0015841,2025-12-15 21:48:45,ACC-00466,PIX,Internet Banking,11220.83,MG,DEV-00466-A,1,Servicos,MER-0626,0,Normal,75,MG,10013.15,3704,1415.14,Varejo,2361.4377272727274,2223.4170365344717,2158.115,3.984584145552812,1,2,21,Monday,2025-12,0,1,0,0,0,0,0,0,30,1,Alto,amount_zscore
TX-0003891,2025-11-27 09:01:00,ACC-02480,Cartao,E-commerce,2685.13,DF,DEV-02480-A,1,Eletronicos,MER-1140,1,Alta velocidade,37,BA,2321.75,1637,342.27,Empresarial,514.7966666666666,572.9356900743045,317.885,3.788092400129343,2,2,9,Thursday,2025-11,1,1,0,0,0,0,0,0,30,1,Alto,amount_zscore
TX-0049868,2025-11-11 12:00:00,ACC-02194,PIX,App,3000.0,RJ,DEV-00738-A,1,Outros,MER-0038,1,Fracionamento,28,RS,3497.64,3300,278.43,Digital,809.0903571428571,1239.7388120875155,235.225,1.76723485745196,2,3,12,Tuesday,2025-11,1,0,0,0,0,0,1,1,30,1,Alto,round_amount; structuring
TX-0011048,2025-05-28 17:14:45,ACC-01062,PIX,Internet Banking,2138.78,SP,NEW-4746102,0,Viagem,MER-1031,0,Normal,59,SP,5141.64,4418,374.7,Varejo,453.34444444444443,479.14144155393103,304.65999999999997,3.5176159050017115,1,1,17,Wednesday,2025-05,0,1,0,0,0,0,0,0,30,1,Alto,amount_zscore
TX-0022459,2025-05-25 10:08:14,ACC-00741,Boleto,App,2554.14,SP,DEV-00741-A,1,Eletronicos,MER-0451,0,Normal,70,SP,8789.05,2449,570.76,Digital,654.1890909090909,528.6547026080544,547.3050000000001,3.5939355116255083,1,1,10,Sunday,2025-05,0,1,0,0,0,0,0,0,30,1,Alto,amount_zscore
TX-0009115,2025-05-27 12:26:12,ACC-00986,Cartao,Carteira digital,1671.47,RS,DEV-00986-A,1,Mercado,MER-0417,0,Normal,32,GO,1683.62,2921,190.35,Varejo,335.18,374.15550335938883,184.435,3.5714829476033363,1,1,12,Tuesday,2025-05,1,1,0,0,0,0,0,0,30,1,Alto,amount_zscore
TX-0036035,2025-02-06 06:08:02,ACC-00586,PIX,Internet Banking,1625.24,PE,DEV-00586-A,1,Eletronicos,MER-1133,0,Normal,36,PE,4443.72,4250,251.13,Alta renda,325.53633333333335,303.2973234017136,248.43,4.28524608159903,1,1,6,Thursday,2025-02,0,1,0,0,0,0,0,0,30,1,Alto,amount_zscore
TX-0041568,2025-08-09 07:22:48,ACC-01240,Cartao,Carteira digital,848.89,SP,NEW-4161141,0,Mercado,MER-0907,0,Normal,76,SP,2743.47,3097,110.97,Varejo,153.00636363636363,189.49183700336297,81.47,3.6723673555989977,1,1,7,Saturday,2025-08,0,1,0,0,0,0,0,0,30,1,Alto,amount_zscore
TX-0039699,2025-09-23 20:02:43,ACC-01740,Boleto,App,7234.58,RJ,DEV-01740-A,1,Mercado,MER-0599,0,Normal,46,RJ,12943.82,2532,1542.16,Digital,1658.4292,1457.6932968590022,1356.91,3.825325129789193,1,1,20,Tuesday,2025-09,0,1,0,0,0,0,0,0,30,1,Alto,amount_zscore
TX-0001078,2025-08-12 17:14:39,ACC-01848,Cartao,Carteira digital,5812.69,SP,DEV-01848-A,1,Mercado,MER-0334,0,Normal,50,MG,6815.5,2759,893.56,Varejo,1315.764,1237.4277757739408,890.59,3.6340916924928632,1,1,17,Tuesday,2025-08,1,1,0,0,0,0,0,0,30,1,Alto,amount_zscore
TX-0043289,2025-08-22 09:34:26,ACC-01141,Cartao,E-commerce,3239.92,MG,DEV-01141-A,1,Servicos,MER-0838,0,Normal,70,MG,5313.41,2086,489.69,Digital,558.35,665.9803736734152,329.73,4.026500038145259,1,1,9,Friday,2025-08,0,1,0,0,0,0,0,0,30,1,Alto,amount_zscore
TX-0000341,2025-12-14 11:16:21,ACC-00373,Cartao,POS,765.15,DF,DEV-00373-A,1,Viagem,MER-0704,0,Normal,52,DF,3489.55,4376,194.83,Digital,187.91647058823528,160.3827631379529,156.93,3.5990995423570453,1,1,11,Sunday,2025-12,0,1,0,0,0,0,0,0,30,1,Alto,amount_zscore
TX-0025528,2025-10-12 18:44:40,ACC-00097,PIX,App,3504.38,PR,DEV-00097-A,1,Servicos,MER-0292,0,Normal,42,PR,2985.34,333,208.89,Alta renda,414.30916666666667,693.0440227557959,213.995,4.4586934334215655,1,1,18,Sunday,2025-10,0,1,0,0,0,0,0,0,30,1,Alto,amount_zscore
TX-0028839,2025-07-01 11:27:58,ACC-00090,Cartao,E-commerce,4347.92,RJ,DEV-00090-A,1,Servicos,MER-0445,0,Normal,35,RJ,5944.74,3509,644.23,Alta renda,760.7277777777779,853.8159442054751,415.92,4.201364763175406,1,1,11,Tuesday,2025-07,0,1,0,0,0,0,0,0,30,1,Alto,amount_zscore
TX-0021219,2025-07-02 12:00:00,ACC-02068,PIX,App,4000.0,SC,DEV-00517-A,1,Transporte,MER-0176,1,Fracionamento,52,SP,2898.28,1686,139.21,Varejo,1044.5242857142857,1501.9717025782193,277.66,1.9677306231618568,2,3,12,Wednesday,2025-07,1,0,0,0,0,0,1,1,30,1,Alto,round_amount; structuring
TX-0040857,2025-07-02 12:00:00,ACC-02031,PIX,App,4000.0,MG,DEV-01568-A,1,Eletronicos,MER-0469,1,Fracionamento,72,SP,7346.04,2588,637.51,Alta renda,1536.453888888889,1611.7664904078486,717.2,1.5284758218839283,2,3,12,Wednesday,2025-07,1,0,0,0,0,0,1,1,30,1,Alto,round_amount; structuring
TX-0008906,2025-06-29 16:51:43,ACC-00246,Cartao,E-commerce,10511.36,BA,DEV-00246-A,1,Eletronicos,MER-0127,0,Normal,51,BA,6033.88,1921,851.28,Varejo,1420.91,2342.853706961562,837.27,3.880075812240693,1,1,16,Sunday,2025-06,0,1,0,0,0,0,0,0,30,1,Alto,amount_zscore
TX-0022138,2025-06-28 18:09:04,ACC-00744,PIX,Internet Banking,1469.59,RS,DEV-00744-A,1,Eletronicos,MER-0261,0,Normal,34,RS,596.29,691,93.2,Digital,146.75666666666666,309.0686424944034,67.71,4.280063233387668,1,2,18,Saturday,2025-06,0,1,0,0,0,0,0,0,30,1,Alto,amount_zscore
TX-0030888,2025-06-28 14:00:00,ACC-02242,PIX,App,3000.0,BA,DEV-01278-A,1,Restaurante,MER-0418,1,Fracionamento,44,MG,6050.72,4126,933.91,Varejo,2237.526956521739,3232.304488172254,1177.96,0.23589146575402326,2,5,14,Saturday,2025-06,1,0,0,0,0,0,1,1,30,1,Alto,round_amount; structuring
TX-0006385,2025-10-06 13:00:00,ACC-01105,PIX,App,3000.0,RS,DEV-01331-A,1,Outros,MER-1123,1,Fracionamento,25,PR,4064.47,4102,104.1,Digital,811.3939130434783,1415.2030125126578,112.02,1.546496204152863,2,4,13,Monday,2025-10,1,0,0,0,0,0,1,1,30,1,Alto,round_amount; structuring
TX-0019187,2025-10-06 12:00:00,ACC-01105,PIX,App,4000.0,SP,DEV-01257-A,1,Mercado,MER-0550,1,Fracionamento,25,PR,4064.47,4102,104.1,Digital,811.3939130434783,1415.2030125126578,112.02,2.253108606160491,2,3,12,Monday,2025-10,1,0,0,0,0,0,1,1,30,1,Alto,round_amount; structuring
TX-0004824,2025-10-09 16:48:57,ACC-00717,PIX,App,4241.08,MG,DEV-00717-A,1,Mercado,MER-0524,0,Normal,62,MG,9973.74,3528,825.87,Varejo,875.7345833333334,883.1165002174632,569.9200000000001,3.8107604328964144,1,1,16,Thursday,2025-10,0,1,0,0,0,0,0,0,30,1,Alto,amount_zscore
TX-0039814,2025-07-10 12:31:31,ACC-00183,PIX,Internet Banking,3835.94,DF,DEV-00183-A,1,Eletronicos,MER-0676,0,Normal,21,DF,7672.85,4567,843.57,Varejo,935.7995238095239,793.9704576586977,707.1,3.6527057754044963,1,1,12,Thursday,2025-07,0,1,0,0,0,0,0,0,30,1,Alto,amount_zscore
TX-0019456,2025-03-17 11:03:23,ACC-01478,Cartao,POS,840.76,SP,DEV-01478-A,1,Eletronicos,MER-0061,0,Normal,38,PR,2982.34,117,221.18,Varejo,209.10949999999997,159.97191890009617,185.815,3.948508615405627,1,1,11,Monday,2025-03,1,1,0,0,0,0,0,0,30,1,Alto,amount_zscore
TX-0029779,2025-11-28 13:00:00,ACC-02425,PIX,App,3000.0,RJ,DEV-00090-A,1,Outros,MER-0971,1,Fracionamento,34,BA,4828.03,164,611.2,Digital,1786.4203846153846,3102.511948033697,665.925,0.3911603357897639,2,4,13,Friday,2025-11,1,0,0,0,0,0,1,1,30,1,Alto,round_amount; structuring
TX-0014605,2025-11-28 12:00:00,ACC-02425,PIX,App,4000.0,SP,DEV-01378-A,1,Eletronicos,MER-0370,1,Fracionamento,34,BA,4828.03,164,611.2,Digital,1786.4203846153846,3102.511948033697,665.925,0.7134798036112424,2,3,12,Friday,2025-11,1,0,0,0,0,0,1,1,30,1,Alto,round_amount; structuring
TX-0041638,2025-01-02 17:51:54,ACC-00753,PIX,Internet Banking,1685.76,SP,DEV-00753-A,1,Servicos,MER-0626,0,Normal,27,SP,2534.65,3376,381.86,Empresarial,421.62875,345.90283858599344,327.26,3.654584782153297,1,1,17,Thursday,2025-01,0,1,0,0,0,0,0,0,30,1,Alto,amount_zscore
TX-0024623,2025-07-02 19:21:22,ACC-02494,Cartao,POS,756.76,SC,DEV-02494-A,1,Viagem,MER-0474,0,Normal,36,SP,2014.33,469,124.71,Varejo,168.50782608695653,157.58525086604342,135.64,3.7329139033010885,1,1,19,Wednesday,2025-07,1,1,0,0,0,0,0,0,30,1,Alto,amount_zscore
TX-0007838,2025-10-08 14:00:00,ACC-01130,PIX,App,3000.0,DF,DEV-01552-A,1,Servicos,MER-0045,1,Fracionamento,29,SP,6798.41,3942,1068.27,Varejo,1785.836,1183.9064051707003,1364.4450000000002,1.0255574213444154,2,5,14,Wednesday,2025-10,1,0,0,0,0,0,1,1,30,1,Alto,round_amount; structuring
TX-0041441,2025-07-02 15:36:15,ACC-01205,PIX,App,7588.9,SP,NEW-0470596,0,Transporte,MER-1168,0,Normal,43,SP,10684.37,3665,1493.5,Empresarial,1632.5151999999998,1605.334110774971,1002.59,3.710370794478771,1,1,15,Wednesday,2025-07,0,1,0,0,0,0,0,0,30,1,Alto,amount_zscore
TX-0011665,2025-10-08 13:00:00,ACC-01130,PIX,App,3000.0,RS,DEV-00065-A,1,Servicos,MER-0221,1,Fracionamento,29,SP,6798.41,3942,1068.27,Varejo,1785.836,1183.9064051707003,1364.4450000000002,1.0255574213444154,2,4,13,Wednesday,2025-10,1,0,0,0,0,0,1,1,30,1,Alto,round_amount; structuring
TX-0040151,2025-10-05 15:14:45,ACC-02313,Saque,ATM,9091.81,PE,DEV-02313-A,1,Servicos,MER-1124,0,Normal,45,PE,8743.2,4297,1315.82,Varejo,1730.1775,2061.6624770978715,1241.1999999999998,3.5707263345854297,1,1,15,Sunday,2025-10,0,1,0,0,0,0,0,0,30,1,Alto,amount_zscore
TX-0026191,2025-10-05 11:07:20,ACC-01499,Transferencia,Internet Banking,2183.18,SC,DEV-01499-A,1,Mercado,MER-0827,0,Normal,59,SC,3463.85,4768,416.14,Alta renda,512.2473913043478,474.89929545131787,322.15,3.5184988158546133,1,1,11,Sunday,2025-10,0,1,0,0,0,0,0,0,30,1,Alto,amount_zscore
TX-0009843,2025-10-05 08:16:07,ACC-02093,Transferencia,Internet Banking,3654.79,DF,DEV-02093-A,1,Transporte,MER-0109,0,Normal,22,DF,7194.35,2140,807.32,Varejo,814.7713793103447,683.969222102679,620.28,4.152260845829851,1,1,8,Sunday,2025-10,0,1,0,0,0,0,0,0,30,1,Alto,amount_zscore
TX-0037660,2025-01-01 10:23:49,ACC-00540,Transferencia,App,2161.98,MG,DEV-00540-A,1,Outros,MER-0746,0,Normal,35,MG,4481.59,1115,371.54,Varejo,409.5257142857143,410.8903111756097,300.115,4.265017300360015,1,1,10,Wednesday,2025-01,0,1,0,0,0,0,0,0,30,1,Alto,amount_zscore
TX-0026684,2025-04-29 12:00:00,ACC-00601,PIX,App,3000.0,RJ,DEV-02402-A,1,Servicos,MER-0247,1,Fracionamento,56,SP,6954.05,815,716.58,Varejo,1367.9508333333333,1253.7164134299364,852.01,1.3017690038863587,2,3,12,Tuesday,2025-04,1,0,0,0,0,0,1,1,30,1,Alto,round_amount; structuring
TX-0013476,2025-04-28 19:29:33,ACC-01678,Cartao,POS,7481.51,BA,DEV-01678-A,1,Outros,MER-0416,0,Normal,57,PR,4140.61,2281,654.88,Varejo,1208.891052631579,1722.1287644427325,564.29,3.6423634962036022,1,1,19,Monday,2025-04,1,1,0,0,0,0,0,0,30,1,Alto,amount_zscore
TX-0018422,2025-05-16 15:07:58,ACC-01799,PIX,Internet Banking,3554.71,PR,DEV-01799-A,1,Transporte,MER-0384,0,Normal,42,PR,3746.1,4500,541.51,Empresarial,722.7085185185185,706.673210095693,522.0,4.0075121584105196,1,1,15,Friday,2025-05,0,1,0,0,0,0,0,0,30,1,Alto,amount_zscore
TX-0022592,2025-01-22 12:00:00,ACC-00400,PIX,App,4000.0,PR,DEV-00518-A,1,Outros,MER-0411,1,Fracionamento,70,RS,2077.95,4183,306.07,Varejo,1081.5382608695652,1603.948027996861,276.98,1.819548818408564,2,3,12,Wednesday,2025-01,1,0,0,0,0,0,1,1,30,1,Alto,round_amount; structuring
TX-0049049,2025-09-03 15:25:57,ACC-02296,PIX,App,2740.53,PR,DEV-02296-A,1,Viagem,MER-0510,0,Normal,71,PR,2531.85,318,294.23,Digital,472.49882352941177,615.659434436791,264.8,3.6839054997108867,1,1,15,Wednesday,2025-09,0,1,0,0,0,0,0,0,30,1,Alto,amount_zscore
TX-0029293,2025-08-01 11:00:00,ACC-01100,PIX,App,4000.0,GO,DEV-00916-A,1,Viagem,MER-0096,1,Fracionamento,40,SP,9621.81,1104,793.09,Varejo,1842.835882352941,1424.9424824929727,1080.89,1.513860485002206,2,3,11,Friday,2025-08,1,0,0,0,0,0,1,1,30,1,Alto,round_amount; structuring
TX-0030767,2025-09-13 14:00:00,ACC-00566,PIX,App,4000.0,MG,DEV-01771-A,1,Transporte,MER-0225,1,Fracionamento,36,MG,4272.45,4724,259.9,Alta renda,938.96875,1320.6272787819064,353.85,2.317861594395788,2,5,14,Saturday,2025-09,0,0,0,0,0,0,1,1,30,1,Alto,round_amount; structuring
TX-0013074,2025-05-09 12:00:00,ACC-02203,PIX,App,4000.0,SP,DEV-02471-A,1,Viagem,MER-1123,1,Fracionamento,57,SP,914.64,151,113.58,Varejo,745.4671875,1395.1650998271512,140.985,2.3327223515720172,2,3,12,Friday,2025-05,0,0,0,0,0,0,1,1,30,1,Alto,round_amount; structuring
TX-0031501,2025-05-01 12:00:00,ACC-02373,PIX,App,3000.0,GO,DEV-02350-A,1,Viagem,MER-0522,1,Fracionamento,63,MG,1706.71,4317,59.7,Digital,1199.1670588235295,1818.3091949588934,90.29,0.990388733758332,2,3,12,Thursday,2025-05,1,0,0,0,0,0,1,1,30,1,Alto,round_amount; structuring
TX-0038278,2025-04-30 15:59:21,ACC-01599,PIX,App,1109.08,SP,DEV-01599-A,1,Mercado,MER-0504,0,Normal,62,SP,2122.79,1337,278.55,Varejo,264.21458333333334,237.3694797234191,218.075,3.5592841070010204,1,1,15,Wednesday,2025-04,0,1,0,0,0,0,0,0,30,1,Alto,amount_zscore
TX-0034993,2025-05-02 21:04:38,ACC-01577,PIX,Internet Banking,2506.25,RJ,DEV-01577-A,1,Outros,MER-0369,0,Normal,73,RJ,5481.38,439,607.24,Varejo,558.4166666666666,542.1626517045723,445.22,3.5927102820699637,1,1,21,Friday,2025-05,0,1,0,0,0,0,0,0,30,1,Alto,amount_zscore
TX-0038432,2025-04-29 19:46:22,ACC-00704,Transferencia,Internet Banking,3653.94,RJ,DEV-00704-A,1,Outros,MER-0477,0,Normal,75,RJ,5369.72,3856,687.98,Digital,875.1153846153846,731.5342172570234,644.8199999999999,3.798625614266078,1,1,19,Tuesday,2025-04,0,1,0,0,0,0,0,0,30,1,Alto,amount_zscore
TX-0007767,2025-04-29 13:00:00,ACC-00291,PIX,App,3000.0,SP,DEV-01994-A,1,Restaurante,MER-0424,1,Fracionamento,69,SP,4601.42,2887,218.32,Digital,1320.8200000000002,1810.8790717737713,259.265,0.9272734033837107,2,4,13,Tuesday,2025-04,0,0,0,0,0,0,1,1,30,1,Alto,round_amount; structuring
TX-0018521,2025-05-01 14:00:00,ACC-02373,PIX,App,4000.0,MG,DEV-01664-A,1,Outros,MER-0078,1,Fracionamento,63,MG,1706.71,4317,59.7,Digital,1199.1670588235295,1818.3091949588934,90.29,1.5403502049824862,2,5,14,Thursday,2025-05,0,0,0,0,0,0,1,1,30,1,Alto,round_amount; structuring
TX-0036374,2025-05-01 13:00:00,ACC-02373,PIX,App,4000.0,RJ,DEV-00294-A,1,Viagem,MER-0728,1,Fracionamento,63,MG,1706.71,4317,59.7,Digital,1199.1670588235295,1818.3091949588934,90.29,1.5403502049824862,2,4,13,Thursday,2025-05,1,0,0,0,0,0,1,1,30,1,Alto,round_amount; structuring
TX-0021372,2025-09-03 11:11:38,ACC-02086,Cartao,POS,8868.38,PE,DEV-02086-A,1,Outros,MER-0617,0,Normal,53,SP,8165.69,4093,1127.5,Digital,1636.0199999999998,1837.333224864587,1150.805,3.9363355008904444,1,1,11,Wednesday,2025-09,1,1,0,0,0,0,0,0,30,1,Alto,amount_zscore
TX-0001664,2025-10-13 11:27:03,ACC-01285,Transferencia,App,1876.75,SC,NEW-1163429,0,Viagem,MER-0270,0,Normal,31,SC,1706.75,2711,187.91,Digital,323.89285714285717,394.9139144565921,232.24,3.932140869216774,1,1,11,Monday,2025-10,0,1,0,0,0,0,0,0,30,1,Alto,amount_zscore
TX-0009711,2025-10-15 13:00:00,ACC-00273,PIX,App,3000.0,SP,DEV-02331-A,1,Outros,MER-1105,1,Fracionamento,48,PE,3070.15,3438,231.91,Alta renda,802.9146153846153,1208.2728409998488,275.285,1.8183685919790193,2,4,13,Wednesday,2025-10,1,0,0,0,0,0,1,1,30,1,Alto,round_amount; structuring
TX-0011319,2025-10-16 18:26:20,ACC-01313,Cartao,Carteira digital,891.11,RS,DEV-01313-A,1,Restaurante,MER-0953,0,Normal,52,RS,3532.46,2231,143.91,Digital,171.83809523809524,189.52308897912803,123.69,3.7951676950617736,1,1,18,Thursday,2025-10,0,1,0,0,0,0,0,0,30,1,Alto,amount_zscore
TX-0035199,2025-10-15 06:27:31,ACC-00577,Cartao,Carteira digital,1546.03,GO,DEV-00577-A,1,Viagem,MER-0574,0,Normal,65,GO,3189.76,1091,337.73,Varejo,357.7744,321.9461278055694,251.76,3.690852280471019,1,1,6,Wednesday,2025-10,0,1,0,0,0,0,0,0,30,1,Alto,amount_zscore
TX-0008655,2025-03-25 07:22:21,ACC-01244,Cartao,POS,6369.72,RJ,DEV-01244-A,1,Transporte,MER-0844,0,Normal,69,RJ,3753.68,704,528.68,Alta renda,910.561875,1492.3066287248912,428.135,3.658201350793841,1,1,7,Tuesday,2025-03,0,1,0,0,0,0,0,0,30,1,Alto,amount_zscore
TX-0032081,2025-03-14 12:32:44,ACC-01180,PIX,App,900.73,MG,DEV-01180-A,1,Restaurante,MER-1047,0,Normal,74,MG,3463.25,1216,200.79,Empresarial,241.21055555555554,187.56467902385106,216.315,3.5162240986778692,1,1,12,Friday,2025-03,0,1,0,0,0,0,0,0,30,1,Alto,amount_zscore
TX-0006296,2025-11-29 14:00:00,ACC-01705,PIX,App,4000.0,SP,NEW-9895078,0,Restaurante,MER-0512,1,Fracionamento,76,SP,1867.5,957,69.83,Varejo,920.4148,1728.9047687243121,61.85,1.7812347190599165,2,5,14,Saturday,2025-11,0,0,0,0,0,0,1,1,30,1,Alto,round_amount; structuring
TX-0005594,2025-03-11 23:05:26,ACC-01877,Cartao,POS,1416.33,MG,DEV-01877-A,1,Eletronicos,MER-0479,0,Normal,45,MG,2816.27,2293,312.28,Empresarial,361.01956521739135,269.9575777528129,352.98,3.9091713726550967,1,1,23,Tuesday,2025-03,0,1,0,0,0,0,0,0,30,1,Alto,amount_zscore
TX-0045025,2025-10-03 11:41:18,ACC-01432,PIX,App,1323.36,PR,DEV-01432-A,1,Servicos,MER-0135,0,Normal,35,PR,2001.76,4036,209.61,Varejo,228.16941176470587,294.7859775216289,164.41,3.7152058501661194,1,1,11,Friday,2025-10,0,1,0,0,0,0,0,0,30,1,Alto,amount_zscore
TX-0032627,2025-03-09 13:34:31,ACC-02124,PIX,App,4782.62,MG,DEV-02124-A,1,Mercado,MER-0627,0,Normal,39,MG,5914.27,4847,736.99,Digital,761.499,1014.6281739316081,473.755,3.96314739065293,1,1,13,Sunday,2025-03,0,1,0,0,0,0,0,0,30,1,Alto,amount_zscore
TX-0022006,2025-03-13 15:02:43,ACC-01333,Cartao,Carteira digital,2445.49,BA,DEV-01333-A,1,Eletronicos,MER-0330,0,Normal,36,BA,3922.3,3308,370.63,Digital,502.77076923076925,469.573532106937,349.09000000000003,4.137199177416181,1,1,15,Thursday,2025-03,0,1,0,0,0,0,0,0,30,1,Alto,amount_zscore
TX-0026862,2025-03-17 11:42:02,ACC-00119,Cartao,POS,4678.59,BA,NEW-6407004,0,Outros,MER-1022,0,Normal,64,BA,7078.48,3303,687.33,Varejo,996.9790476190477,972.5206927305185,630.18,3.7856376526490134,1,1,11,Monday,2025-03,0,1,0,0,0,0,0,0,30,1,Alto,amount_zscore
TX-0048953,2025-10-02 17:45:12,ACC-00523,Cartao,E-commerce,5225.39,RJ,DEV-00523-A,1,Servicos,MER-0766,0,Normal,38,RJ,11052.42,2890,506.68,Digital,701.4578947368421,1173.5460572440688,351.02,3.8549250601097556,1,1,17,Thursday,2025-10,0,1,0,0,0,0,0,0,30,1,Alto,amount_zscore
TX-0011216,2025-06-24 17:54:44,ACC-02041,Cartao,E-commerce,7797.56,BA,DEV-02041-A,1,Outros,MER-0947,0,Normal,47,BA,10400.04,1071,1172.04,Varejo,1722.5480952380954,1594.590588513613,1389.53,3.809762799631651,1,1,17,Tuesday,2025-06,0,1,0,0,0,0,0,0,30,1,Alto,amount_zscore
TX-0021589,2025-06-24 15:34:39,ACC-01923,Boleto,App,1282.84,SP,DEV-01923-A,1,Transporte,MER-0826,0,Normal,28,SP,2562.09,2506,250.86,Varejo,325.14666666666665,270.58337734113184,213.68,3.5393649925728554,1,1,15,Tuesday,2025-06,0,1,0,0,0,0,0,0,30,1,Alto,amount_zscore
TX-0037348,2025-06-24 13:10:49,ACC-00035,PIX,App,1209.42,GO,DEV-00035-A,1,Eletronicos,MER-0970,0,Normal,29,GO,2152.54,1992,166.16,Alta renda,238.2852,238.6700107561345,169.38,4.068943546461206,1,1,13,Tuesday,2025-06,0,1,0,0,0,0,0,0,30,1,Alto,amount_zscore
TX-0019098,2025-11-26 18:41:53,ACC-02120,PIX,Internet Banking,1443.88,MG,DEV-02120-A,1,Restaurante,MER-0814,0,Normal,39,MG,2850.02,3067,391.86,Varejo,417.0942857142857,275.58644102298337,364.65,3.7258208730235842,1,1,18,Wednesday,2025-11,0,1,0,0,0,0,0,0,30,1,Alto,amount_zscore
TX-0031362,2025-10-03 12:00:00,ACC-01522,PIX,App,3000.0,MG,DEV-01820-A,1,Restaurante,MER-0110,1,Fracionamento,64,MG,1177.4,885,100.51,Digital,730.6193103448276,1371.143262914281,110.79,1.6551010758946827,2,3,12,Friday,2025-10,0,0,0,0,0,0,1,1,30,1,Alto,round_amount; structuring
TX-0036882,2025-03-11 09:37:04,ACC-02290,PIX,Internet Banking,2309.43,SP,DEV-02290-A,1,Servicos,MER-0566,0,Normal,76,SP,3213.76,4494,297.19,Varejo,421.4309090909091,472.48696379002365,278.17499999999995,3.9958755174208997,1,2,9,Tuesday,2025-03,0,1,0,0,0,0,0,0,30,1,Alto,amount_zscore
TX-0032796,2025-09-06 14:00:00,ACC-01474,PIX,App,4000.0,RS,DEV-00826-A,1,Eletronicos,MER-0971,1,Fracionamento,67,MG,4789.48,456,302.74,Varejo,913.4134482758622,1323.803475958238,316.36,2.3316048097621933,2,5,14,Saturday,2025-09,1,0,0,0,0,0,1,1,30,1,Alto,round_amount; structuring
TX-0015622,2025-09-07 14:00:00,ACC-02414,PIX,App,4000.0,SP,DEV-00682-A,1,Transporte,MER-0721,1,Fracionamento,30,GO,1999.03,4020,199.63,Varejo,1163.6852631578947,1582.220262979169,340.62,1.7926168708657517,2,5,14,Sunday,2025-09,1,0,0,0,0,0,1,1,30,1,Alto,round_amount; structuring
TX-0003638,2025-03-19 10:13:20,ACC-01267,PIX,Internet Banking,7035.81,RJ,DEV-01267-A,1,Viagem,MER-1188,0,Normal,62,RJ,8018.66,1511,1003.4,Empresarial,1294.8622727272727,1444.9097218558802,800.095,3.9732224376612972,1,1,10,Wednesday,2025-03,0,1,0,0,0,0,0,0,30,1,Alto,amount_zscore
TX-0031717,2025-09-14 20:01:42,ACC-00055,Cartao,POS,1001.69,PR,DEV-00055-A,1,Restaurante,MER-0574,0,Normal,63,PR,2870.52,4443,211.33,Digital,242.7814814814815,209.65829796460022,197.55,3.619739957283525,1,1,20,Sunday,2025-09,0,1,0,0,0,0,0,0,30,1,Alto,amount_zscore
TX-0002015,2025-11-06 13:01:41,ACC-02339,PIX,Internet Banking,998.05,RJ,DEV-02339-A,1,Mercado,MER-0871,0,Normal,23,RJ,1930.34,1761,202.43,Varejo,209.82879999999997,204.02248459258928,144.67,3.863403592863757,1,1,13,Thursday,2025-11,0,1,0,0,0,0,0,0,30,1,Alto,amount_zscore
TX-0011500,2025-07-01 19:24:12,ACC-02362,Transferencia,App,4027.52,RS,DEV-02362-A,1,Mercado,MER-0154,0,Normal,50,RS,5971.21,4597,887.3,Digital,912.9173913043478,870.6931001805265,752.8,3.5771531990432464,1,1,19,Tuesday,2025-07,0,1,0,0,0,0,0,0,30,1,Alto,amount_zscore
TX-0017968,2025-08-25 06:31:54,ACC-01853,Cartao,E-commerce,357.72,SC,DEV-01853-A,1,Eletronicos,MER-1132,0,Normal,18,SC,1623.47,2891,75.81,Varejo,87.74875000000002,75.31016233247328,68.57,3.5847917683161072,1,1,6,Monday,2025-08,0,1,0,0,0,0,0,0,30,1,Alto,amount_zscore
TX-0004963,2025-01-15 16:11:30,ACC-00290,Cartao,Carteira digital,1489.16,MG,DEV-00290-A,1,Mercado,MER-0604,0,Normal,52,MG,2506.64,1557,172.47,Alta renda,199.03615384615387,276.72619212610755,130.14,4.662095178782068,1,1,16,Wednesday,2025-01,0,1,0,0,0,0,0,0,30,1,Alto,amount_zscore
TX-0035587,2025-12-28 14:35:45,ACC-01796,PIX,Internet Banking,1476.52,RJ,DEV-01796-A,1,Mercado,MER-0724,0,Normal,27,RJ,3238.98,4850,254.38,Varejo,327.8095,324.8856907230279,203.41500000000002,3.535737438739032,1,1,14,Sunday,2025-12,0,1,0,0,0,0,0,0,30,1,Alto,amount_zscore
TX-0034695,2025-01-15 19:28:01,ACC-01655,Transferencia,App,3472.93,PR,DEV-01655-A,1,Outros,MER-0472,0,Normal,73,PR,3003.25,4516,362.06,Varejo,556.2038888888889,774.7632718308894,274.15,3.764667501878892,1,1,19,Wednesday,2025-01,0,1,0,0,0,0,0,0,30,1,Alto,amount_zscore
TX-0035771,2025-09-11 11:16:18,ACC-00858,Boleto,Internet Banking,12886.74,RS,DEV-00858-A,1,Outros,MER-1096,0,Normal,29,RS,8802.77,3096,1324.7,Varejo,2472.9133333333334,2764.3908166851757,1632.27,3.7671325645460105,1,1,11,Thursday,2025-09,0,1,0,0,0,0,0,0,30,1,Alto,amount_zscore
TX-0009000,2025-01-13 14:00:00,ACC-02099,PIX,App,4000.0,SP,DEV-00131-A,1,Mercado,MER-1018,1,Fracionamento,61,SC,4836.85,120,235.12,Alta renda,970.5554838709678,1437.5361251433849,270.68,2.1073867036397886,2,5,14,Monday,2025-01,1,0,0,0,0,0,1,1,30,1,Alto,round_amount; structuring
TX-0045421,2025-01-13 14:00:00,ACC-01870,PIX,App,4000.0,SP,DEV-02437-A,1,Mercado,MER-0797,1,Fracionamento,44,PR,2872.46,552,347.44,Digital,2219.4903846153848,4166.1115542169355,427.265,0.4273792461419773,2,5,14,Monday,2025-01,1,0,0,0,0,0,1,1,30,1,Alto,round_amount; structuring
TX-0003735,2025-09-10 20:04:06,ACC-02125,Cartao,Carteira digital,1754.08,SC,DEV-02125-A,1,Outros,MER-1178,0,Normal,24,SC,2614.97,4729,251.19,Varejo,419.93,345.0253319743349,345.33,3.8668175242832374,1,1,20,Wednesday,2025-09,0,1,0,0,0,0,0,0,30,1,Alto,amount_zscore
TX-0032421,2025-09-10 13:00:00,ACC-00730,PIX,App,4000.0,SP,DEV-00519-A,1,Viagem,MER-0866,1,Fracionamento,28,RJ,2416.11,3608,237.81,Varejo,894.9945161290321,1410.0895680696758,266.69,2.201991670728779,2,4,13,Wednesday,2025-09,1,0,0,0,0,0,1,1,30,1,Alto,round_amount; structuring
TX-0005821,2025-09-11 14:00:00,ACC-00899,PIX,App,4000.0,DF,DEV-02071-A,1,Mercado,MER-0120,1,Fracionamento,54,SP,9477.36,4585,447.39,Varejo,1357.3363636363638,1553.2081276400468,604.575,1.7014227451789827,2,5,14,Thursday,2025-09,1,0,0,0,0,0,1,1,30,1,Alto,round_amount; structuring
TX-0015170,2025-05-04 14:34:33,ACC-02303,Transferencia,App,3869.49,GO,DEV-02303-A,1,Mercado,MER-0641,0,Normal,32,GO,6747.41,423,971.8,Empresarial,983.4000000000001,822.557844926422,799.23,3.5086772532795685,1,1,14,Sunday,2025-05,0,1,0,0,0,0,0,0,30,1,Alto,amount_zscore
TX-0032920,2025-05-04 10:19:23,ACC-00814,Cartao,Carteira digital,996.78,RJ,DEV-00814-A,1,Restaurante,MER-0703,0,Normal,41,RJ,2281.68,2352,205.68,Varejo,256.5613043478261,194.2692389748251,244.84,3.8102722775791444,1,1,10,Sunday,2025-05,0,1,0,0,0,0,0,0,30,1,Alto,amount_zscore
TX-0022669,2025-01-07 13:55:21,ACC-01773,Cartao,POS,4983.03,RJ,DEV-01773-A,1,Restaurante,MER-0301,0,Normal,74,RJ,6014.36,481,709.55,Varejo,1003.4499999999999,1029.1816052722518,721.72,3.866742253858368,1,1,13,Tuesday,2025-01,0,1,0,0,0,0,0,0,30,1,Alto,amount_zscore
TX-0024805,2025-01-10 17:48:45,ACC-00595,Transferencia,App,1525.53,BA,DEV-00595-A,1,Transporte,MER-0910,0,Normal,35,BA,3037.68,4088,230.82,Varejo,222.80450000000002,325.64807463005695,128.45,4.000409035060083,1,1,17,Friday,2025-01,0,1,0,0,0,0,0,0,30,1,Alto,amount_zscore
TX-0008903,2025-09-07 12:00:00,ACC-02414,PIX,App,4000.0,PR,DEV-02400-A,1,Restaurante,MER-0258,1,Fracionamento,30,GO,1999.03,4020,199.63,Varejo,1163.6852631578947,1582.220262979169,340.62,1.7926168708657517,2,3,12,Sunday,2025-09,1,0,0,0,0,0,1,1,30,1,Alto,round_amount; structuring
TX-0047208,2025-05-12 12:55:41,ACC-02152,Transferencia,Internet Banking,1062.79,RJ,DEV-02152-A,1,Restaurante,MER-0861,0,Normal,65,RJ,3868.91,2698,247.63,Varejo,292.6478571428571,217.0035618645573,269.875,3.5489838795264883,1,1,12,Monday,2025-05,0,1,0,0,0,0,0,0,30,1,Alto,amount_zscore
TX-0026235,2025-05-11 17:54:25,ACC-01314,PIX,Internet Banking,1942.0,SP,DEV-01314-A,1,Outros,MER-0404,0,Normal,62,SP,3116.28,4928,311.51,Alta renda,453.1611111111111,422.32687918370266,286.065,3.5253235403027183,1,1,17,Sunday,2025-05,0,1,0,0,0,0,0,0,30,1,Alto,amount_zscore
TX-0026123,2025-05-10 18:26:37,ACC-00628,Cartao,POS,1142.78,SC,DEV-00628-A,1,Restaurante,MER-0305,0,Normal,71,SC,2614.46,373,344.36,Varejo,290.697619047619,242.28778373877546,215.18,3.516819411213322,1,1,18,Saturday,2025-05,0,1,0,0,0,0,0,0,30,1,Alto,amount_zscore
TX-0049788,2025-05-18 09:56:38,ACC-00177,Cartao,E-commerce,4946.44,SP,DEV-00177-A,1,Restaurante,MER-0885,0,Normal,66,SP,9665.64,1294,1073.64,Varejo,1219.0665,1023.691749956602,999.17,3.641109250082377,1,1,9,Sunday,2025-05,0,1,0,0,0,0,0,0,30,1,Alto,amount_zscore
TX-0002951,2025-05-09 13:00:00,ACC-02203,PIX,App,4000.0,SP,DEV-01004-A,1,Restaurante,MER-0843,1,Fracionamento,57,SP,914.64,151,113.58,Varejo,745.4671875,1395.1650998271512,140.985,2.3327223515720172,2,4,13,Friday,2025-05,0,0,0,0,0,0,1,1,30,1,Alto,round_amount; structuring
TX-0007415,2025-05-07 19:35:23,ACC-00560,Cartao,E-commerce,2793.27,MG,DEV-00560-A,1,Transporte,MER-0999,0,Normal,20,SP,3951.0,2196,373.15,Alta renda,553.1695,617.0087536995259,408.13,3.630581392190257,1,1,19,Wednesday,2025-05,1,1,0,0,0,0,0,0,30,1,Alto,amount_zscore
TX-0000518,2025-12-30 09:21:38,ACC-00692,Cartao,E-commerce,545.87,BA,DEV-00692-A,1,Viagem,MER-0977,0,Normal,69,BA,887.2,1098,86.72,Empresarial,109.88333333333334,107.07504080472411,80.68,4.071786136059368,1,1,9,Tuesday,2025-12,0,1,0,0,0,0,0,0,30,1,Alto,amount_zscore
TX-0036285,2025-01-13 12:00:00,ACC-01870,PIX,App,4000.0,MG,DEV-00281-A,1,Eletronicos,MER-0722,1,Fracionamento,44,PR,2872.46,552,347.44,Digital,2219.4903846153848,4166.1115542169355,427.265,0.4273792461419773,2,3,12,Monday,2025-01,1,0,0,0,0,0,1,1,30,1,Alto,round_amount; structuring
TX-0046438,2025-12-31 17:31:18,ACC-01592,Cartao,Carteira digital,1157.8,PR,DEV-01592-A,1,Mercado,MER-0676,0,Normal,57,PR,1270.35,2931,139.82,Alta renda,218.87761904761905,241.53124149692854,148.06,3.887374466066001,1,1,17,Wednesday,2025-12,0,1,0,0,0,0,0,0,30,1,Alto,amount_zscore
TX-0022337,2025-12-31 10:05:12,ACC-02193,Cartao,Carteira digital,556.25,BA,DEV-02193-A,1,Restaurante,MER-0592,0,Normal,58,BA,2195.71,2024,111.91,Digital,125.13782608695652,114.54520786597442,94.26,3.7636858140540776,1,1,10,Wednesday,2025-12,0,1,0,0,0,0,0,0,30,1,Alto,amount_zscore
TX-0039774,2025-12-22 13:00:00,ACC-00214,PIX,App,4000.0,SC,DEV-00764-A,1,Restaurante,MER-0210,1,Fracionamento,48,PR,1903.15,930,57.16,Alta renda,858.5592,1616.6736234753755,81.12,1.9431508960026334,2,4,13,Monday,2025-12,1,0,0,0,0,0,1,1,30,1,Alto,round_amount; structuring
TX-0026774,2025-09-04 12:00:00,ACC-00468,PIX,App,3000.0,DF,DEV-01637-A,1,Eletronicos,MER-0562,1,Fracionamento,49,PR,849.46,753,35.0,Digital,1605.919375,3900.3960371248136,51.375,0.3574202752056045,2,3,12,Thursday,2025-09,1,0,0,0,0,0,1,1,30,1,Alto,round_amount; structuring
TX-0022043,2025-09-04 13:00:00,ACC-00468,PIX,App,4000.0,SP,DEV-00741-A,1,Transporte,MER-0361,1,Fracionamento,49,PR,849.46,753,35.0,Digital,1605.919375,3900.3960371248136,51.375,0.6138044963159183,2,4,13,Thursday,2025-09,1,0,0,0,0,0,1,1,30,1,Alto,round_amount; structuring
TX-0042198,2025-01-14 20:24:47,ACC-00045,Boleto,App,1898.92,PR,DEV-00045-A,1,Restaurante,MER-0001,0,Normal,29,PR,5631.13,4624,372.34,Empresarial,461.86100000000005,404.8944553038353,375.04,3.549218768435893,1,1,20,Tuesday,2025-01,0,1,0,0,0,0,0,0,30,1,Alto,amount_zscore
TX-0018655,2025-01-09 07:04:26,ACC-00029,PIX,Internet Banking,1298.66,SP,DEV-00029-A,1,Servicos,MER-1190,0,Normal,73,SP,1720.71,3207,198.83,Varejo,306.27095238095234,279.63388154701073,199.82,3.548887002279128,1,1,7,Thursday,2025-01,0,1,0,0,0,0,0,0,30,1,Alto,amount_zscore
TX-0008322,2025-01-01 11:10:44,ACC-02315,PIX,App,1907.26,MG,DEV-02315-A,1,Viagem,MER-0055,0,Normal,67,MG,1720.86,4328,250.01,Digital,416.5804166666667,407.2708710479631,269.79499999999996,3.6601674445746952,1,1,11,Wednesday,2025-01,0,1,0,0,0,0,0,0,30,1,Alto,amount_zscore
TX-0030140,2025-01-13 13:00:00,ACC-01870,PIX,App,4000.0,RJ,DEV-01511-A,1,Mercado,MER-0206,1,Fracionamento,44,PR,2872.46,552,347.44,Digital,2219.4903846153848,4166.1115542169355,427.265,0.4273792461419773,2,4,13,Monday,2025-01,1,0,0,0,0,0,1,1,30,1,Alto,round_amount; structuring
TX-0002403,2025-12-23 17:21:40,ACC-01952,PIX,App,2006.6,PR,DEV-01952-A,1,Transporte,MER-0035,0,Normal,74,PR,2777.68,2780,393.02,Digital,559.2366666666667,403.7733217701899,547.12,3.584593769068054,1,1,17,Tuesday,2025-12,0,1,0,0,0,0,0,0,30,1,Alto,amount_zscore
TX-0027248,2025-06-08 18:22:04,ACC-01855,Transferencia,App,1759.53,MG,DEV-01855-A,1,Eletronicos,MER-0639,0,Normal,59,MG,3486.76,356,392.84,Digital,488.5,357.06852619630314,419.87,3.5596248527971195,1,1,18,Sunday,2025-06,0,1,0,0,0,0,0,0,30,1,Alto,amount_zscore
TX-0003911,2025-04-05 17:43:38,ACC-02357,PIX,App,2479.41,SP,DEV-02357-A,1,Restaurante,MER-1147,0,Normal,31,SP,3997.84,250,263.72,Digital,523.468076923077,521.1715474430217,348.74,3.7529714211629344,1,1,17,Saturday,2025-04,0,1,0,0,0,0,0,0,30,1,Alto,amount_zscore
TX-0027329,2025-12-04 09:04:46,ACC-02064,Transferencia,App,8937.45,RJ,DEV-02064-A,1,Servicos,MER-0726,0,Normal,59,RJ,11123.43,2764,1739.27,Alta renda,1978.789,1945.6280352542642,1492.075,3.576562875282895,1,1,9,Thursday,2025-12,0,1,0,0,0,0,0,0,30,1,Alto,amount_zscore
TX-0035132,2025-12-07 12:00:00,ACC-01714,PIX,App,4000.0,SP,DEV-02341-A,1,Transporte,MER-0338,1,Fracionamento,50,MG,14820.02,4620,1930.7,Varejo,2249.837894736842,1642.048052130763,1677.15,1.0658409801053652,2,3,12,Sunday,2025-12,1,0,0,0,0,0,1,1,30,1,Alto,round_amount; structuring
TX-0049230,2025-12-06 17:33:31,ACC-02435,Transferencia,Internet Banking,2314.17,SP,DEV-02435-A,1,Eletronicos,MER-0955,0,Normal,41,SP,5183.24,1835,735.56,Digital,640.0408695652175,432.30917080585493,524.77,3.8725274490802204,1,1,17,Saturday,2025-12,0,1,0,0,0,0,0,0,30,1,Alto,amount_zscore
TX-0049348,2025-02-26 17:09:36,ACC-00746,PIX,App,2348.24,SP,DEV-00746-A,1,Mercado,MER-1136,0,Normal,20,SP,4453.4,1085,278.85,Varejo,388.89913043478265,452.18302077922783,287.37,4.333070415135818,1,1,17,Wednesday,2025-02,0,1,0,0,0,0,0,0,30,1,Alto,amount_zscore
TX-0017884,2025-03-06 17:44:01,ACC-00283,PIX,App,3616.92,GO,DEV-00283-A,1,Eletronicos,MER-0296,0,Normal,47,GO,4517.42,2597,521.26,Varejo,716.006,775.541449768788,461.52,3.7405015565123554,1,1,17,Thursday,2025-03,0,1,0,0,0,0,0,0,30,1,Alto,amount_zscore
TX-0022774,2025-02-21 17:03:15,ACC-00167,Saque,ATM,8383.42,SP,DEV-00167-A,1,Outros,MER-0691,0,Normal,62,SP,6391.22,4546,867.48,Alta renda,1491.21,1930.433595375128,636.17,3.5702911597229448,1,1,17,Friday,2025-02,0,1,0,0,0,0,0,0,30,1,Alto,amount_zscore
TX-0035374,2025-06-22 20:31:17,ACC-01660,PIX,Internet Banking,734.26,SP,DEV-01660-A,1,Eletronicos,MER-0078,0,Normal,52,SP,3495.72,33,99.78,Digital,118.59944444444444,165.12310404031442,59.400000000000006,3.7284943202451153,1,1,20,Sunday,2025-06,0,1,0,0,0,0,0,0,30,1,Alto,amount_zscore
TX-0027079,2025-11-15 14:35:59,ACC-00701,Cartao,POS,407.73,SP,DEV-00701-A,1,Transporte,MER-0368,0,Normal,70,SP,978.73,446,147.84,Varejo,107.1215,84.63708676181096,88.28,3.551734960419708,1,1,14,Saturday,2025-11,0,1,0,0,0,0,0,0,30,1,Alto,amount_zscore
TX-0042889,2025-11-13 19:39:31,ACC-01689,Saque,ATM,4663.79,DF,DEV-01689-A,1,Mercado,MER-0394,0,Normal,75,DF,5592.98,1558,740.94,Alta renda,1000.8985714285714,994.2444582560454,765.78,3.684095393396835,1,1,19,Thursday,2025-11,0,1,0,0,0,0,0,0,30,1,Alto,amount_zscore
TX-0001185,2025-07-15 20:34:46,ACC-01462,PIX,App,1298.38,SP,DEV-01462-A,1,Mercado,MER-0655,0,Normal,19,SP,1803.16,4480,283.45,Varejo,330.56,271.32848518355013,295.105,3.5669679110369956,1,1,20,Tuesday,2025-07,0,1,0,0,0,0,0,0,30,1,Alto,amount_zscore
TX-0020919,2025-07-15 17:42:36,ACC-00651,PIX,App,1467.54,SP,DEV-00651-A,1,Mercado,MER-0752,0,Normal,47,SP,3616.97,1399,178.33,Varejo,326.79499999999996,318.35175196535636,317.935,3.583284819252818,1,1,17,Tuesday,2025-07,0,1,0,0,0,0,0,0,30,1,Alto,amount_zscore
TX-0035214,2025-07-24 12:00:00,ACC-01083,PIX,App,3000.0,GO,DEV-01747-A,1,Viagem,MER-1118,1,Fracionamento,25,RJ,6247.22,115,941.15,Digital,2415.2083333333335,3056.9040530827297,1919.3400000000001,0.19130193702904558,2,3,12,Thursday,2025-07,1,0,0,0,0,0,1,1,30,1,Alto,round_amount; structuring
TX-0014295,2025-07-24 13:00:00,ACC-01083,PIX,App,3000.0,SC,DEV-00370-A,1,Servicos,MER-0406,1,Fracionamento,25,RJ,6247.22,115,941.15,Digital,2415.2083333333335,3056.9040530827297,1919.3400000000001,0.19130193702904558,2,4,13,Thursday,2025-07,1,0,0,0,0,0,1,1,30,1,Alto,round_amount; structuring
TX-0028554,2025-07-29 13:00:00,ACC-00044,PIX,App,4000.0,PE,DEV-00337-A,1,Transporte,MER-0238,1,Fracionamento,28,SP,9786.96,4535,862.22,Varejo,1545.905652173913,1447.6026131499002,765.39,1.6952817890305671,2,4,13,Tuesday,2025-07,1,0,0,0,0,0,1,1,30,1,Alto,round_amount; structuring
TX-0026285,2025-11-20 12:00:00,ACC-01079,PIX,App,4000.0,PE,DEV-00661-A,1,Mercado,MER-0773,1,Fracionamento,18,SP,5037.85,1129,566.29,Digital,1617.0778260869565,1487.110074207251,903.36,1.602384527711126,2,3,12,Thursday,2025-11,1,0,0,0,0,0,1,1,30,1,Alto,round_amount; structuring
TX-0048077,2025-04-02 11:01:00,ACC-00363,PIX,Internet Banking,2408.37,MG,DEV-00363-A,1,Servicos,MER-0421,1,Alta velocidade,74,SP,2379.61,4609,161.49,Varejo,291.2808695652174,488.18010323978734,136.53,4.3366968796655305,2,2,11,Wednesday,2025-04,1,1,0,0,0,0,0,0,30,1,Alto,amount_zscore
TX-0000145,2025-07-30 15:27:33,ACC-01024,PIX,Internet Banking,2644.37,PE,DEV-01024-A,1,Outros,MER-0572,0,Normal,27,PE,10094.62,2217,602.02,Varejo,584.7723333333332,531.0466013688462,457.55,3.8783746310733718,1,1,15,Wednesday,2025-07,0,1,0,0,0,0,0,0,30,1,Alto,amount_zscore
TX-0003029,2025-08-09 07:19:54,ACC-00957,Saque,ATM,2347.56,BA,NEW-5720673,0,Eletronicos,MER-0938,0,Normal,40,BA,2648.33,1085,362.71,Digital,495.2356,525.9064290273825,307.55,3.52215583944412,1,1,7,Saturday,2025-08,0,1,0,0,0,0,0,0,30,1,Alto,amount_zscore
TX-0036981,2025-08-01 13:00:00,ACC-01100,PIX,App,3000.0,RJ,DEV-00017-A,1,Servicos,MER-0261,1,Fracionamento,40,SP,9621.81,1104,793.09,Varejo,1842.835882352941,1424.9424824929727,1080.89,0.8120777728674151,2,5,13,Friday,2025-08,1,0,0,0,0,0,1,1,30,1,Alto,round_amount; structuring
TX-0001601,2025-05-07 22:17:42,ACC-00012,PIX,Internet Banking,3831.45,MG,DEV-00012-A,1,Servicos,MER-0840,0,Normal,54,MG,5348.43,592,613.95,Varejo,793.4784615384615,729.4001730062439,624.285,4.165027170120417,1,1,22,Wednesday,2025-05,0,1,0,0,0,0,0,0,30,1,Alto,amount_zscore
TX-0002331,2025-02-12 20:43:03,ACC-01225,Cartao,Carteira digital,1953.81,SC,DEV-01225-A,1,Restaurante,MER-0915,0,Normal,70,SC,2574.01,975,237.1,Varejo,351.74,448.96885356746543,178.73000000000002,3.5683321621758353,1,1,20,Wednesday,2025-02,0,1,0,0,0,0,0,0,30,1,Alto,amount_zscore
TX-0006301,2025-02-14 10:10:16,ACC-01605,PIX,Internet Banking,1326.12,RJ,DEV-01605-A,1,Servicos,MER-1179,0,Normal,27,RJ,2159.16,2526,251.09,Digital,249.94166666666666,261.28418782519395,154.20499999999998,4.118803905781413,1,2,10,Friday,2025-02,0,1,0,0,0,0,0,0,30,1,Alto,amount_zscore
TX-0004871,2025-04-02 19:00:17,ACC-01708,PIX,App,3931.26,SP,DEV-01708-A,1,Viagem,MER-0325,0,Normal,70,SP,5079.57,2556,712.17,Alta renda,850.4752380952381,790.448799528591,629.9,3.897513366763394,1,1,19,Wednesday,2025-04,0,1,0,0,0,0,0,0,30,1,Alto,amount_zscore
TX-0019032,2025-04-02 12:44:22,ACC-00881,Boleto,Internet Banking,895.39,SP,DEV-00881-A,1,Outros,MER-0101,0,Normal,62,SP,3300.92,3326,89.17,Varejo,140.70695652173913,182.48908885028473,88.02,4.135496802756289,1,1,12,Wednesday,2025-04,0,1,0,0,0,0,0,0,30,1,Alto,amount_zscore
TX-0048184,2025-04-13 14:00:00,ACC-01636,PIX,App,4000.0,SP,DEV-01658-A,1,Eletronicos,MER-1014,1,Fracionamento,25,SP,2957.75,4135,297.36,Varejo,1031.5570833333334,1539.300552409322,265.545,1.9284362056652569,2,6,14,Sunday,2025-04,0,0,0,0,0,0,1,1,30,1,Alto,round_amount; structuring
TX-0017786,2025-06-11 10:46:17,ACC-00142,Saque,ATM,646.7,PR,DEV-00142-A,1,Servicos,MER-0086,0,Normal,21,RS,1523.84,4654,124.24,Alta renda,159.4625,136.02430408175567,113.08500000000001,3.581988551892551,1,1,10,Wednesday,2025-06,1,1,0,0,0,0,0,0,30,1,Alto,amount_zscore
TX-0034621,2025-04-03 09:12:34,ACC-01494,PIX,Internet Banking,1133.54,SP,DEV-01494-A,1,Mercado,MER-0777,0,Normal,21,SP,2318.19,1885,331.25,Varejo,286.9512,220.20039059759483,238.66,3.8446289659272157,1,1,9,Thursday,2025-04,0,1,0,0,0,0,0,0,30,1,Alto,amount_zscore
TX-0024693,2025-06-19 08:50:09,ACC-02488,Boleto,Internet Banking,1089.93,BA,DEV-02488-A,1,Servicos,MER-1146,0,Normal,23,BA,4134.87,4808,172.67,Alta renda,209.28636363636363,227.45852523137685,147.36,3.87166686967579,1,1,8,Thursday,2025-06,0,1,0,0,0,0,0,0,30,1,Alto,amount_zscore
TX-0049940,2025-10-02 14:00:00,ACC-00790,PIX,App,4000.0,SP,DEV-01228-A,1,Servicos,MER-0477,1,Fracionamento,33,GO,7042.33,3181,743.05,Digital,1345.0048148148146,1323.7847241595716,667.39,2.005609474660434,2,5,14,Thursday,2025-10,1,0,0,0,0,0,1,1,30,1,Alto,round_amount; structuring
TX-0000611,2025-10-03 14:00:00,ACC-01522,PIX,App,3000.0,SP,DEV-02294-A,1,Restaurante,MER-0071,1,Fracionamento,64,MG,1177.4,885,100.51,Digital,730.6193103448276,1371.143262914281,110.79,1.6551010758946827,2,5,14,Friday,2025-10,1,0,0,0,0,0,1,1,30,1,Alto,round_amount; structuring
TX-0025840,2025-10-18 12:04:23,ACC-01832,PIX,Internet Banking,3500.9,PR,DEV-01832-A,1,Mercado,MER-0627,0,Normal,24,PR,4521.3,4327,481.0,Varejo,768.8154545454545,765.5845763531183,477.95500000000004,3.5686253744411887,1,1,12,Saturday,2025-10,0,1,0,0,0,0,0,0,30,1,Alto,amount_zscore
TX-0024037,2025-06-10 14:19:17,ACC-00413,Boleto,Internet Banking,12317.54,RJ,DEV-00413-A,1,Eletronicos,MER-0374,0,Normal,23,RJ,14258.43,2223,1918.48,Varejo,2640.708823529412,2663.1121791122564,1819.35,3.633655109375206,1,1,14,Tuesday,2025-06,0,1,0,0,0,0,0,0,30,1,Alto,amount_zscore
TX-0005406,2025-06-12 13:41:41,ACC-00067,PIX,Internet Banking,1367.25,MG,DEV-00067-A,1,Eletronicos,MER-0091,0,Normal,41,MG,2602.81,73,238.18,Empresarial,297.9704545454545,298.37076742228703,204.635,3.5837275705403937,1,1,13,Thursday,2025-06,0,1,0,0,0,0,0,0,30,1,Alto,amount_zscore
TX-0023199,2025-10-18 16:42:33,ACC-00424,Transferencia,Internet Banking,517.18,MG,DEV-00424-A,1,Transporte,MER-0609,0,Normal,40,MG,2425.47,2510,78.04,Varejo,109.35321428571429,108.3180834754947,55.959999999999994,3.7650849482261215,1,1,16,Saturday,2025-10,0,1,0,0,0,0,0,0,30,1,Alto,amount_zscore
TX-0013801,2025-06-11 15:10:04,ACC-01191,Transferencia,App,6116.4,GO,NEW-2369678,0,Viagem,MER-0830,0,Normal,58,GO,12731.7,869,1144.55,Varejo,1373.322222222222,1295.0623564830719,953.61,3.6624319701935337,1,1,15,Wednesday,2025-06,0,1,0,0,0,0,0,0,30,1,Alto,amount_zscore
TX-0032520,2025-04-12 09:37:46,ACC-00558,Cartao,Carteira digital,713.73,SP,DEV-00558-A,1,Mercado,MER-0090,0,Normal,63,SP,2513.15,3327,76.32,Digital,123.48285714285714,150.3056444430101,76.38,3.9269792231983747,1,1,9,Saturday,2025-04,0,1,0,0,0,0,0,0,30,1,Alto,amount_zscore
TX-0029812,2025-10-03 13:00:00,ACC-01522,PIX,App,3000.0,RS,DEV-00812-A,1,Viagem,MER-1158,1,Fracionamento,64,MG,1177.4,885,100.51,Digital,730.6193103448276,1371.143262914281,110.79,1.6551010758946827,2,4,13,Friday,2025-10,1,0,0,0,0,0,1,1,30,1,Alto,round_amount; structuring
TX-0033484,2025-07-20 17:41:14,ACC-00471,PIX,Internet Banking,3092.52,BA,DEV-00471-A,1,Transporte,MER-0920,0,Normal,28,BA,7661.37,4465,1094.33,Alta renda,1020.9992307692307,591.6626661936551,960.88,3.501185536274393,1,1,17,Sunday,2025-07,0,1,0,0,0,0,0,0,30,1,Alto,amount_zscore
TX-0023144,2025-07-20 16:38:42,ACC-01772,PIX,App,4148.29,RS,DEV-01772-A,1,Viagem,MER-0046,0,Normal,18,RS,9310.81,3033,441.75,Digital,740.1672,881.9293439505232,402.49,3.864394379637739,1,1,16,Sunday,2025-07,0,1,0,0,0,0,0,0,30,1,Alto,amount_zscore
TX-0001586,2025-10-02 12:00:00,ACC-00790,PIX,App,3000.0,SP,DEV-01821-A,1,Restaurante,MER-0525,1,Fracionamento,33,GO,7042.33,3181,743.05,Digital,1345.0048148148146,1323.7847241595716,667.39,1.2501996397003967,2,3,12,Thursday,2025-10,1,0,0,0,0,0,1,1,30,1,Alto,round_amount; structuring
TX-0016504,2025-10-01 16:07:39,ACC-00602,PIX,App,964.62,SP,NEW-2356679,0,Eletronicos,MER-0985,0,Normal,44,SP,3531.89,1965,177.77,Varejo,261.31814814814817,197.06917106665944,246.37,3.568807074415293,1,1,16,Wednesday,2025-10,0,1,0,0,0,0,0,0,30,1,Alto,amount_zscore
TX-0022989,2025-10-01 12:00:00,ACC-00334,PIX,App,3000.0,SC,DEV-01012-A,1,Transporte,MER-0166,1,Fracionamento,62,SP,1850.63,3411,149.32,Varejo,802.05,1426.7863520817218,168.48,1.540489924642977,2,3,12,Wednesday,2025-10,1,0,0,0,0,0,1,1,30,1,Alto,round_amount; structuring
TX-0030505,2025-07-20 07:22:59,ACC-00494,PIX,App,4436.33,PR,DEV-00494-A,1,Mercado,MER-0588,0,Normal,53,PR,6915.68,3225,1046.22,Varejo,1074.3525925925926,922.6477099029584,768.89,3.6438365058761284,1,1,7,Sunday,2025-07,0,1,0,0,0,0,0,0,30,1,Alto,amount_zscore
TX-0010748,2025-07-16 16:31:51,ACC-00225,Cartao,Carteira digital,2438.83,SP,DEV-00225-A,1,Restaurante,MER-0460,0,Normal,20,SP,4874.14,199,263.96,Varejo,412.17391304347825,504.66422965030677,261.48,4.015850476188569,1,1,16,Wednesday,2025-07,0,1,0,0,0,0,0,0,30,1,Alto,amount_zscore
TX-0010517,2025-04-01 09:18:19,ACC-00299,Cartao,Carteira digital,4695.4,RJ,DEV-00299-A,1,Eletronicos,MER-0287,0,Normal,27,RJ,6455.91,611,958.41,Varejo,997.4574074074073,969.1800005738103,601.46,3.815537454758866,1,2,9,Tuesday,2025-04,0,1,0,0,0,0,0,0,30,1,Alto,amount_zscore
TX-0027087,2025-03-24 14:00:00,ACC-00766,PIX,App,4000.0,SP,DEV-02298-A,1,Viagem,MER-0311,1,Fracionamento,76,PE,3190.27,4391,272.12,Varejo,1246.856,1706.2330114007539,284.23,1.613580315000336,2,5,14,Monday,2025-03,1,0,0,0,0,0,1,1,30,1,Alto,round_amount; structuring
TX-0028772,2025-03-24 13:00:00,ACC-00766,PIX,App,4000.0,GO,DEV-02177-A,1,Mercado,MER-0720,1,Fracionamento,76,PE,3190.27,4391,272.12,Varejo,1246.856,1706.2330114007539,284.23,1.613580315000336,2,4,13,Monday,2025-03,1,0,0,0,0,0,1,1,30,1,Alto,round_amount; structuring
TX-0003447,2025-03-24 12:00:00,ACC-00766,PIX,App,4000.0,RJ,DEV-02444-A,1,Viagem,MER-0153,1,Fracionamento,76,PE,3190.27,4391,272.12,Varejo,1246.856,1706.2330114007539,284.23,1.613580315000336,2,3,12,Monday,2025-03,1,0,0,0,0,0,1,1,30,1,Alto,round_amount; structuring
TX-0004236,2025-03-24 11:29:46,ACC-00242,PIX,App,5064.47,MG,DEV-00242-A,1,Transporte,MER-0257,0,Normal,57,MG,7234.3,3825,940.63,Digital,1174.169090909091,1068.2124268894456,890.77,3.6418794718754333,1,1,11,Monday,2025-03,0,1,0,0,0,0,0,0,30,1,Alto,amount_zscore
TX-0004072,2025-03-24 06:40:07,ACC-02145,Cartao,Carteira digital,2061.51,PR,DEV-02145-A,1,Outros,MER-0731,0,Normal,43,PR,2322.01,2574,366.3,Digital,398.6531034482759,402.45939857423997,272.15,4.131738263394001,1,1,6,Monday,2025-03,0,1,0,0,0,0,0,0,30,1,Alto,amount_zscore
TX-0017903,2025-03-23 14:58:59,ACC-00956,PIX,App,2570.73,SP,DEV-00956-A,1,Transporte,MER-1129,0,Normal,32,SP,6360.77,3488,642.69,Digital,671.9813793103448,519.188669070201,481.45,3.6571457233264852,1,1,14,Sunday,2025-03,0,1,0,0,0,0,0,0,30,1,Alto,amount_zscore
TX-0026856,2025-07-02 12:00:00,ACC-01559,PIX,App,3000.0,SP,DEV-02084-A,1,Transporte,MER-0179,1,Fracionamento,45,SC,1598.19,1628,53.41,Alta renda,599.6054838709678,1258.209012010958,60.9,1.9077867772482038,2,3,12,Wednesday,2025-07,1,0,0,0,0,0,1,1,30,1,Alto,round_amount; structuring
TX-0044558,2025-10-02 17:22:08,ACC-00063,Cartao,POS,498.88,MG,DEV-00063-A,1,Servicos,MER-0323,0,Normal,43,MG,2039.83,2508,100.9,Alta renda,118.61925925925927,103.88853493883668,93.98,3.6602762851994726,1,1,17,Thursday,2025-10,0,1,0,0,0,0,0,0,30,1,Alto,amount_zscore
TX-0032458,2025-06-20 15:29:05,ACC-00877,Cartao,POS,684.15,SP,DEV-00877-A,1,Mercado,MER-1095,0,Normal,69,SP,2042.41,614,74.13,Empresarial,76.1740909090909,139.856573118221,42.335,4.347138611618819,1,2,15,Friday,2025-06,0,1,0,0,0,0,0,0,30,1,Alto,amount_zscore
TX-0002580,2025-03-27 17:33:42,ACC-01732,Transferencia,App,1086.81,DF,DEV-01732-A,1,Eletronicos,MER-0208,0,Normal,73,DF,3998.56,1952,262.73,Varejo,297.48041666666666,224.111613312559,241.16,3.5220378438509954,1,1,17,Thursday,2025-03,0,1,0,0,0,0,0,0,30,1,Alto,amount_zscore
TX-0046198,2025-11-20 13:00:00,ACC-01079,PIX,App,4000.0,PE,DEV-00255-A,1,Restaurante,MER-0165,1,Fracionamento,18,SP,5037.85,1129,566.29,Digital,1617.0778260869565,1487.110074207251,903.36,1.602384527711126,2,4,13,Thursday,2025-11,1,0,0,0,0,0,1,1,30,1,Alto,round_amount; structuring
TX-0024884,2025-03-29 10:48:44,ACC-01410,Cartao,POS,1312.13,SP,DEV-01410-A,1,Restaurante,MER-0993,0,Normal,36,SP,2577.16,3667,175.18,Alta renda,235.36769230769232,253.16468940683959,149.73,4.253208890288542,1,1,10,Saturday,2025-03,0,1,0,0,0,0,0,0,30,1,Alto,amount_zscore
TX-0035824,2025-03-31 14:01:00,ACC-01587,Transferencia,App,1504.37,PR,DEV-01587-A,1,Servicos,MER-0974,1,Alta velocidade,41,RS,2287.09,1928,124.15,Varejo,235.69571428571427,324.0235431595876,130.23000000000002,3.9153768684315637,2,2,14,Monday,2025-03,1,1,0,0,0,0,0,0,30,1,Alto,amount_zscore
TX-0016263,2025-03-29 17:58:11,ACC-01879,Cartao,POS,273.96,GO,DEV-01879-A,1,Outros,MER-0982,0,Normal,60,GO,1811.31,1851,50.24,Empresarial,60.39782608695653,57.49861492059231,44.42,3.7142142329511874,1,1,17,Saturday,2025-03,0,1,0,0,0,0,0,0,30,1,Alto,amount_zscore
TX-0045700,2025-03-29 13:28:20,ACC-01339,Cartao,Carteira digital,184.17,PE,DEV-01339-A,1,Outros,MER-0229,0,Normal,22,PE,717.96,4550,35.0,Digital,45.1045,38.77771273553921,33.08,3.5862223475741124,1,1,13,Saturday,2025-03,0,1,0,0,0,0,0,0,30,1,Alto,amount_zscore
TX-0035623,2025-12-01 18:51:17,ACC-02254,Cartao,Carteira digital,623.2,GO,NEW-5420490,0,Viagem,MER-1147,0,Normal,46,GO,1107.65,2036,75.12,Varejo,123.95,136.40673485677206,83.24000000000001,3.66000989998196,1,1,18,Monday,2025-12,0,1,0,0,0,0,0,0,30,1,Alto,amount_zscore
TX-0045607,2025-06-16 18:06:44,ACC-00820,PIX,App,1161.56,SC,DEV-00820-A,1,Transporte,MER-1178,0,Normal,60,SC,1465.26,1516,219.89,Digital,273.55695652173915,240.89028563444282,228.51,3.6863381233472743,1,1,18,Monday,2025-06,0,1,0,0,0,0,0,0,30,1,Alto,amount_zscore
TX-0035148,2025-06-15 15:32:08,ACC-00153,PIX,Internet Banking,572.54,SP,DEV-00153-A,1,Viagem,MER-1062,0,Normal,36,SP,3575.26,3610,91.04,Varejo,131.86772727272725,125.84714908445079,75.5,3.5016468464578074,1,1,15,Sunday,2025-06,0,1,0,0,0,0,0,0,30,1,Alto,amount_zscore
TX-0003382,2025-06-13 14:21:33,ACC-00313,Cartao,E-commerce,480.46,RJ,DEV-00313-A,1,Mercado,MER-0404,0,Normal,77,RJ,2092.61,1801,100.04,Empresarial,108.4825,97.6294291095716,81.05000000000001,3.810096027321041,1,1,14,Friday,2025-06,0,1,0,0,0,0,0,0,30,1,Alto,amount_zscore
TX-0015673,2025-11-30 17:16:11,ACC-00420,Transferencia,Internet Banking,1188.34,SC,DEV-00420-A,1,Mercado,MER-0122,0,Normal,25,SC,6236.54,3595,308.81,Alta renda,308.8478947368421,247.048607960704,250.51,3.5599961988170823,2,2,17,Sunday,2025-11,0,1,0,0,0,0,0,0,30,1,Alto,amount_zscore
TX-0012132,2025-06-15 06:30:31,ACC-01536,Transferencia,Internet Banking,4066.58,PE,DEV-01536-A,1,Transporte,MER-0363,0,Normal,52,PE,4815.43,4608,479.73,Alta renda,618.5969230769231,866.209313844035,287.105,3.9805426030594515,1,1,6,Sunday,2025-06,0,1,0,0,0,0,0,0,30,1,Alto,amount_zscore
TX-0026240,2025-06-26 17:45:59,ACC-00574,Cartao,Carteira digital,1376.0,GO,DEV-00574-A,1,Transporte,MER-0803,0,Normal,76,PR,4138.86,3660,423.51,Varejo,434.98473684210524,268.7437095153923,371.97,3.501534100480957,1,1,17,Thursday,2025-06,1,1,0,0,0,0,0,0,30,1,Alto,amount_zscore
TX-0044963,2025-03-04 18:27:05,ACC-00310,PIX,Internet Banking,526.41,GO,DEV-00310-A,1,Transporte,MER-0564,0,Normal,50,GO,1925.53,4423,146.93,Digital,154.21375,103.69134963763327,157.39,3.5894628751646294,1,1,18,Tuesday,2025-03,0,1,0,0,0,0,0,0,30,1,Alto,amount_zscore
TX-0033889,2025-03-06 14:00:00,ACC-00672,PIX,App,4000.0,PE,DEV-01448-A,1,Outros,MER-1116,1,Fracionamento,77,PE,1381.84,1472,43.0,Varejo,1179.6948275862069,3060.282404480976,56.83,0.9215833049538829,2,5,14,Thursday,2025-03,0,0,0,0,0,0,1,1,30,1,Alto,round_amount; structuring
TX-0022684,2025-03-06 12:00:00,ACC-00672,PIX,App,3000.0,SC,DEV-00529-A,1,Outros,MER-0189,1,Fracionamento,77,PE,1381.84,1472,43.0,Varejo,1179.6948275862069,3060.282404480976,56.83,0.5948160763687811,2,3,12,Thursday,2025-03,1,0,0,0,0,0,1,1,30,1,Alto,round_amount; structuring
TX-0011982,2025-03-02 15:18:35,ACC-01033,Cartao,E-commerce,8972.7,SC,DEV-01033-A,1,Outros,MER-1014,0,Normal,65,DF,6760.17,917,908.06,Digital,1257.5708695652174,1742.8340464206126,853.23,4.426772099317152,1,1,15,Sunday,2025-03,1,1,0,0,0,0,0,0,30,1,Alto,amount_zscore
TX-0027034,2025-03-02 14:01:09,ACC-01026,Boleto,Internet Banking,6862.77,SP,DEV-01026-A,1,Outros,MER-0384,0,Normal,54,SP,5963.95,363,777.18,Digital,1191.5333333333333,1434.6428533128162,653.43,3.953065150375851,1,1,14,Sunday,2025-03,0,1,0,0,0,0,0,0,30,1,Alto,amount_zscore
TX-0034951,2025-03-05 13:29:01,ACC-02056,PIX,App,1937.64,SC,DEV-02056-A,1,Transporte,MER-0035,0,Normal,29,SC,3202.68,3786,335.45,Alta renda,328.9868,364.8685426483536,279.0,4.408856922341916,1,1,13,Wednesday,2025-03,0,1,0,0,0,0,0,0,30,1,Alto,amount_zscore
TX-0010813,2025-03-05 12:40:47,ACC-01607,Cartao,Carteira digital,1603.9,MG,DEV-01607-A,1,Transporte,MER-0137,0,Normal,28,MG,2483.85,4696,333.39,Digital,336.225,318.86705058064564,231.325,3.9755597127128963,1,1,12,Wednesday,2025-03,0,1,0,0,0,0,0,0,30,1,Alto,amount_zscore
TX-0030327,2025-06-13 12:00:00,ACC-01996,PIX,App,3000.0,SP,DEV-02294-A,1,Viagem,MER-0303,1,Fracionamento,45,BA,1003.1,3898,88.02,Digital,671.6070967741936,1367.3460343409627,87.68,1.7028556376718875,2,3,12,Friday,2025-06,1,0,0,0,0,0,1,1,30,1,Alto,round_amount; structuring
TX-0032963,2025-01-01 21:56:53,ACC-01183,PIX,App,103.93,SP,RISK-0085640,0,Servicos,MER-0726,1,Novo dispositivo e local,70,RJ,1597.77,359,139.56,Varejo,800.6426086956521,3205.113716397336,122.56,-0.21737531655469072,1,1,21,Wednesday,2025-01,1,0,0,0,0,1,0,0,25,1,Alto,new_device_location
TX-0019447,2025-01-14 11:32:30,ACC-01765,Cartao,POS,632.65,BA,NEW-5207608,0,Restaurante,MER-0774,0,Normal,49,RJ,11788.64,3435,1187.78,Empresarial,1681.7046153846154,1284.7845336385876,1164.0,-0.8165218275266976,1,1,11,Tuesday,2025-01,1,0,0,0,0,1,0,0,25,1,Alto,new_device_location
TX-0025357,2025-01-14 17:34:55,ACC-01485,PIX,Internet Banking,301.93,BA,RISK-1758806,0,Mercado,MER-0129,1,Novo dispositivo e local,64,RJ,3091.06,1171,216.27,Digital,270.0263636363636,273.4119018126567,135.47,0.11668707964840878,1,1,17,Tuesday,2025-01,1,0,0,0,0,1,0,0,25,1,Alto,new_device_location
TX-0047091,2025-01-13 11:23:58,ACC-01454,Transferencia,Internet Banking,1159.76,RS,RISK-0543395,0,Transporte,MER-0582,1,Novo dispositivo e local,55,RJ,6065.98,4632,707.17,Varejo,768.6535294117648,419.4391182570657,577.3,0.9324511080736491,1,1,11,Monday,2025-01,1,0,0,0,0,1,0,0,25,1,Alto,new_device_location
TX-0003270,2025-09-09 11:02:45,ACC-00929,Cartao,POS,417.04,SP,NEW-7708086,0,Transporte,MER-0352,0,Normal,19,GO,2248.06,2355,229.23,Varejo,237.28142857142856,143.71150800425534,179.44,1.2508293450184154,1,1,11,Tuesday,2025-09,1,0,0,0,0,1,0,0,25,1,Alto,new_device_location
TX-0035156,2025-09-06 13:36:34,ACC-02246,PIX,App,61.98,GO,NEW-2312635,0,Transporte,MER-0788,0,Normal,21,PE,1679.49,3092,197.01,Alta renda,2324.5004545454544,5360.406810832887,225.595,-0.42207999026736365,1,1,13,Saturday,2025-09,1,0,0,0,0,1,0,0,25,1,Alto,new_device_location
TX-0015140,2025-09-06 16:20:25,ACC-01366,Transferencia,App,1160.01,PR,NEW-4933959,0,Viagem,MER-1016,0,Normal,26,DF,2824.6,2739,444.89,Varejo,518.8942105263158,608.4924754151377,345.4,1.053613340142439,1,1,16,Saturday,2025-09,1,0,0,0,0,1,0,0,25,1,Alto,new_device_location
TX-0002891,2025-09-07 13:02:00,ACC-02093,PIX,App,210.31,MG,NEW-4208592,1,Eletronicos,MER-0470,1,Alta velocidade,22,DF,7194.35,2140,807.32,Varejo,814.7713793103447,683.969222102679,620.28,-0.8837552330967337,3,3,13,Sunday,2025-09,1,0,0,1,0,0,0,0,25,1,Alto,velocity_1h
TX-0038944,2025-01-03 21:02:00,ACC-00169,Cartao,Carteira digital,1002.37,SP,DEV-00169-A,1,Viagem,MER-1025,1,Alta velocidade,31,GO,2160.68,4901,300.18,Digital,410.32421052631577,274.58747416838855,335.77,2.1561281746982273,3,3,21,Friday,2025-01,1,0,0,1,0,0,0,0,25,1,Alto,velocity_1h
TX-0016816,2025-01-03 21:03:00,ACC-00169,Cartao,Carteira digital,636.69,MG,DEV-00169-A,1,Restaurante,MER-0848,1,Alta velocidade,31,GO,2160.68,4901,300.18,Digital,410.32421052631577,274.58747416838855,335.77,0.824384980266315,4,4,21,Friday,2025-01,1,0,0,1,0,0,0,0,25,1,Alto,velocity_1h
TX-0014109,2025-01-03 21:04:00,ACC-00169,Cartao,POS,249.7,SP,DEV-00169-A,1,Transporte,MER-0251,1,Alta velocidade,31,GO,2160.68,4901,300.18,Digital,410.32421052631577,274.58747416838855,335.77,-0.5849655415374638,5,5,21,Friday,2025-01,1,0,0,1,0,0,0,0,25,1,Alto,velocity_1h
TX-0021197,2025-01-04 16:02:00,ACC-00790,PIX,App,261.52,SP,DEV-00790-A,1,Transporte,MER-1173,1,Alta velocidade,33,GO,7042.33,3181,743.05,Digital,1345.0048148148146,1323.7847241595716,667.39,-0.8184750851409652,3,3,16,Saturday,2025-01,1,0,0,1,0,0,0,0,25,1,Alto,velocity_1h
TX-0043516,2025-01-04 16:03:00,ACC-00790,Boleto,App,667.39,SP,DEV-00790-A,1,Transporte,MER-0073,1,Alta velocidade,33,GO,7042.33,3181,743.05,Digital,1345.0048148148146,1323.7847241595716,667.39,-0.5118768954257351,4,4,16,Saturday,2025-01,1,0,0,1,0,0,0,0,25,1,Alto,velocity_1h
TX-0028667,2025-01-04 16:04:00,ACC-00790,Cartao,E-commerce,426.25,MG,DEV-00790-A,1,Restaurante,MER-0647,1,Alta velocidade,33,GO,7042.33,3181,743.05,Digital,1345.0048148148146,1323.7847241595716,667.39,-0.6940364230279984,5,5,16,Saturday,2025-01,1,0,0,1,0,0,0,0,25,1,Alto,velocity_1h
TX-0018623,2025-01-03 09:51:46,ACC-00061,PIX,Internet Banking,122.48,SP,RISK-1134200,0,Transporte,MER-1048,1,Novo dispositivo e local,51,MG,2017.24,2094,162.66,Alta renda,145.9415,107.12137868472283,102.56,-0.21901790555787498,1,1,9,Friday,2025-01,1,0,0,0,0,1,0,0,25,1,Alto,new_device_location
TX-0000446,2025-01-03 16:03:48,ACC-00522,PIX,App,553.84,RS,NEW-2432887,0,Servicos,MER-0822,0,Normal,63,BA,2998.14,4525,447.27,Empresarial,397.9131578947368,278.81898919176604,261.27,0.5592403966360409,1,1,16,Friday,2025-01,1,0,0,0,0,1,0,0,25,1,Alto,new_device_location
TX-0027067,2025-01-19 08:24:23,ACC-02077,PIX,Internet Banking,953.78,DF,NEW-9396535,0,Mercado,MER-0012,0,Normal,18,SP,3421.19,258,123.43,Empresarial,174.72312499999998,222.83592255943984,108.735,3.4961009250750057,1,1,8,Sunday,2025-01,1,0,0,0,0,1,0,0,25,1,Alto,new_device_location
TX-0010184,2025-01-17 08:06:22,ACC-00873,Cartao,Carteira digital,91.04,DF,RISK-8862621,0,Viagem,MER-0428,1,Novo dispositivo e local,65,GO,1278.03,3628,156.72,Varejo,144.83428571428573,97.40507179294625,124.845,-0.5522739701751478,1,1,8,Friday,2025-01,1,0,0,0,0,1,0,0,25,1,Alto,new_device_location
TX-0016332,2025-12-21 08:49:38,ACC-02103,Transferencia,Internet Banking,2581.21,RS,NEW-1722027,0,Restaurante,MER-0908,0,Normal,18,BA,14141.15,4380,1741.24,Alta renda,2999.396666666667,2617.594005189842,1925.73,-0.15975994208327882,1,1,8,Sunday,2025-12,1,0,0,0,0,1,0,0,25,1,Alto,new_device_location
TX-0027156,2025-12-21 12:03:00,ACC-02359,Transferencia,App,603.79,MG,NEW-7826142,1,Restaurante,MER-1113,1,Alta velocidade,60,SP,920.17,2831,70.17,Empresarial,174.2433333333333,221.11413171969326,87.7,1.9426468282506866,4,4,12,Sunday,2025-12,1,0,0,1,0,0,0,0,25,1,Alto,velocity_1h
TX-0000120,2025-12-21 12:04:00,ACC-02359,Cartao,E-commerce,647.83,PE,NEW-7826142,1,Restaurante,MER-0318,1,Alta velocidade,60,SP,920.17,2831,70.17,Empresarial,174.2433333333333,221.11413171969326,87.7,2.141819986734422,5,5,12,Sunday,2025-12,1,0,0,1,0,0,0,0,25,1,Alto,velocity_1h
TX-0025428,2025-12-21 14:42:18,ACC-01442,Cartao,Carteira digital,464.09,RJ,NEW-2306175,0,Eletronicos,MER-0124,0,Normal,37,BA,6320.79,4641,651.98,Varejo,732.508125,576.6750843611302,523.0699999999999,-0.46545816228104797,1,1,14,Sunday,2025-12,1,0,0,0,0,1,0,0,25,1,Alto,new_device_location
TX-0022088,2025-12-19 15:05:41,ACC-02310,PIX,Internet Banking,338.08,PE,RISK-6289166,0,Servicos,MER-0318,1,Novo dispositivo e local,34,RS,3746.22,3465,193.85,Empresarial,220.22961538461539,103.3547768216165,219.07,1.140250970874685,1,1,15,Friday,2025-12,1,0,0,0,0,1,0,0,25,1,Alto,new_device_location
TX-0028146,2025-01-06 15:03:00,ACC-02033,Boleto,Internet Banking,515.37,SP,DEV-02033-A,1,Transporte,MER-0332,1,Alta velocidade,37,GO,3507.82,526,530.4,Alta renda,472.89349999999996,268.358396557467,406.71500000000003,0.1582827313953786,4,4,15,Monday,2025-01,1,0,0,1,0,0,0,0,25,1,Alto,velocity_1h
TX-0038924,2025-09-07 13:04:00,ACC-02093,Cartao,Carteira digital,38.35,RJ,NEW-4208592,1,Viagem,MER-0501,1,Alta velocidade,22,DF,7194.35,2140,807.32,Varejo,814.7713793103447,683.969222102679,620.28,-1.1351700547627661,5,5,13,Sunday,2025-09,1,0,0,1,0,0,0,0,25,1,Alto,velocity_1h
TX-0005709,2025-01-21 17:31:24,ACC-01784,PIX,App,69.59,SP,NEW-6138774,0,Outros,MER-0742,0,Normal,76,GO,1903.58,2016,88.08,Empresarial,73.56222222222222,34.15343278854748,71.86,-0.11630521145020019,1,1,17,Tuesday,2025-01,1,0,0,0,0,1,0,0,25,1,Alto,new_device_location
TX-0003176,2025-01-21 19:18:13,ACC-00189,Cartao,Carteira digital,81.91,PE,NEW-7259788,0,Viagem,MER-0168,0,Normal,41,SP,335.02,193,35.0,Alta renda,743.8214285714286,1514.9823713769968,34.605000000000004,-0.4369103172928702,1,1,19,Tuesday,2025-01,1,0,0,0,0,1,0,0,25,1,Alto,new_device_location
TX-0013069,2025-01-20 10:13:53,ACC-01712,Cartao,POS,406.28,MG,NEW-2407979,0,Outros,MER-0919,0,Normal,52,SP,2156.04,3736,328.95,Digital,1001.91,2967.1062570457434,379.41999999999996,-0.20074441169257298,1,1,10,Monday,2025-01,1,0,0,0,0,1,0,0,25,1,Alto,new_device_location
TX-0044786,2025-01-20 10:49:12,ACC-01772,Cartao,POS,210.63,DF,RISK-4083707,0,Viagem,MER-0347,1,Novo dispositivo e local,18,RS,9310.81,3033,441.75,Digital,740.1672,881.9293439505232,402.49,-0.6004304127448415,1,1,10,Monday,2025-01,1,0,0,0,0,1,0,0,25,1,Alto,new_device_location
TX-0037231,2025-01-20 13:02:00,ACC-00276,Transferencia,App,792.54,RS,DEV-00276-A,1,Eletronicos,MER-1063,1,Alta velocidade,37,MG,2771.79,2121,230.92,Empresarial,894.3471428571429,2876.825179314809,260.92,-0.03538871377696679,3,3,13,Monday,2025-01,1,0,0,1,0,0,0,0,25,1,Alto,velocity_1h
TX-0042262,2025-01-20 13:04:00,ACC-00276,Cartao,POS,352.7,DF,DEV-00276-A,1,Transporte,MER-1042,1,Alta velocidade,37,MG,2771.79,2121,230.92,Empresarial,894.3471428571429,2876.825179314809,260.92,-0.1882794779299555,5,5,13,Monday,2025-01,1,0,0,1,0,0,0,0,25,1,Alto,velocity_1h
TX-0028489,2025-01-17 18:24:33,ACC-01455,Cartao,Carteira digital,451.61,RS,NEW-8417280,0,Mercado,MER-0186,0,Normal,43,RJ,4460.38,2534,437.67,Varejo,1092.8095238095239,3306.1456887113673,338.02,-0.19394170256890386,1,1,18,Friday,2025-01,1,0,0,0,0,1,0,0,25,1,Alto,new_device_location
TX-0021304,2025-05-12 19:13:47,ACC-01311,PIX,App,123.34,SP,NEW-3001725,0,Restaurante,MER-0892,0,Normal,19,DF,1528.46,1204,196.34,Digital,169.2413043478261,116.86655631353645,147.67,-0.3927668085357061,1,1,19,Monday,2025-05,1,0,0,0,0,1,0,0,25,1,Alto,new_device_location
TX-0019665,2025-05-11 13:34:29,ACC-01109,PIX,App,2362.1,PR,RISK-4886497,0,Mercado,MER-1179,1,Novo dispositivo e local,33,DF,11856.36,3627,1666.31,Digital,2200.4365217391305,2801.402155454899,1468.9,0.05770805806873453,1,1,13,Sunday,2025-05,1,0,0,0,0,1,0,0,25,1,Alto,new_device_location
TX-0001805,2025-05-11 14:02:00,ACC-02127,Boleto,Internet Banking,597.31,SP,DEV-02127-A,1,Mercado,MER-0172,1,Alta velocidade,27,RS,2726.6,1704,359.05,Alta renda,386.8278260869566,550.5924264161989,269.58,0.3822830896586608,3,3,14,Sunday,2025-05,1,0,0,1,0,0,0,0,25,1,Alto,velocity_1h
TX-0025598,2025-05-11 14:03:00,ACC-02127,PIX,Internet Banking,63.44,MG,DEV-02127-A,1,Eletronicos,MER-0845,1,Alta velocidade,27,RS,2726.6,1704,359.05,Alta renda,386.8278260869566,550.5924264161989,269.58,-0.5873452132131294,4,4,14,Sunday,2025-05,1,0,0,1,0,0,0,0,25,1,Alto,velocity_1h
TX-0042229,2025-05-11 14:04:00,ACC-02127,PIX,Internet Banking,101.97,SP,DEV-02127-A,1,Outros,MER-0739,1,Alta velocidade,27,RS,2726.6,1704,359.05,Alta renda,386.8278260869566,550.5924264161989,269.58,-0.5173660450455042,5,5,14,Sunday,2025-05,1,0,0,1,0,0,0,0,25,1,Alto,velocity_1h
TX-0026310,2025-05-09 22:04:26,ACC-02264,Cartao,POS,544.77,PR,RISK-6285231,0,Eletronicos,MER-1135,1,Novo dispositivo e local,31,MG,4701.94,1698,496.69,Varejo,487.6869230769231,324.09681394054195,436.19,0.1761297071360572,1,1,22,Friday,2025-05,1,0,0,0,0,1,0,0,25,1,Alto,new_device_location
TX-0011765,2025-05-10 14:01:01,ACC-01971,Cartao,POS,83.7,MG,NEW-0540726,0,Servicos,MER-0352,0,Normal,40,SP,2150.68,4015,245.6,Empresarial,945.4126086956522,3181.4762432402313,216.05,-0.2708530703400839,1,1,14,Saturday,2025-05,1,0,0,0,0,1,0,0,25,1,Alto,new_device_location
TX-0045377,2025-05-11 09:43:00,ACC-01452,Transferencia,App,678.06,BA,RISK-8644223,0,Eletronicos,MER-0821,1,Novo dispositivo e local,69,SP,4213.54,4014,479.11,Digital,580.3230769230769,411.6053757015453,468.74,0.23745298007913293,1,1,9,Sunday,2025-05,1,0,0,0,0,1,0,0,25,1,Alto,new_device_location
TX-0033992,2025-05-05 11:02:00,ACC-01729,Cartao,E-commerce,151.81,RJ,DEV-01729-A,1,Restaurante,MER-0968,1,Alta velocidade,23,SP,546.52,1859,66.32,Alta renda,96.58653846153847,64.58650552196225,97.24,0.8550309556488256,3,3,11,Monday,2025-05,1,0,0,1,0,0,0,0,25,1,Alto,velocity_1h
TX-0008591,2025-05-05 11:03:00,ACC-01729,PIX,App,100.25,DF,DEV-01729-A,1,Mercado,MER-0906,1,Alta velocidade,23,SP,546.52,1859,66.32,Alta renda,96.58653846153847,64.58650552196225,97.24,0.05672177971009432,4,4,11,Monday,2025-05,1,0,0,1,0,0,0,0,25,1,Alto,velocity_1h
TX-0039875,2025-05-03 14:29:52,ACC-01709,Boleto,App,103.97,PR,NEW-2333143,0,Mercado,MER-0976,0,Normal,31,SP,1325.41,2772,98.12,Alta renda,135.49217391304347,138.2744028095295,102.64,-0.22796825205938295,1,1,14,Saturday,2025-05,1,0,0,0,0,1,0,0,25,1,Alto,new_device_location
TX-0035967,2025-05-04 07:56:31,ACC-01832,Cartao,E-commerce,379.25,SC,RISK-9969228,0,Mercado,MER-1130,1,Novo dispositivo e local,24,PR,4521.3,4327,481.0,Varejo,768.8154545454545,765.5845763531183,477.95500000000004,-0.5088470517537846,1,1,7,Sunday,2025-05,1,0,0,0,0,1,0,0,25,1,Alto,new_device_location
TX-0004021,2025-05-11 20:07:09,ACC-01684,Transferencia,App,1269.97,PE,RISK-3840507,0,Restaurante,MER-0777,1,Novo dispositivo e local,23,BA,4865.93,549,446.26,Digital,462.6933333333333,411.6034095380325,324.89,1.961297326406315,1,2,20,Sunday,2025-05,1,0,0,0,0,1,0,0,25,1,Alto,new_device_location
TX-0045841,2025-05-12 17:02:00,ACC-00449,Cartao,E-commerce,131.88,DF,DEV-00449-A,1,Eletronicos,MER-0955,1,Alta velocidade,30,SP,3968.0,485,385.4,Digital,1113.4065217391305,3162.7623918363875,377.47,-0.3103383688488939,3,5,17,Monday,2025-05,1,0,0,1,0,0,0,0,25,1,Alto,velocity_1h
TX-0020110,2025-05-12 17:03:00,ACC-00449,Cartao,Carteira digital,151.73,SP,DEV-00449-A,1,Servicos,MER-0034,1,Alta velocidade,30,SP,3968.0,485,385.4,Digital,1113.4065217391305,3162.7623918363875,377.47,-0.30406220973835296,4,6,17,Monday,2025-05,0,0,0,1,0,0,0,0,25,1,Alto,velocity_1h
TX-0023563,2025-05-12 17:04:00,ACC-00449,Transferencia,App,406.75,GO,DEV-00449-A,1,Mercado,MER-0779,1,Alta velocidade,30,SP,3968.0,485,385.4,Digital,1113.4065217391305,3162.7623918363875,377.47,-0.22343016458116735,5,7,17,Monday,2025-05,1,0,0,1,0,0,0,0,25,1,Alto,velocity_1h
TX-0021814,2025-11-03 19:04:00,ACC-01929,Saque,ATM,55.85,RJ,DEV-01929-A,1,Eletronicos,MER-0740,1,Alta velocidade,70,SP,1107.75,2901,59.0,Digital,84.23263157894738,88.19689531208033,51.11,-0.32180987186132626,5,5,19,Monday,2025-11,1,0,0,1,0,0,0,0,25,1,Alto,velocity_1h
TX-0036828,2025-05-07 06:54:53,ACC-00376,Cartao,E-commerce,230.46,DF,RISK-8002478,0,Servicos,MER-0503,1,Novo dispositivo e local,45,GO,3883.76,3496,532.05,Varejo,592.3000000000001,398.4581219456374,398.19,-0.9081004503890292,1,1,6,Wednesday,2025-05,1,0,0,0,0,1,0,0,25,1,Alto,new_device_location
TX-0045506,2025-05-07 11:01:47,ACC-01074,Cartao,POS,520.23,RS,RISK-6417824,0,Transporte,MER-0782,1,Novo dispositivo e local,41,SP,3724.14,2206,481.81,Alta renda,467.704,295.3361648895486,391.61,0.17785156795695495,1,1,11,Wednesday,2025-05,1,0,0,0,0,1,0,0,25,1,Alto,new_device_location
TX-0020282,2025-05-07 14:27:09,ACC-00093,PIX,App,216.09,PR,RISK-1027027,0,Viagem,MER-0765,1,Novo dispositivo e local,58,RJ,1183.92,3055,177.66,Digital,217.97608695652173,168.66035805561023,158.06,-0.011182752000916821,1,1,14,Wednesday,2025-05,1,0,0,0,0,1,0,0,25,1,Alto,new_device_location
TX-0036660,2025-05-05 11:04:00,ACC-01729,Transferencia,App,277.39,MG,DEV-01729-A,1,Restaurante,MER-0912,1,Alta velocidade,23,SP,546.52,1859,66.32,Alta renda,96.58653846153847,64.58650552196225,97.24,2.7993999687284585,5,5,11,Monday,2025-05,1,0,0,1,0,0,0,0,25,1,Alto,velocity_1h
TX-0032480,2025-05-06 14:06:40,ACC-01645,PIX,Internet Banking,806.95,GO,NEW-3806257,0,Servicos,MER-0133,0,Normal,23,SP,7279.02,3546,1096.76,Digital,1288.61,1390.6594808339437,606.35,-0.34635365928053097,1,1,14,Tuesday,2025-05,1,0,0,0,0,1,0,0,25,1,Alto,new_device_location
TX-0018045,2025-05-06 16:25:52,ACC-02373,Transferencia,Internet Banking,23.77,RJ,RISK-2295427,0,Eletronicos,MER-1008,1,Novo dispositivo e local,63,MG,1706.71,4317,59.7,Digital,1199.1670588235295,1818.3091949588934,90.29,-0.6464230957431317,1,1,16,Tuesday,2025-05,1,0,0,0,0,1,0,0,25,1,Alto,new_device_location
TX-0047979,2025-05-06 20:03:02,ACC-01308,Boleto,App,182.2,SC,RISK-8200966,0,Servicos,MER-0002,1,Novo dispositivo e local,68,SP,4391.93,3581,488.08,Alta renda,585.3657575757576,370.2473467496957,470.86,-1.0889092416597823,1,1,20,Tuesday,2025-05,1,0,0,0,0,1,0,0,25,1,Alto,new_device_location
TX-0007043,2025-09-09 13:11:57,ACC-00171,Cartao,POS,314.92,RS,NEW-7489623,0,Eletronicos,MER-0908,0,Normal,77,BA,4819.79,4609,229.79,Varejo,303.3754166666667,207.11125516786905,256.725,0.055740975177694406,1,1,13,Tuesday,2025-09,1,0,0,0,0,1,0,0,25,1,Alto,new_device_location
TX-0008625,2025-11-04 14:24:16,ACC-00826,Cartao,E-commerce,235.41,PR,RISK-9375749,0,Restaurante,MER-0522,1,Novo dispositivo e local,22,RS,3673.07,4089,137.0,Varejo,166.3447619047619,127.63159858040828,138.12,0.5411296173002706,1,1,14,Tuesday,2025-11,1,0,0,0,0,1,0,0,25,1,Alto,new_device_location
TX-0035790,2025-11-04 16:02:00,ACC-00688,Transferencia,Internet Banking,1489.28,SP,DEV-00688-A,1,Transporte,MER-0785,1,Alta velocidade,57,MG,2204.17,3551,108.94,Alta renda,206.0882608695652,376.0227650585699,106.43,3.412537373716091,3,3,16,Tuesday,2025-11,1,0,0,1,0,0,0,0,25,1,Alto,velocity_1h
TX-0018439,2025-11-04 16:03:00,ACC-00688,Cartao,E-commerce,168.38,SP,DEV-00688-A,1,Outros,MER-0929,1,Alta velocidade,57,MG,2204.17,3551,108.94,Alta renda,206.0882608695652,376.0227650585699,106.43,-0.10028185624264453,4,4,16,Tuesday,2025-11,1,0,0,1,0,0,0,0,25,1,Alto,velocity_1h
TX-0012111,2025-11-04 16:04:00,ACC-00688,Boleto,Internet Banking,168.73,RJ,DEV-00688-A,1,Servicos,MER-0759,1,Alta velocidade,57,MG,2204.17,3551,108.94,Alta renda,206.0882608695652,376.0227650585699,106.43,-0.09935106153412342,5,5,16,Tuesday,2025-11,1,0,0,1,0,0,0,0,25,1,Alto,velocity_1h
TX-0049704,2025-11-03 16:13:43,ACC-00538,Saque,ATM,377.18,SP,RISK-8278728,0,Outros,MER-0644,1,Novo dispositivo e local,31,PR,3882.15,1303,272.48,Digital,1019.9784999999999,3414.988917054182,176.245,-0.18822857573268115,1,1,16,Monday,2025-11,1,0,0,0,0,1,0,0,25,1,Alto,new_device_location
TX-0036855,2025-11-03 19:02:00,ACC-01929,Cartao,POS,317.86,SP,DEV-01929-A,1,Transporte,MER-0977,1,Alta velocidade,70,SP,1107.75,2901,59.0,Digital,84.23263157894738,88.19689531208033,51.11,2.648929620417746,3,3,19,Monday,2025-11,0,0,0,1,0,0,0,0,25,1,Alto,velocity_1h
TX-0033501,2025-11-03 19:03:00,ACC-01929,PIX,App,197.44,SP,DEV-01929-A,1,Mercado,MER-0995,1,Alta velocidade,70,SP,1107.75,2901,59.0,Digital,84.23263157894738,88.19689531208033,51.11,1.2835754367596952,4,4,19,Monday,2025-11,0,0,0,1,0,0,0,0,25,1,Alto,velocity_1h
TX-0027434,2025-05-16 12:35:58,ACC-01117,Cartao,E-commerce,27.43,PR,NEW-0031377,0,Outros,MER-0005,0,Normal,71,GO,805.26,3921,101.21,Varejo,111.93,72.59036940968466,96.225,-1.1640662623315763,1,1,12,Friday,2025-05,1,0,0,0,0,1,0,0,25,1,Alto,new_device_location
TX-0047256,2025-05-16 18:02:00,ACC-01740,PIX,App,1186.5,RJ,DEV-01740-A,1,Servicos,MER-0630,1,Alta velocidade,46,RJ,12943.82,2532,1542.16,Digital,1658.4292,1457.6932968590022,1356.91,-0.3237506826826331,3,3,18,Friday,2025-05,0,0,0,1,0,0,0,0,25,1,Alto,velocity_1h
TX-0042505,2025-05-16 18:03:00,ACC-01740,Cartao,Carteira digital,81.49,BA,DEV-01740-A,1,Outros,MER-1188,1,Alta velocidade,46,RJ,12943.82,2532,1542.16,Digital,1658.4292,1457.6932968590022,1356.91,-1.0818045218414227,4,4,18,Friday,2025-05,1,0,0,1,0,0,0,0,25,1,Alto,velocity_1h
TX-0028292,2025-05-16 18:04:00,ACC-01740,Cartao,POS,789.83,PE,DEV-01740-A,1,Servicos,MER-0462,1,Alta velocidade,46,RJ,12943.82,2532,1542.16,Digital,1658.4292,1457.6932968590022,1356.91,-0.5958723977613356,5,5,18,Friday,2025-05,1,0,0,1,0,0,0,0,25,1,Alto,velocity_1h
TX-0001983,2025-05-13 14:04:49,ACC-01687,Cartao,POS,169.04,BA,RISK-5025689,0,Outros,MER-0361,1,Novo dispositivo e local,63,SP,3451.04,1127,146.06,Digital,139.22653846153847,77.32392509138721,134.18,0.3855658064851951,1,1,14,Tuesday,2025-05,1,0,0,0,0,1,0,0,25,1,Alto,new_device_location
TX-0013391,2025-05-14 19:23:36,ACC-00929,Boleto,Internet Banking,123.5,PR,RISK-2126058,0,Viagem,MER-0481,1,Novo dispositivo e local,19,GO,2248.06,2355,229.23,Varejo,237.28142857142856,143.71150800425534,179.44,-0.7917349845640717,1,1,19,Wednesday,2025-05,1,0,0,0,0,1,0,0,25,1,Alto,new_device_location
TX-0020788,2025-05-15 09:30:04,ACC-00944,Cartao,E-commerce,237.41,BA,NEW-3742271,0,Mercado,MER-0357,0,Normal,72,PR,4530.01,4634,384.42,Varejo,378.88722222222225,276.251883928749,301.345,-0.5121312485192394,1,1,9,Thursday,2025-05,1,0,0,0,0,1,0,0,25,1,Alto,new_device_location
TX-0025886,2025-05-15 13:57:00,ACC-00417,PIX,App,216.87,RS,RISK-0320712,0,Viagem,MER-0659,1,Novo dispositivo e local,55,PE,5268.08,3994,294.68,Empresarial,276.8213636363636,218.6574882429564,196.53500000000003,-0.2741793300476863,1,1,13,Thursday,2025-05,1,0,0,0,0,1,0,0,25,1,Alto,new_device_location
TX-0006627,2025-11-07 07:02:00,ACC-01342,PIX,App,342.05,SP,DEV-01342-A,1,Eletronicos,MER-0482,1,Alta velocidade,72,SP,6482.88,1237,421.36,Varejo,482.9604545454545,364.38714611270865,360.29499999999996,-0.38670533812372593,3,3,7,Friday,2025-11,0,0,0,1,0,0,0,0,25,1,Alto,velocity_1h
TX-0012266,2025-11-07 07:03:00,ACC-01342,PIX,App,38.97,PE,DEV-01342-A,1,Transporte,MER-0679,1,Alta velocidade,72,SP,6482.88,1237,421.36,Varejo,482.9604545454545,364.38714611270865,360.29499999999996,-1.218458058364451,4,4,7,Friday,2025-11,1,0,0,1,0,0,0,0,25,1,Alto,velocity_1h
TX-0042817,2025-11-07 07:04:00,ACC-01342,Transferencia,Internet Banking,149.77,RJ,DEV-01342-A,1,Transporte,MER-0491,1,Alta velocidade,72,SP,6482.88,1237,421.36,Varejo,482.9604545454545,364.38714611270865,360.29499999999996,-0.9143858615759055,5,5,7,Friday,2025-11,1,0,0,1,0,0,0,0,25,1,Alto,velocity_1h
TX-0008995,2025-11-07 11:02:35,ACC-02103,Boleto,App,4940.0,PR,RISK-6386572,0,Viagem,MER-0808,1,Novo dispositivo e local,18,BA,14141.15,4380,1741.24,Alta renda,2999.396666666667,2617.594005189842,1925.73,0.7413691082290624,1,1,11,Friday,2025-11,1,0,0,0,0,1,0,0,25,1,Alto,new_device_location
TX-0016355,2025-11-05 16:48:54,ACC-01974,Transferencia,Internet Banking,3287.0,SC,RISK-8166562,0,Viagem,MER-1029,1,Novo dispositivo e local,70,SP,7152.11,809,1078.25,Alta renda,1479.7488235294118,1095.7492662037378,994.78,1.649329123196107,1,1,16,Wednesday,2025-11,1,0,0,0,0,1,0,0,25,1,Alto,new_device_location
TX-0014074,2025-11-05 17:46:56,ACC-00455,Transferencia,Internet Banking,625.69,MG,RISK-1285242,0,Servicos,MER-1200,1,Novo dispositivo e local,39,SP,8472.79,4290,691.9,Alta renda,992.0745,727.144696021616,729.61,-0.5038673898119286,1,1,17,Wednesday,2025-11,1,0,0,0,0,1,0,0,25,1,Alto,new_device_location
TX-0014341,2025-05-15 19:31:53,ACC-00458,PIX,Internet Banking,2614.78,MG,NEW-7327419,0,Transporte,MER-0856,0,Normal,57,RJ,3444.27,441,546.76,Alta renda,649.7875,579.2944321533853,421.03,3.39204451300459,1,1,19,Thursday,2025-05,1,0,0,0,0,1,0,0,25,1,Alto,new_device_location
TX-0031450,2025-05-15 20:03:43,ACC-00382,Cartao,POS,59.4,SC,RISK-3606780,0,Outros,MER-0740,1,Novo dispositivo e local,44,SP,1987.59,2626,143.06,Varejo,175.90916666666666,119.48660383041916,129.44,-0.9750814144154752,1,1,20,Thursday,2025-05,1,0,0,0,0,1,0,0,25,1,Alto,new_device_location
TX-0016652,2025-05-02 09:04:00,ACC-01935,PIX,App,226.92,GO,DEV-01935-A,1,Eletronicos,MER-1149,1,Alta velocidade,65,RJ,4725.73,4115,685.78,Digital,724.06,542.1205712315121,487.58000000000004,-0.9170284737040476,5,5,9,Friday,2025-05,1,0,0,1,0,0,0,0,25,1,Alto,velocity_1h
TX-0027119,2025-05-03 12:07:30,ACC-00834,Transferencia,Internet Banking,133.66,MG,RISK-9509980,0,Transporte,MER-0643,1,Novo dispositivo e local,26,BA,2077.55,4505,278.46,Digital,1384.8807142857145,4065.6867909019797,292.025,-0.3077513784597581,1,1,12,Saturday,2025-05,1,0,0,0,0,1,0,0,25,1,Alto,new_device_location
TX-0019614,2025-04-30 10:20:35,ACC-01935,Cartao,POS,503.36,SC,RISK-2288445,0,Mercado,MER-0377,1,Novo dispositivo e local,65,RJ,4725.73,4115,685.78,Digital,724.06,542.1205712315121,487.58000000000004,-0.4071050089441269,1,1,10,Wednesday,2025-04,1,0,0,0,0,1,0,0,25,1,Alto,new_device_location
TX-0003637,2025-04-30 12:37:41,ACC-01114,Transferencia,Internet Banking,290.73,MG,RISK-2194549,0,Transporte,MER-1042,1,Novo dispositivo e local,39,SC,7365.02,4289,557.28,Varejo,700.4035714285714,441.3946236925924,615.9000000000001,-0.9281344842883427,1,1,12,Wednesday,2025-04,1,0,0,0,0,1,0,0,25,1,Alto,new_device_location
TX-0012646,2025-04-29 18:38:22,ACC-01214,Transferencia,App,8.91,SC,RISK-3140763,0,Eletronicos,MER-0111,1,Novo dispositivo e local,76,MG,1286.49,765,40.69,Varejo,48.9816,35.71158561774222,39.53,-1.1220896330095083,1,1,18,Tuesday,2025-04,1,0,0,0,0,1,0,0,25,1,Alto,new_device_location
TX-0007680,2025-04-29 19:40:14,ACC-01652,PIX,App,91.88,RJ,RISK-6086008,0,Servicos,MER-0766,1,Novo dispositivo e local,76,GO,2767.19,1519,378.82,Varejo,424.9823076923077,254.72032005802274,407.655,-1.3077178436978658,1,1,19,Tuesday,2025-04,1,0,0,0,0,1,0,0,25,1,Alto,new_device_location
TX-0037817,2025-04-28 20:02:27,ACC-00355,PIX,App,874.3,RS,RISK-2693259,0,Mercado,MER-0296,1,Novo dispositivo e local,45,BA,6888.96,901,544.26,Varejo,642.5541176470588,636.5866346191501,427.88,0.3640445302336382,1,1,20,Monday,2025-04,1,0,0,0,0,1,0,0,25,1,Alto,new_device_location
TX-0018772,2025-11-06 07:27:45,ACC-01252,Cartao,POS,336.6,BA,RISK-0835653,0,Servicos,MER-0881,1,Novo dispositivo e local,41,PR,1144.6,1522,106.54,Varejo,128.95666666666668,99.71771574466261,92.28,2.082311370479297,1,1,7,Thursday,2025-11,1,0,0,0,0,1,0,0,25,1,Alto,new_device_location
TX-0043703,2025-05-08 10:07:07,ACC-01975,Transferencia,App,128.69,RJ,NEW-0933783,0,Restaurante,MER-0625,0,Normal,44,PE,2134.43,4217,176.48,Digital,234.8526923076923,149.78188124223016,236.37,-0.7087819396259548,1,1,10,Thursday,2025-05,1,0,0,0,0,1,0,0,25,1,Alto,new_device_location
TX-0029609,2025-05-08 14:38:09,ACC-01298,Cartao,E-commerce,235.94,SC,RISK-2113455,0,Eletronicos,MER-0923,1,Novo dispositivo e local,60,RS,3399.36,3547,163.55,Varejo,168.90347826086958,140.70368792765413,107.57,0.4764375598569862,1,1,14,Thursday,2025-05,1,0,0,0,0,1,0,0,25,1,Alto,new_device_location
TX-0000158,2025-05-09 06:39:18,ACC-00301,PIX,Internet Banking,1586.77,DF,NEW-4458526,0,Restaurante,MER-0790,0,Normal,77,RJ,3939.67,3951,473.89,Varejo,1842.9814285714285,3970.296102045901,662.085,-0.06453207065321961,1,1,6,Friday,2025-05,1,0,0,0,0,1,0,0,25,1,Alto,new_device_location
TX-0047791,2025-05-09 11:00:00,ACC-02203,PIX,App,4500.0,PR,NEW-7488219,0,Restaurante,MER-0069,1,Fracionamento,57,SP,914.64,151,113.58,Varejo,745.4671875,1395.1650998271512,140.985,2.6911028758998876,2,2,11,Friday,2025-05,1,0,0,0,0,1,0,0,25,1,Alto,new_device_location
TX-0045129,2025-05-17 14:51:09,ACC-02206,Cartao,POS,579.71,RJ,NEW-0548756,0,Mercado,MER-0733,0,Normal,23,SP,4780.67,3221,500.16,Varejo,466.6035714285714,333.13190176258666,379.84000000000003,0.3395244585492634,1,1,14,Saturday,2025-05,1,0,0,0,0,1,0,0,25,1,Alto,new_device_location
TX-0036818,2025-05-17 16:06:30,ACC-01953,PIX,Internet Banking,419.2,RS,RISK-9273320,0,Eletronicos,MER-0216,1,Novo dispositivo e local,32,RJ,2555.69,3588,373.51,Varejo,353.34965517241375,290.2587184919535,271.22,0.22686775842501258,1,2,16,Saturday,2025-05,1,0,0,0,0,1,0,0,25,1,Alto,new_device_location
TX-0001654,2025-05-17 17:51:48,ACC-00310,Cartao,POS,237.48,SP,NEW-3551961,0,Transporte,MER-0775,0,Normal,50,GO,1925.53,4423,146.93,Digital,154.21375,103.69134963763327,157.39,0.8030202161606325,1,1,17,Saturday,2025-05,1,0,0,0,0,1,0,0,25,1,Alto,new_device_location
TX-0041981,2025-05-02 09:03:00,ACC-01935,PIX,App,75.7,SP,DEV-01935-A,1,Transporte,MER-0015,1,Alta velocidade,65,RJ,4725.73,4115,685.78,Digital,724.06,542.1205712315121,487.58000000000004,-1.1959701114590582,4,4,9,Friday,2025-05,1,0,0,1,0,0,0,0,25,1,Alto,velocity_1h
TX-0024353,2025-05-20 17:58:07,ACC-00289,PIX,Internet Banking,462.37,PE,RISK-6768731,0,Servicos,MER-0437,1,Novo dispositivo e local,34,SP,5131.39,914,547.14,Digital,653.59,437.3195551234055,533.99,-0.43725462938889254,1,1,17,Tuesday,2025-05,1,0,0,0,0,1,0,0,25,1,Alto,new_device_location
TX-0043927,2025-11-08 08:03:00,ACC-00982,PIX,Internet Banking,145.29,SP,DEV-00982-A,1,Transporte,MER-0976,1,Alta velocidade,74,SP,1289.98,4936,99.72,Varejo,759.4227999999999,3073.417576921388,100.83,-0.19982081335500487,4,4,8,Saturday,2025-11,0,0,0,1,0,0,0,0,25,1,Alto,velocity_1h
TX-0025349,2025-11-08 08:04:00,ACC-00982,Cartao,Carteira digital,376.52,SP,DEV-00982-A,1,Transporte,MER-0589,1,Alta velocidade,74,SP,1289.98,4936,99.72,Varejo,759.4227999999999,3073.417576921388,100.83,-0.12458534853033212,5,5,8,Saturday,2025-11,0,0,0,1,0,0,0,0,25,1,Alto,velocity_1h
TX-0024612,2025-04-28 07:29:33,ACC-00811,Boleto,Internet Banking,341.96,MG,NEW-7713255,0,Viagem,MER-0526,0,Normal,66,GO,8327.4,723,242.29,Digital,211.9542105263158,135.79182434544552,147.09,0.9573904032908341,1,1,7,Monday,2025-04,1,0,0,0,0,1,0,0,25,1,Alto,new_device_location
TX-0021094,2025-04-28 10:02:41,ACC-01949,PIX,App,385.82,RJ,RISK-6708934,0,Servicos,MER-1113,1,Novo dispositivo e local,67,RS,7435.62,83,482.51,Alta renda,484.538,342.46349499810316,371.3,-0.28825846095084323,1,1,10,Monday,2025-04,1,0,0,0,0,1,0,0,25,1,Alto,new_device_location
TX-0011928,2025-04-28 17:02:00,ACC-01126,Transferencia,App,135.93,PR,DEV-01126-A,1,Servicos,MER-0748,1,Alta velocidade,33,SP,2693.56,1178,82.2,Varejo,201.62652173913042,257.8174742580617,120.28,-0.25481795571921423,3,3,17,Monday,2025-04,1,0,0,1,0,0,0,0,25,1,Alto,velocity_1h
TX-0014285,2025-04-28 17:03:00,ACC-01126,Cartao,E-commerce,625.96,RJ,DEV-01126-A,1,Restaurante,MER-1109,1,Alta velocidade,33,SP,2693.56,1178,82.2,Varejo,201.62652173913042,257.8174742580617,120.28,1.6458677965176798,4,4,17,Monday,2025-04,1,0,0,1,0,0,0,0,25,1,Alto,velocity_1h
TX-0031049,2025-04-26 17:16:37,ACC-01236,Cartao,E-commerce,83.45,BA,RISK-7328727,0,Servicos,MER-0576,1,Novo dispositivo e local,43,GO,1932.0,2685,100.63,Varejo,807.1725925925925,1440.9361823443721,119.65,-0.5022586020535007,1,1,17,Saturday,2025-04,1,0,0,0,0,1,0,0,25,1,Alto,new_device_location
TX-0045066,2025-05-23 16:24:49,ACC-01010,PIX,Internet Banking,195.26,GO,RISK-0657781,0,Viagem,MER-0853,1,Novo dispositivo e local,41,MG,2786.0,2416,115.59,Digital,118.60333333333334,126.90726893165852,77.31,0.6040368476288575,1,1,16,Friday,2025-05,1,0,0,0,0,1,0,0,25,1,Alto,new_device_location
TX-0025764,2025-05-24 02:14:35,ACC-00355,Cartao,POS,429.42,PR,RISK-3495990,0,Transporte,MER-0498,1,Novo dispositivo e local,45,BA,6888.96,901,544.26,Varejo,642.5541176470588,636.5866346191501,427.88,-0.3348077167447448,1,1,2,Saturday,2025-05,1,0,0,0,0,1,0,0,25,1,Alto,new_device_location
TX-0009795,2025-05-24 10:02:00,ACC-00434,Cartao,Carteira digital,35.91,SP,DEV-00434-A,1,Servicos,MER-0487,1,Alta velocidade,34,MG,4900.87,1921,693.73,Digital,1318.1870000000001,2812.321873834734,658.14,-0.4559495881072655,3,3,10,Saturday,2025-05,1,0,0,1,0,0,0,0,25,1,Alto,velocity_1h
TX-0003025,2025-05-24 10:03:00,ACC-00434,PIX,Internet Banking,268.04,MG,DEV-00434-A,1,Eletronicos,MER-0874,1,Alta velocidade,34,MG,4900.87,1921,693.73,Digital,1318.1870000000001,2812.321873834734,658.14,-0.37340924940717224,4,4,10,Saturday,2025-05,0,0,0,1,0,0,0,0,25,1,Alto,velocity_1h
TX-0019973,2025-05-21 20:12:13,ACC-00170,PIX,Internet Banking,504.31,SP,NEW-1039424,0,Servicos,MER-0916,0,Normal,76,RS,9480.35,3378,413.48,Empresarial,479.39909090909094,553.7711169952635,341.895,0.0449841248963552,1,1,20,Wednesday,2025-05,1,0,0,0,0,1,0,0,25,1,Alto,new_device_location
TX-0008659,2025-05-22 06:10:51,ACC-01677,PIX,Internet Banking,2854.96,SP,NEW-8687434,0,Restaurante,MER-0163,0,Normal,31,SC,7449.63,3137,1017.88,Alta renda,1407.048823529412,744.7683216685773,1147.9,1.9441095094199108,1,2,6,Thursday,2025-05,1,0,0,0,0,1,0,0,25,1,Alto,new_device_location
TX-0022932,2025-05-20 08:25:07,ACC-00379,Cartao,E-commerce,654.88,SP,RISK-8744327,0,Restaurante,MER-0648,1,Novo dispositivo e local,20,PE,5056.65,1128,416.31,Digital,379.5694736842105,188.61068520083856,369.52,1.4596761897271633,1,1,8,Tuesday,2025-05,1,0,0,0,0,1,0,0,25,1,Alto,new_device_location
TX-0023802,2025-05-20 11:45:42,ACC-01783,Cartao,Carteira digital,813.33,BA,RISK-9374867,0,Servicos,MER-1139,1,Novo dispositivo e local,29,RJ,3471.84,4392,371.99,Digital,884.9596774193549,2725.5238775722655,340.21,-0.026281067654104828,1,1,11,Tuesday,2025-05,1,0,0,0,0,1,0,0,25,1,Alto,new_device_location
TX-0039652,2025-10-29 18:49:36,ACC-00928,Cartao,Carteira digital,154.61,SC,NEW-6430509,0,Viagem,MER-1087,0,Normal,44,BA,2508.37,986,74.82,Varejo,72.30785714285715,40.323837610901194,58.620000000000005,2.041029518353511,1,1,18,Wednesday,2025-10,1,0,0,0,0,1,0,0,25,1,Alto,new_device_location
TX-0003912,2025-10-28 00:02:31,ACC-01581,Cartao,E-commerce,1156.83,RS,RISK-1397871,0,Mercado,MER-0460,1,Novo dispositivo e local,47,MG,6297.6,2867,668.79,Digital,817.624,484.34009093654544,641.21,0.7003467322808099,1,1,0,Tuesday,2025-10,1,0,0,0,0,1,0,0,25,1,Alto,new_device_location
TX-0002494,2025-10-28 16:02:00,ACC-00447,Boleto,Internet Banking,649.38,RJ,DEV-00447-A,1,Mercado,MER-0361,1,Alta velocidade,60,MG,2530.78,430,67.5,Varejo,183.44521739130434,234.4705415858067,104.95,1.9871783442705206,3,3,16,Tuesday,2025-10,1,0,0,1,0,0,0,0,25,1,Alto,velocity_1h
TX-0046283,2025-10-28 16:03:00,ACC-00447,PIX,Internet Banking,67.33,PR,DEV-00447-A,1,Restaurante,MER-1057,1,Alta velocidade,60,MG,2530.78,430,67.5,Varejo,183.44521739130434,234.4705415858067,104.95,-0.4952230527808581,4,4,16,Tuesday,2025-10,1,0,0,1,0,0,0,0,25,1,Alto,velocity_1h
TX-0046674,2025-10-28 16:04:00,ACC-00447,Cartao,E-commerce,552.84,RS,DEV-00447-A,1,Restaurante,MER-0960,1,Alta velocidade,60,MG,2530.78,430,67.5,Varejo,183.44521739130434,234.4705415858067,104.95,1.5754421860859318,5,5,16,Tuesday,2025-10,1,0,0,1,0,0,0,0,25,1,Alto,velocity_1h
TX-0010377,2025-10-28 17:32:44,ACC-00679,PIX,App,699.57,BA,RISK-1471804,0,Outros,MER-0105,1,Novo dispositivo e local,64,GO,7383.46,1150,631.09,Alta renda,808.6072727272727,707.5535033525688,658.89,-0.15410463266823826,1,1,17,Tuesday,2025-10,1,0,0,0,0,1,0,0,25,1,Alto,new_device_location
TX-0030440,2025-10-28 19:32:48,ACC-01884,Cartao,E-commerce,487.12,BA,RISK-0130022,0,Eletronicos,MER-0282,1,Novo dispositivo e local,19,GO,2667.37,784,349.63,Empresarial,391.4083333333333,391.4805264485142,299.51,0.24448640532635607,1,1,19,Tuesday,2025-10,1,0,0,0,0,1,0,0,25,1,Alto,new_device_location
TX-0020290,2025-10-29 08:29:03,ACC-00889,Cartao,E-commerce,1125.13,SP,NEW-5129793,0,Transporte,MER-1186,0,Normal,30,PR,9656.9,2311,1502.65,Varejo,1375.2944444444445,1137.1358056575725,1211.87,-0.21999522238223918,1,1,8,Wednesday,2025-10,1,0,0,0,0,1,0,0,25,1,Alto,new_device_location
TX-0017208,2025-05-13 09:46:53,ACC-01707,Cartao,POS,45.95,PR,NEW-9394776,0,Eletronicos,MER-0520,0,Normal,23,BA,3199.16,932,133.19,Varejo,134.77592592592592,104.56784118306453,105.07,-0.8494573945580496,1,1,9,Tuesday,2025-05,1,0,0,0,0,1,0,0,25,1,Alto,new_device_location
TX-0043303,2025-10-31 12:54:34,ACC-00008,Transferencia,App,95.61,MG,NEW-1794573,0,Outros,MER-1173,0,Normal,76,BA,4663.37,3717,121.96,Digital,124.23470588235293,91.63242671931474,95.61,-0.31238620330371836,1,1,12,Friday,2025-10,1,0,0,0,0,1,0,0,25,1,Alto,new_device_location
TX-0001061,2025-11-01 18:27:26,ACC-01920,PIX,App,212.8,PR,NEW-6322203,0,Mercado,MER-0338,0,Normal,71,BA,2402.98,2823,214.27,Digital,268.0686666666667,291.8143021283684,174.74,-0.18939670284684712,1,1,18,Saturday,2025-11,1,0,0,0,0,1,0,0,25,1,Alto,new_device_location
TX-0007619,2025-10-30 15:29:23,ACC-02072,Cartao,POS,227.04,MG,NEW-8455950,0,Transporte,MER-0497,0,Normal,47,DF,2438.64,4454,169.65,Empresarial,199.55166666666665,146.8045784343096,171.61,0.18724438724255116,1,1,15,Thursday,2025-10,1,0,0,0,0,1,0,0,25,1,Alto,new_device_location
TX-0024390,2025-10-30 16:02:00,ACC-00096,PIX,App,318.54,SP,DEV-00096-A,1,Outros,MER-0474,1,Alta velocidade,31,MG,14350.82,1226,900.63,Digital,973.9066666666668,1148.9019740326987,710.0450000000001,-0.5704287062596818,3,3,16,Thursday,2025-10,1,0,0,1,0,0,0,0,25,1,Alto,velocity_1h
TX-0001841,2025-10-30 16:03:00,ACC-00096,PIX,App,318.79,BA,DEV-00096-A,1,Eletronicos,MER-0823,1,Alta velocidade,31,MG,14350.82,1226,900.63,Digital,973.9066666666668,1148.9019740326987,710.0450000000001,-0.5702111071906136,4,4,16,Thursday,2025-10,1,0,0,1,0,0,0,0,25,1,Alto,velocity_1h
TX-0032431,2025-10-30 16:04:00,ACC-00096,Saque,ATM,460.41,MG,DEV-00096-A,1,Servicos,MER-0073,1,Alta velocidade,31,MG,14350.82,1226,900.63,Digital,973.9066666666668,1148.9019740326987,710.0450000000001,-0.44694558654492494,5,5,16,Thursday,2025-10,0,0,0,1,0,0,0,0,25,1,Alto,velocity_1h
TX-0044884,2025-10-31 12:30:02,ACC-01519,PIX,App,5393.68,SP,RISK-1651051,0,Servicos,MER-0365,1,Novo dispositivo e local,68,MG,10496.41,540,1199.39,Empresarial,1650.8725,1366.7843510981045,1040.755,2.738403828660276,1,1,12,Friday,2025-10,1,0,0,0,0,1,0,0,25,1,Alto,new_device_location
TX-0036631,2025-11-12 11:35:13,ACC-00761,PIX,App,57.52,PE,RISK-3712428,0,Mercado,MER-0398,1,Novo dispositivo e local,75,BA,1970.28,2085,118.68,Varejo,523.4936842105262,2496.2630902908095,98.76,-0.1866684990147578,1,1,11,Wednesday,2025-11,1,0,0,0,0,1,0,0,25,1,Alto,new_device_location
TX-0013254,2025-11-13 06:42:58,ACC-00643,PIX,App,50.27,SC,RISK-3571427,0,Outros,MER-1025,1,Novo dispositivo e local,36,SP,2076.06,4181,97.99,Varejo,102.67642857142857,57.8473208750205,90.44,-0.9059439189008076,1,1,6,Thursday,2025-11,1,0,0,0,0,1,0,0,25,1,Alto,new_device_location
TX-0039472,2025-11-13 13:14:39,ACC-00471,Cartao,POS,1083.11,GO,RISK-9002690,0,Mercado,MER-0476,1,Novo dispositivo e local,28,BA,7661.37,4465,1094.33,Alta renda,1020.9992307692307,591.6626661936551,960.88,0.1049766577809388,1,2,13,Thursday,2025-11,1,0,0,0,0,1,0,0,25,1,Alto,new_device_location
TX-0023170,2025-11-10 12:12:28,ACC-02212,PIX,Internet Banking,1848.12,SP,NEW-1769933,0,Transporte,MER-0988,0,Normal,32,PR,16908.3,3466,2522.35,Alta renda,2794.8135294117646,3469.6433294593503,1882.46,-0.2728503882153447,1,1,12,Monday,2025-11,1,0,0,0,0,1,0,0,25,1,Alto,new_device_location
TX-0012918,2025-11-11 13:41:19,ACC-02276,Transferencia,Internet Banking,966.31,GO,RISK-1685423,0,Eletronicos,MER-0962,1,Novo dispositivo e local,76,SP,3349.23,200,484.55,Digital,562.5899999999999,295.52134582378307,470.84,1.3661280503261342,1,1,13,Tuesday,2025-11,1,0,0,0,0,1,0,0,25,1,Alto,new_device_location
TX-0024322,2025-11-08 07:34:20,ACC-00553,Cartao,Carteira digital,630.03,RJ,RISK-4398687,0,Mercado,MER-0316,1,Novo dispositivo e local,30,SP,3206.34,2993,456.13,Digital,466.36125,393.21424727950404,248.38,0.41623301071199786,1,1,7,Saturday,2025-11,1,0,0,0,0,1,0,0,25,1,Alto,new_device_location
TX-0047856,2025-11-08 08:02:00,ACC-00982,Cartao,E-commerce,547.35,SP,DEV-00982-A,1,Servicos,MER-0519,1,Alta velocidade,74,SP,1289.98,4936,99.72,Varejo,759.4227999999999,3073.417576921388,100.83,-0.06900227342762552,3,3,8,Saturday,2025-11,0,0,0,1,0,0,0,0,25,1,Alto,velocity_1h
TX-0044727,2025-05-19 18:18:25,ACC-00882,PIX,App,2084.43,SP,RISK-5870298,0,Restaurante,MER-0213,1,Novo dispositivo e local,37,PE,10533.29,1676,1236.81,Empresarial,1616.6523076923077,1403.9142056017743,1153.5349999999999,0.33319535513011195,1,1,18,Monday,2025-05,1,0,0,0,0,1,0,0,25,1,Alto,new_device_location
TX-0040878,2025-04-22 11:24:32,ACC-01594,Cartao,E-commerce,2670.2,MG,NEW-5535148,0,Eletronicos,MER-0519,0,Normal,32,PE,5927.96,3448,836.34,Empresarial,1359.645238095238,1130.7200309122456,895.92,1.159044437240073,1,1,11,Tuesday,2025-04,1,0,0,0,0,1,0,0,25,1,Alto,new_device_location
TX-0025780,2025-04-20 20:31:06,ACC-01290,Boleto,Internet Banking,746.21,RJ,NEW-7894999,0,Outros,MER-0564,0,Normal,74,SP,5132.59,4013,430.17,Digital,559.7568421052631,368.19975009123976,463.99,0.5063913211471054,1,1,20,Sunday,2025-04,1,0,0,0,0,1,0,0,25,1,Alto,new_device_location
TX-0013148,2025-04-21 05:38:05,ACC-02453,Cartao,POS,120.41,GO,NEW-1768514,0,Mercado,MER-0217,0,Normal,30,MG,5341.06,613,154.98,Varejo,197.2025925925926,114.44031906472179,186.44,-0.6710274247764243,1,1,5,Monday,2025-04,1,0,0,0,0,1,0,0,25,1,Alto,new_device_location
TX-0031704,2025-04-21 09:16:37,ACC-00544,Cartao,Carteira digital,545.52,BA,RISK-6217620,0,Restaurante,MER-0822,1,Novo dispositivo e local,64,DF,6943.46,2898,458.66,Alta renda,743.7284999999999,731.4627467599643,538.15,-0.27097552251016244,1,1,9,Monday,2025-04,1,0,0,0,0,1,0,0,25,1,Alto,new_device_location
TX-0023284,2025-04-19 13:21:25,ACC-00211,PIX,Internet Banking,299.44,RS,NEW-4893000,0,Eletronicos,MER-0697,0,Normal,37,GO,2810.67,4996,411.66,Empresarial,427.7993333333333,395.8764391690865,245.34,-0.3242409010315175,1,2,13,Saturday,2025-04,1,0,0,0,0,1,0,0,25,1,Alto,new_device_location
TX-0035417,2025-04-19 19:26:00,ACC-01571,Cartao,E-commerce,430.09,SP,NEW-6631444,0,Outros,MER-1019,0,Normal,60,DF,3783.85,1921,491.97,Alta renda,626.8985714285715,512.0760969419885,407.41499999999996,-0.3843346186316276,1,1,19,Saturday,2025-04,1,0,0,0,0,1,0,0,25,1,Alto,new_device_location
TX-0013897,2025-04-20 14:41:16,ACC-01257,PIX,App,1819.8,BA,RISK-3156232,0,Mercado,MER-0117,1,Novo dispositivo e local,75,SP,5199.92,2532,513.42,Varejo,1175.5040740740742,2894.3507842470003,602.34,0.22260464399568175,1,1,14,Sunday,2025-04,1,0,0,0,0,1,0,0,25,1,Alto,new_device_location
TX-0038830,2025-04-20 16:40:48,ACC-00090,PIX,App,343.62,BA,RISK-4963920,0,Mercado,MER-0767,1,Novo dispositivo e local,35,RJ,5944.74,3509,644.23,Alta renda,760.7277777777779,853.8159442054751,415.92,-0.48852188883158026,1,1,16,Sunday,2025-04,1,0,0,0,0,1,0,0,25,1,Alto,new_device_location
TX-0017035,2025-04-24 09:28:42,ACC-01998,PIX,Internet Banking,91.14,BA,NEW-3574937,0,Mercado,MER-0488,0,Normal,64,SP,1796.26,1127,241.12,Digital,221.42052631578946,153.3350137398386,185.28,-0.8496462949867057,1,1,9,Thursday,2025-04,1,0,0,0,0,1,0,0,25,1,Alto,new_device_location
TX-0023499,2025-04-24 16:02:00,ACC-01949,Cartao,POS,272.56,SP,DEV-01949-A,1,Outros,MER-0183,1,Alta velocidade,67,RS,7435.62,83,482.51,Alta renda,484.538,342.46349499810316,371.3,-0.618979841927894,3,3,16,Thursday,2025-04,1,0,0,1,0,0,0,0,25,1,Alto,velocity_1h
TX-0030300,2025-04-24 16:03:00,ACC-01949,PIX,Internet Banking,1209.06,SC,DEV-01949-A,1,Viagem,MER-0806,1,Alta velocidade,67,RS,7435.62,83,482.51,Alta renda,484.538,342.46349499810316,371.3,2.1156181916674446,4,4,16,Thursday,2025-04,1,0,0,1,0,0,0,0,25,1,Alto,velocity_1h
TX-0002654,2025-05-01 16:26:36,ACC-00691,PIX,App,191.54,MG,RISK-1711201,0,Viagem,MER-0846,1,Novo dispositivo e local,61,RJ,4660.77,4642,407.96,Varejo,490.0126315789474,528.1869166081487,347.23,-0.565089028512189,1,1,16,Thursday,2025-05,1,0,0,0,0,1,0,0,25,1,Alto,new_device_location
TX-0009572,2025-05-01 23:46:50,ACC-00188,PIX,App,115.86,RJ,RISK-4846148,0,Mercado,MER-0255,1,Novo dispositivo e local,75,SP,3352.0,3989,121.89,Alta renda,917.3729629629629,1648.4333382961734,144.56,-0.4862271008128297,1,1,23,Thursday,2025-05,1,0,0,0,0,1,0,0,25,1,Alto,new_device_location
TX-0031804,2025-05-02 09:02:00,ACC-01935,Cartao,E-commerce,879.16,SP,DEV-01935-A,1,Eletronicos,MER-0263,1,Alta velocidade,65,RJ,4725.73,4115,685.78,Digital,724.06,542.1205712315121,487.58000000000004,0.2860987172054106,3,3,9,Friday,2025-05,1,0,0,1,0,0,0,0,25,1,Alto,velocity_1h
TX-0035870,2025-04-21 14:12:12,ACC-00840,Transferencia,Internet Banking,1295.54,PR,NEW-8701010,0,Transporte,MER-0470,0,Normal,31,SP,4410.05,4609,562.19,Varejo,747.8908,761.4737029871748,315.36,0.7191964710687111,1,1,14,Monday,2025-04,1,0,0,0,0,1,0,0,25,1,Alto,new_device_location
TX-0049596,2025-04-21 16:23:35,ACC-01916,PIX,App,309.5,MG,NEW-7510800,0,Restaurante,MER-0668,0,Normal,22,PR,6315.75,1095,597.57,Digital,704.670909090909,662.3174481061185,417.925,-0.5966487976738212,1,1,16,Monday,2025-04,1,0,0,0,0,1,0,0,25,1,Alto,new_device_location
TX-0002302,2025-04-26 21:00:14,ACC-01759,Cartao,E-commerce,394.77,DF,NEW-8896131,0,Outros,MER-1192,0,Normal,41,RS,3398.93,2520,452.16,Empresarial,676.7061904761905,465.47317532244745,597.84,-0.6056980410973946,1,1,21,Saturday,2025-04,1,0,0,0,0,1,0,0,25,1,Alto,new_device_location
TX-0039754,2025-04-24 16:04:00,ACC-01949,Cartao,POS,299.79,PR,DEV-01949-A,1,Eletronicos,MER-1092,1,Alta velocidade,67,RS,7435.62,83,482.51,Alta renda,484.538,342.46349499810316,371.3,-0.5394677175767983,5,5,16,Thursday,2025-04,1,0,0,1,0,0,0,0,25,1,Alto,velocity_1h
TX-0020213,2025-04-24 17:29:57,ACC-00452,Boleto,App,162.08,MG,RISK-9587344,0,Restaurante,MER-0751,1,Novo dispositivo e local,67,PR,2313.98,1924,268.7,Varejo,386.9263157894737,333.65792797765073,250.52,-0.6738827311920922,1,1,17,Thursday,2025-04,1,0,0,0,0,1,0,0,25,1,Alto,new_device_location
TX-0004045,2025-04-24 22:27:23,ACC-01227,Cartao,POS,993.32,SP,NEW-8650880,0,Transporte,MER-0622,0,Normal,44,DF,9731.07,3310,412.41,Alta renda,1428.6084999999998,3419.640411821218,493.28999999999996,-0.12729072287696344,1,1,22,Thursday,2025-04,1,0,0,0,0,1,0,0,25,1,Alto,new_device_location
TX-0025005,2025-04-25 19:03:00,ACC-01734,Boleto,Internet Banking,430.48,SP,DEV-01734-A,1,Servicos,MER-1064,1,Alta velocidade,18,BA,719.35,3412,92.12,Varejo,190.1142857142857,216.88422710316578,109.37,1.1082673806951349,4,4,19,Friday,2025-04,1,0,0,1,0,0,0,0,25,1,Alto,velocity_1h
TX-0000949,2025-04-25 19:04:00,ACC-01734,Cartao,POS,41.93,SP,DEV-01734-A,1,Transporte,MER-0534,1,Alta velocidade,18,BA,719.35,3412,92.12,Varejo,190.1142857142857,216.88422710316578,109.37,-0.6832414126814236,5,5,19,Friday,2025-04,1,0,0,1,0,0,0,0,25,1,Alto,velocity_1h
TX-0045132,2025-04-23 15:10:32,ACC-00221,PIX,App,225.58,RS,RISK-1875132,0,Transporte,MER-1132,1,Novo dispositivo e local,49,SP,1409.01,1396,219.04,Varejo,235.43944444444443,178.84985837525755,204.435,-0.05512693459201752,1,1,15,Wednesday,2025-04,1,0,0,0,0,1,0,0,25,1,Alto,new_device_location
TX-0022068,2025-04-23 20:43:21,ACC-02127,Transferencia,Internet Banking,178.33,SP,RISK-4268879,0,Transporte,MER-0464,1,Novo dispositivo e local,27,RS,2726.6,1704,359.05,Alta renda,386.8278260869566,550.5924264161989,269.58,-0.3786790665539427,1,1,20,Wednesday,2025-04,1,0,0,0,0,1,0,0,25,1,Alto,new_device_location
TX-0031647,2025-04-22 21:03:55,ACC-01795,PIX,Internet Banking,1644.21,DF,RISK-3529434,0,Eletronicos,MER-0203,1,Novo dispositivo e local,20,SP,5201.08,4479,640.36,Digital,822.5508695652173,399.46809724606453,849.43,2.05688298039144,1,1,21,Tuesday,2025-04,1,0,0,0,0,1,0,0,25,1,Alto,new_device_location
TX-0046476,2025-04-23 07:34:42,ACC-00855,Transferencia,Internet Banking,55.74,RJ,RISK-9070719,0,Restaurante,MER-0716,1,Novo dispositivo e local,52,RS,1872.71,3567,113.37,Varejo,129.8984375,127.5444670366903,88.745,-0.581432023065862,1,1,7,Wednesday,2025-04,1,0,0,0,0,1,0,0,25,1,Alto,new_device_location
TX-0045125,2025-05-31 10:02:48,ACC-01848,PIX,App,536.65,SC,NEW-0520474,0,Viagem,MER-0198,0,Normal,50,MG,6815.5,2759,893.56,Varejo,1315.764,1237.4277757739408,890.59,-0.6296238174488271,1,1,10,Saturday,2025-05,1,0,0,0,0,1,0,0,25,1,Alto,new_device_location
TX-0026019,2025-05-31 17:38:40,ACC-00883,Boleto,App,433.44,SC,RISK-8247913,0,Transporte,MER-0706,1,Novo dispositivo e local,71,PR,8718.1,1750,533.09,Alta renda,477.12538461538463,269.1078973085817,410.12,-0.16233408626165774,1,1,17,Saturday,2025-05,1,0,0,0,0,1,0,0,25,1,Alto,new_device_location
TX-0020412,2025-05-30 12:54:42,ACC-02021,PIX,Internet Banking,258.24,BA,RISK-5691318,0,Servicos,MER-0423,1,Novo dispositivo e local,44,RJ,9036.83,1927,435.06,Alta renda,416.75714285714287,321.21771056625846,283.19,-0.4934881783999425,1,1,12,Friday,2025-05,1,0,0,0,0,1,0,0,25,1,Alto,new_device_location
TX-0023384,2025-05-29 15:02:00,ACC-02080,Boleto,Internet Banking,108.99,MG,DEV-02080-A,1,Mercado,MER-0889,1,Alta velocidade,44,MG,3583.01,4615,423.65,Varejo,678.2885714285713,865.2630685079595,411.605,-0.6579485385990843,3,3,15,Thursday,2025-05,0,0,0,1,0,0,0,0,25,1,Alto,velocity_1h
TX-0000025,2025-05-29 15:03:00,ACC-02080,Transferencia,Internet Banking,3374.52,GO,DEV-02080-A,1,Outros,MER-0367,1,Alta velocidade,44,MG,3583.01,4615,423.65,Varejo,678.2885714285713,865.2630685079595,411.605,3.1160828731783856,4,4,15,Thursday,2025-05,1,0,0,1,0,0,0,0,25,1,Alto,velocity_1h
TX-0031220,2025-05-29 15:04:00,ACC-02080,Cartao,E-commerce,120.17,SP,DEV-02080-A,1,Restaurante,MER-0832,1,Alta velocidade,44,MG,3583.01,4615,423.65,Varejo,678.2885714285713,865.2630685079595,411.605,-0.6450276126900675,5,5,15,Thursday,2025-05,1,0,0,1,0,0,0,0,25,1,Alto,velocity_1h
TX-0040657,2025-04-17 17:04:00,ACC-00897,PIX,App,747.63,PR,DEV-00897-A,1,Restaurante,MER-0263,1,Alta velocidade,58,GO,2455.03,2261,186.28,Varejo,294.78791666666666,210.0411619282436,235.81,2.1559682834359766,5,6,17,Thursday,2025-04,1,0,0,1,0,0,0,0,25,1,Alto,velocity_1h
TX-0009597,2025-04-17 21:45:46,ACC-00017,PIX,App,242.57,SP,NEW-6537021,0,Servicos,MER-1066,0,Normal,23,RJ,2944.11,2535,296.4,Varejo,370.4010526315789,368.1387758998672,240.88,-0.3472360452090726,1,1,21,Thursday,2025-04,1,0,0,0,0,1,0,0,25,1,Alto,new_device_location
TX-0025956,2025-04-18 06:08:49,ACC-00531,PIX,App,518.26,RS,RISK-1782079,0,Restaurante,MER-1018,1,Novo dispositivo e local,43,SP,9525.18,2931,742.6,Digital,1036.3726315789474,958.2268187348391,627.1,-0.5406993641265636,1,1,6,Friday,2025-04,1,0,0,0,0,1,0,0,25,1,Alto,new_device_location
TX-0045262,2025-04-15 13:02:00,ACC-00969,PIX,App,121.47,PE,DEV-00969-A,1,Servicos,MER-0486,1,Alta velocidade,64,MG,5604.11,4656,545.52,Varejo,619.3254545454546,463.3866300527976,479.05,-1.0743845900101383,3,3,13,Tuesday,2025-04,1,0,0,1,0,0,0,0,25,1,Alto,velocity_1h
TX-0045179,2025-04-15 13:03:00,ACC-00969,PIX,App,437.73,BA,DEV-00969-A,1,Viagem,MER-0953,1,Alta velocidade,64,MG,5604.11,4656,545.52,Varejo,619.3254545454546,463.3866300527976,479.05,-0.39188755731852654,4,4,13,Tuesday,2025-04,1,0,0,1,0,0,0,0,25,1,Alto,velocity_1h
TX-0014173,2025-04-15 13:04:00,ACC-00969,PIX,Internet Banking,247.13,RS,DEV-00969-A,1,Viagem,MER-0449,1,Alta velocidade,64,MG,5604.11,4656,545.52,Varejo,619.3254545454546,463.3866300527976,479.05,-0.8032071501567647,5,5,13,Tuesday,2025-04,1,0,0,1,0,0,0,0,25,1,Alto,velocity_1h
TX-0016608,2025-04-14 16:07:17,ACC-01465,PIX,App,268.65,PE,RISK-2434337,0,Transporte,MER-0147,1,Novo dispositivo e local,27,SP,3306.36,3490,173.39,Varejo,928.5742857142858,3344.132464277651,124.81,-0.19733796216617058,1,1,16,Monday,2025-04,1,0,0,0,0,1,0,0,25,1,Alto,new_device_location
TX-0000262,2025-04-22 12:24:33,ACC-02243,Cartao,Carteira digital,241.46,RS,RISK-2657603,0,Viagem,MER-0781,1,Novo dispositivo e local,50,RJ,3368.07,4964,241.33,Digital,294.40999999999997,258.84871214465676,233.38,-0.20455964243086142,1,1,12,Tuesday,2025-04,1,0,0,0,0,1,0,0,25,1,Alto,new_device_location
TX-0020707,2025-06-02 15:08:52,ACC-00781,Boleto,Internet Banking,997.06,DF,NEW-7193299,0,Transporte,MER-0034,0,Normal,64,SP,4660.47,1557,453.87,Digital,1412.6336842105263,3439.621707779005,514.83,-0.12081958991905133,1,1,15,Monday,2025-06,1,0,0,0,0,1,0,0,25,1,Alto,new_device_location
TX-0045018,2025-04-18 15:16:06,ACC-01793,Boleto,App,135.48,GO,RISK-4836567,0,Transporte,MER-0536,1,Novo dispositivo e local,64,SP,1302.23,3302,59.12,Varejo,68.0957894736842,36.57991833958892,51.99,1.8421093754435385,1,1,15,Friday,2025-04,1,0,0,0,0,1,0,0,25,1,Alto,new_device_location
TX-0040297,2025-04-18 16:21:07,ACC-01791,Cartao,POS,26.68,MG,RISK-5305099,0,Eletronicos,MER-0807,1,Novo dispositivo e local,65,SP,2290.6,467,84.65,Varejo,712.9259999999999,3081.4043845745073,67.75,-0.22270559600529666,1,1,16,Friday,2025-04,1,0,0,0,0,1,0,0,25,1,Alto,new_device_location
TX-0023966,2025-04-19 00:12:20,ACC-00128,Cartao,E-commerce,1456.92,RS,NEW-0059349,0,Servicos,MER-0917,0,Normal,76,RJ,10996.32,1703,1533.17,Varejo,2041.5674999999999,1894.3937373154504,1409.25,-0.30861984416634797,1,1,0,Saturday,2025-04,1,0,0,0,0,1,0,0,25,1,Alto,new_device_location
TX-0045522,2025-04-16 07:59:42,ACC-01740,Boleto,Internet Banking,1538.65,PE,NEW-4431476,0,Outros,MER-0829,0,Normal,46,RJ,12943.82,2532,1542.16,Digital,1658.4292,1457.6932968590022,1356.91,-0.08217037168113273,1,2,7,Wednesday,2025-04,1,0,0,0,0,1,0,0,25,1,Alto,new_device_location
TX-0022821,2025-04-17 17:01:00,ACC-00897,Cartao,POS,287.71,MG,DEV-00897-A,0,Restaurante,MER-0626,1,Alta velocidade,58,GO,2455.03,2261,186.28,Varejo,294.78791666666666,210.0411619282436,235.81,-0.03369776000898676,2,3,17,Thursday,2025-04,1,0,0,0,0,1,0,0,25,1,Alto,new_device_location
TX-0034965,2025-04-17 17:02:00,ACC-00897,Cartao,Carteira digital,246.69,SP,DEV-00897-A,1,Outros,MER-1015,1,Alta velocidade,58,GO,2455.03,2261,186.28,Varejo,294.78791666666666,210.0411619282436,235.81,-0.2289928137185718,3,4,17,Thursday,2025-04,1,0,0,1,0,0,0,0,25,1,Alto,velocity_1h
TX-0002719,2025-04-17 17:03:00,ACC-00897,Saque,ATM,317.56,SP,DEV-00897-A,1,Viagem,MER-1021,1,Alta velocidade,58,GO,2455.03,2261,186.28,Varejo,294.78791666666666,210.0411619282436,235.81,0.10841724128870021,4,5,17,Thursday,2025-04,1,0,0,1,0,0,0,0,25,1,Alto,velocity_1h
TX-0037970,2025-05-28 19:59:20,ACC-00854,PIX,App,426.34,SC,RISK-9508009,0,Outros,MER-0606,1,Novo dispositivo e local,34,SP,2732.99,4613,344.61,Varejo,361.73125,159.52743650649356,369.28499999999997,0.40500086640187494,1,3,19,Wednesday,2025-05,1,0,0,0,0,1,0,0,25,1,Alto,new_device_location
TX-0006438,2025-05-25 16:16:35,ACC-01350,Boleto,Internet Banking,1455.03,SP,RISK-7418557,0,Transporte,MER-1088,1,Novo dispositivo e local,35,MG,9070.02,154,1201.27,Empresarial,1746.4855555555555,1255.9045851413573,1376.46,-0.23206823114094371,1,1,16,Sunday,2025-05,1,0,0,0,0,1,0,0,25,1,Alto,new_device_location
TX-0046665,2025-05-24 10:04:00,ACC-00434,Cartao,E-commerce,489.98,RS,DEV-00434-A,1,Servicos,MER-0506,1,Alta velocidade,34,MG,4900.87,1921,693.73,Digital,1318.1870000000001,2812.321873834734,658.14,-0.29449225129792866,5,5,10,Saturday,2025-05,1,0,0,1,0,0,0,0,25,1,Alto,velocity_1h
TX-0011593,2025-05-24 11:31:15,ACC-02284,Cartao,Carteira digital,455.78,RS,RISK-0837046,0,Transporte,MER-0840,1,Novo dispositivo e local,47,SP,4897.0,4404,373.64,Digital,383.05807692307695,247.09428942036246,342.51,0.2943083923449433,1,1,11,Saturday,2025-05,1,0,0,0,0,1,0,0,25,1,Alto,new_device_location
TX-0003404,2025-05-24 15:30:56,ACC-01982,PIX,Internet Banking,526.35,PE,RISK-0196465,0,Servicos,MER-0131,1,Novo dispositivo e local,70,DF,5028.87,1065,560.91,Alta renda,899.3164705882352,882.6942033409786,539.6,-0.4225319132906562,1,1,15,Saturday,2025-05,1,0,0,0,0,1,0,0,25,1,Alto,new_device_location
TX-0013637,2025-05-25 03:03:00,ACC-00684,Transferencia,Internet Banking,59.76,SP,DEV-00684-A,1,Transporte,MER-0657,1,Alta velocidade,19,RJ,4274.24,4756,470.36,Empresarial,643.2823076923078,653.3059382880498,368.31,-0.8931838415878999,4,4,3,Sunday,2025-05,1,0,0,1,0,0,0,0,25,1,Alto,velocity_1h
TX-0008264,2025-06-01 21:40:01,ACC-00125,Transferencia,App,117.31,BA,RISK-3689560,0,Eletronicos,MER-0620,1,Novo dispositivo e local,67,SC,6113.14,4020,219.58,Varejo,1245.1886666666667,3945.3004077453006,229.8,-0.28587903330566355,1,1,21,Sunday,2025-06,1,0,0,0,0,1,0,0,25,1,Alto,new_device_location
TX-0003346,2025-06-02 10:13:42,ACC-01599,Cartao,Carteira digital,694.2,BA,RISK-0420133,0,Servicos,MER-0532,1,Novo dispositivo e local,62,SP,2122.79,1337,278.55,Varejo,264.21458333333334,237.3694797234191,218.075,1.811460416763276,1,1,10,Monday,2025-06,1,0,0,0,0,1,0,0,25,1,Alto,new_device_location
TX-0006358,2025-10-20 17:22:23,ACC-02370,Saque,ATM,237.49,MG,RISK-8227990,0,Eletronicos,MER-0764,1,Novo dispositivo e local,29,GO,2629.25,4614,139.76,Varejo,262.08,265.76724276568154,144.16,-0.09252457053813885,1,1,17,Monday,2025-10,1,0,0,0,0,1,0,0,25,1,Alto,new_device_location
TX-0037095,2025-10-20 20:07:32,ACC-00240,Cartao,E-commerce,641.42,MG,NEW-7406876,0,Outros,MER-0055,0,Normal,52,SP,15250.02,4931,837.97,Empresarial,2184.8811764705883,3707.7135928963726,1083.23,-0.4162838196099379,1,1,20,Monday,2025-10,1,0,0,0,0,1,0,0,25,1,Alto,new_device_location
TX-0010897,2025-04-09 18:07:31,ACC-00391,Boleto,Internet Banking,1375.75,MG,RISK-3866941,0,Transporte,MER-0239,1,Novo dispositivo e local,77,BA,9091.87,2697,822.09,Digital,1243.22,837.4680048813806,880.665,0.15825082179559993,1,1,18,Wednesday,2025-04,1,0,0,0,0,1,0,0,25,1,Alto,new_device_location
TX-0044659,2025-04-08 17:38:44,ACC-00764,PIX,Internet Banking,312.91,PR,RISK-4794693,0,Mercado,MER-0648,1,Novo dispositivo e local,58,SC,12776.03,710,522.89,Digital,425.0205263157895,207.97086950055942,395.49,-0.5390684117685429,1,1,17,Tuesday,2025-04,1,0,0,0,0,1,0,0,25,1,Alto,new_device_location
TX-0037853,2025-04-09 10:08:05,ACC-00571,PIX,Internet Banking,509.68,GO,RISK-2808000,0,Servicos,MER-1179,1,Novo dispositivo e local,47,MG,4599.59,2835,326.28,Varejo,450.0968421052632,339.379347650525,485.79,0.17556506695891352,1,1,10,Wednesday,2025-04,1,0,0,0,0,1,0,0,25,1,Alto,new_device_location
TX-0024114,2025-04-09 13:10:39,ACC-02385,Boleto,App,379.26,SC,RISK-4353914,0,Outros,MER-0912,1,Novo dispositivo e local,43,PR,4957.68,2856,695.86,Alta renda,624.7461904761905,396.4364729118171,473.95,-0.6192321021148732,1,1,13,Wednesday,2025-04,1,0,0,0,0,1,0,0,25,1,Alto,new_device_location
TX-0032757,2025-04-09 16:13:22,ACC-00595,PIX,App,73.36,SP,NEW-3241276,0,Outros,MER-0259,0,Normal,35,BA,3037.68,4088,230.82,Varejo,222.80450000000002,325.64807463005695,128.45,-0.458914121232782,1,1,16,Wednesday,2025-04,1,0,0,0,0,1,0,0,25,1,Alto,new_device_location
TX-0001609,2025-04-08 07:22:59,ACC-02065,PIX,Internet Banking,28.71,GO,RISK-8319398,0,Outros,MER-0604,1,Novo dispositivo e local,26,SP,2692.77,2360,100.61,Varejo,86.315,41.71049102761445,82.42500000000001,-1.3810674144752355,1,1,7,Tuesday,2025-04,1,0,0,0,0,1,0,0,25,1,Alto,new_device_location
TX-0046328,2025-06-05 15:02:10,ACC-02314,PIX,App,252.75,SC,RISK-3402540,0,Viagem,MER-0524,1,Novo dispositivo e local,19,SP,2537.19,1424,139.55,Varejo,164.575,81.64720251758396,157.75,1.079951269377664,1,1,15,Thursday,2025-06,1,0,0,0,0,1,0,0,25,1,Alto,new_device_location
TX-0019480,2025-06-05 20:08:48,ACC-01659,Cartao,POS,204.74,BA,NEW-6061131,0,Transporte,MER-0352,0,Normal,23,RJ,1713.78,1949,114.08,Varejo,92.155,60.39492306128842,88.10499999999999,1.864146757596651,1,1,20,Thursday,2025-06,1,0,0,0,0,1,0,0,25,1,Alto,new_device_location
TX-0047974,2025-06-04 07:13:23,ACC-00776,Boleto,Internet Banking,396.16,GO,NEW-4786341,0,Outros,MER-1020,0,Normal,48,RJ,6781.24,3231,589.57,Alta renda,887.0194117647059,472.1391845164754,747.73,-1.0396498063752155,1,1,7,Wednesday,2025-06,1,0,0,0,0,1,0,0,25,1,Alto,new_device_location
TX-0028044,2025-06-04 21:02:50,ACC-00625,Cartao,Carteira digital,846.93,GO,RISK-7515580,0,Servicos,MER-0852,1,Novo dispositivo e local,23,MG,1555.42,950,204.86,Varejo,246.43275862068967,175.92743781977984,180.88,3.4133234066334777,1,1,21,Wednesday,2025-06,1,0,0,0,0,1,0,0,25,1,Alto,new_device_location
TX-0028413,2025-06-03 09:34:08,ACC-00310,PIX,App,198.2,SC,RISK-7486181,0,Outros,MER-0333,1,Novo dispositivo e local,50,GO,1925.53,4423,146.93,Digital,154.21375,103.69134963763327,157.39,0.42420365974324065,1,1,9,Tuesday,2025-06,1,0,0,0,0,1,0,0,25,1,Alto,new_device_location
TX-0043893,2025-10-21 17:34:10,ACC-00004,Cartao,E-commerce,1421.01,MG,RISK-1542173,0,Mercado,MER-0435,1,Novo dispositivo e local,72,SP,9482.96,3025,1408.01,Varejo,1815.822777777778,1414.9005376259433,1347.3400000000001,-0.27903924500603616,1,1,17,Tuesday,2025-10,1,0,0,0,0,1,0,0,25,1,Alto,new_device_location
TX-0016074,2025-10-21 23:52:36,ACC-00471,Transferencia,Internet Banking,635.06,DF,NEW-1174338,0,Restaurante,MER-1112,0,Normal,28,BA,7661.37,4465,1094.33,Alta renda,1020.9992307692307,591.6626661936551,960.88,-0.6522960680485294,1,1,23,Tuesday,2025-10,1,0,0,0,0,1,0,0,25,1,Alto,new_device_location
TX-0031478,2025-10-20 07:29:44,ACC-02256,Cartao,POS,1052.51,PE,RISK-7246268,0,Restaurante,MER-0732,1,Novo dispositivo e local,65,SC,4228.12,165,270.75,Varejo,337.82772727272726,300.90121762927316,199.92000000000002,2.375139184740025,1,1,7,Monday,2025-10,1,0,0,0,0,1,0,0,25,1,Alto,new_device_location
TX-0011125,2025-10-23 13:48:45,ACC-00721,Cartao,E-commerce,177.47,RJ,NEW-0046275,0,Transporte,MER-0648,0,Normal,48,SC,1736.06,958,218.47,Varejo,949.555909090909,3253.0945103007894,250.515,-0.23733891119551886,1,1,13,Thursday,2025-10,1,0,0,0,0,1,0,0,25,1,Alto,new_device_location
TX-0010960,2025-10-23 08:09:05,ACC-02334,Transferencia,Internet Banking,353.7,RS,NEW-0110470,0,Transporte,MER-0346,0,Normal,75,SP,4286.2,4718,572.57,Varejo,636.3822222222223,684.7487291447568,393.315,-0.41282620936776193,1,1,8,Thursday,2025-10,1,0,0,0,0,1,0,0,25,1,Alto,new_device_location
TX-0008268,2025-10-23 09:44:19,ACC-00367,Cartao,E-commerce,971.49,SP,NEW-6898658,0,Viagem,MER-0218,0,Normal,28,RJ,2592.25,2896,363.7,Varejo,464.426875,273.6582775827973,393.745,1.8529062211413807,1,1,9,Thursday,2025-10,1,0,0,0,0,1,0,0,25,1,Alto,new_device_location
TX-0001082,2025-10-23 13:05:32,ACC-01705,PIX,App,40.79,GO,RISK-1741868,0,Viagem,MER-0855,1,Novo dispositivo e local,76,SP,1867.5,957,69.83,Varejo,920.4148,1728.9047687243121,61.85,-0.5087757382085533,1,1,13,Thursday,2025-10,1,0,0,0,0,1,0,0,25,1,Alto,new_device_location
TX-0041664,2025-06-08 10:12:48,ACC-00994,Cartao,E-commerce,529.99,SP,NEW-5249159,0,Transporte,MER-1049,0,Normal,57,GO,4683.54,2736,611.28,Varejo,571.94625,308.4018792703767,479.88,-0.13604408020878758,1,1,10,Sunday,2025-06,1,0,0,0,0,1,0,0,25,1,Alto,new_device_location
TX-0015998,2025-06-05 09:02:00,ACC-01467,Cartao,Carteira digital,310.89,SP,NEW-0283515,1,Eletronicos,MER-0918,1,Alta velocidade,26,SP,1758.82,1984,192.78,Digital,327.64916666666664,342.8500081340764,269.62,-0.0488819199914172,3,3,9,Thursday,2025-06,0,0,0,1,0,0,0,0,25,1,Alto,velocity_1h
TX-0030283,2025-06-05 09:03:00,ACC-01467,Cartao,POS,304.02,RJ,NEW-0283515,1,Mercado,MER-0864,1,Alta velocidade,26,SP,1758.82,1984,192.78,Digital,327.64916666666664,342.8500081340764,269.62,-0.06891983697263364,4,4,9,Thursday,2025-06,1,0,0,1,0,0,0,0,25,1,Alto,velocity_1h
TX-0031046,2025-06-05 11:36:30,ACC-02299,PIX,Internet Banking,142.96,SC,RISK-9346769,0,Viagem,MER-0621,1,Novo dispositivo e local,40,SP,4105.83,1291,350.8,Alta renda,328.3353846153846,292.81582071373197,244.84,-0.633078445568741,1,1,11,Thursday,2025-06,1,0,0,0,0,1,0,0,25,1,Alto,new_device_location
TX-0022322,2025-10-25 21:21:10,ACC-00836,PIX,Internet Banking,5.28,RS,RISK-0169176,0,Restaurante,MER-1112,1,Novo dispositivo e local,65,RJ,777.89,1745,40.65,Digital,49.50090909090909,35.17058807868964,39.870000000000005,-1.257326405574184,1,1,21,Saturday,2025-10,1,0,0,0,0,1,0,0,25,1,Alto,new_device_location
TX-0026765,2025-10-26 21:54:38,ACC-00933,Boleto,Internet Banking,168.68,PE,RISK-0304599,0,Transporte,MER-0960,1,Novo dispositivo e local,31,SP,3283.36,4182,288.8,Digital,271.6255,198.87321241315112,195.235,-0.5176438734550878,1,1,21,Sunday,2025-10,1,0,0,0,0,1,0,0,25,1,Alto,new_device_location
TX-0004993,2025-10-27 09:01:11,ACC-00125,PIX,Internet Banking,100.72,RJ,NEW-7467919,0,Restaurante,MER-0451,0,Normal,67,SC,6113.14,4020,219.58,Varejo,1245.1886666666667,3945.3004077453006,229.8,-0.29008403629287105,1,1,9,Monday,2025-10,1,0,0,0,0,1,0,0,25,1,Alto,new_device_location
TX-0007777,2025-10-24 16:02:26,ACC-01611,Cartao,Carteira digital,106.13,GO,NEW-6343346,0,Transporte,MER-0554,0,Normal,36,RJ,5333.6,4518,149.07,Digital,167.21363636363637,87.15232846904182,178.45499999999998,-0.70088358437072,1,1,16,Friday,2025-10,1,0,0,0,0,1,0,0,25,1,Alto,new_device_location
TX-0045992,2025-10-24 19:16:43,ACC-00779,PIX,Internet Banking,1336.7,PR,RISK-4058266,0,Mercado,MER-0077,1,Novo dispositivo e local,22,RS,3952.31,705,485.43,Digital,683.0683333333333,454.30392500343794,587.575,1.438754170265468,1,1,19,Friday,2025-10,1,0,0,0,0,1,0,0,25,1,Alto,new_device_location
TX-0044454,2025-10-25 16:02:00,ACC-01813,Cartao,E-commerce,314.49,SP,DEV-01813-A,1,Mercado,MER-0132,1,Alta velocidade,77,DF,1508.67,4383,124.25,Varejo,140.89722222222224,106.71208365369132,110.815,1.6267396515387313,3,3,16,Saturday,2025-10,1,0,0,1,0,0,0,0,25,1,Alto,velocity_1h
TX-0043400,2025-10-25 16:03:00,ACC-01813,Transferencia,App,271.7,SP,DEV-01813-A,1,Mercado,MER-0036,1,Alta velocidade,77,DF,1508.67,4383,124.25,Varejo,140.89722222222224,106.71208365369132,110.815,1.2257541348575578,4,4,16,Saturday,2025-10,1,0,0,1,0,0,0,0,25,1,Alto,velocity_1h
TX-0011664,2025-10-25 16:04:00,ACC-01813,Cartao,POS,427.57,SP,DEV-01813-A,1,Outros,MER-0170,1,Alta velocidade,77,DF,1508.67,4383,124.25,Varejo,140.89722222222224,106.71208365369132,110.815,2.68641345911777,5,5,16,Saturday,2025-10,1,0,0,1,0,0,0,0,25,1,Alto,velocity_1h
TX-0042446,2025-06-12 09:40:05,ACC-01443,PIX,Internet Banking,579.34,RS,NEW-3921737,0,Eletronicos,MER-1172,0,Normal,27,SP,2592.18,4855,280.15,Alta renda,423.746,253.44795959920452,421.25,0.6139090653799385,1,1,9,Thursday,2025-06,1,0,0,0,0,1,0,0,25,1,Alto,new_device_location
TX-0041442,2025-06-12 13:18:10,ACC-01799,Transferencia,App,1693.85,PE,RISK-7733205,0,Outros,MER-0331,1,Novo dispositivo e local,42,PR,3746.1,4500,541.51,Empresarial,722.7085185185185,706.673210095693,522.0,1.3742440885087124,1,1,13,Thursday,2025-06,1,0,0,0,0,1,0,0,25,1,Alto,new_device_location
TX-0042103,2025-06-10 18:41:19,ACC-02192,Transferencia,App,462.78,GO,RISK-7035807,0,Servicos,MER-0024,1,Novo dispositivo e local,22,SP,6232.93,4513,677.15,Varejo,886.9415789473684,747.5233834712176,744.77,-0.5674224891504015,1,1,18,Tuesday,2025-06,1,0,0,0,0,1,0,0,25,1,Alto,new_device_location
TX-0015903,2025-06-10 19:12:49,ACC-01148,Boleto,Internet Banking,73.76,PR,NEW-0745398,0,Transporte,MER-0257,0,Normal,27,SP,1928.33,1934,275.27,Digital,479.5078571428571,339.4071548173503,385.755,-1.1954605298795413,1,1,19,Tuesday,2025-06,1,0,0,0,0,1,0,0,25,1,Alto,new_device_location
TX-0013001,2025-06-10 19:16:04,ACC-00503,PIX,App,371.12,DF,RISK-7451006,0,Viagem,MER-0933,1,Novo dispositivo e local,26,RJ,1877.3,283,286.53,Varejo,437.19388888888886,346.2767983112539,354.075,-0.19081234784173373,1,1,19,Tuesday,2025-06,1,0,0,0,0,1,0,0,25,1,Alto,new_device_location
TX-0045932,2025-06-09 11:08:21,ACC-00527,Cartao,POS,623.04,PE,RISK-5671119,0,Transporte,MER-0946,1,Novo dispositivo e local,68,BA,1589.46,220,110.06,Varejo,846.1709090909092,3275.598119086198,117.97,-0.06811913457599511,1,1,11,Monday,2025-06,1,0,0,0,0,1,0,0,25,1,Alto,new_device_location
TX-0022598,2025-06-09 12:14:27,ACC-01078,Cartao,E-commerce,38.22,SC,NEW-7202894,0,Viagem,MER-0548,0,Normal,32,RS,1587.43,1047,56.39,Alta renda,52.77739130434783,38.85825292210269,38.22,-0.3746280444859512,1,1,12,Monday,2025-06,1,0,0,0,0,1,0,0,25,1,Alto,new_device_location
TX-0017383,2025-06-09 13:02:00,ACC-02362,Transferencia,Internet Banking,516.75,GO,DEV-02362-A,1,Servicos,MER-0650,1,Alta velocidade,50,RS,5971.21,4597,887.3,Digital,912.9173913043478,870.6931001805265,752.8,-0.45500233230538734,3,3,13,Monday,2025-06,1,0,0,1,0,0,0,0,25,1,Alto,velocity_1h
TX-0006936,2025-11-17 16:04:00,ACC-00065,Boleto,Internet Banking,1040.04,PR,DEV-00065-A,1,Viagem,MER-0594,1,Alta velocidade,26,RS,2114.54,730,236.86,Varejo,273.57684210526315,255.16869833836574,162.28,3.003750706438023,5,5,16,Monday,2025-11,1,0,0,1,0,0,0,0,25,1,Alto,velocity_1h
TX-0000752,2025-11-14 17:10:46,ACC-00936,PIX,Internet Banking,787.79,RJ,RISK-8004383,0,Eletronicos,MER-0875,1,Novo dispositivo e local,72,MG,4323.32,950,670.48,Digital,811.5042307692308,341.9824040990773,772.005,-0.06934342376972273,1,1,17,Friday,2025-11,1,0,0,0,0,1,0,0,25,1,Alto,new_device_location
TX-0005183,2025-11-14 18:43:18,ACC-02239,Boleto,App,262.21,PR,NEW-2286406,0,Eletronicos,MER-0402,0,Normal,49,SP,2014.43,3147,254.79,Varejo,293.57079999999996,216.60091850990227,233.79,-0.1447860896239287,1,1,18,Friday,2025-11,1,0,0,0,0,1,0,0,25,1,Alto,new_device_location
TX-0032798,2025-10-19 06:30:04,ACC-01932,Boleto,App,52.75,BA,RISK-7835535,0,Eletronicos,MER-0075,1,Novo dispositivo e local,67,SP,1639.61,737,233.23,Varejo,211.87181818181818,158.56314501284226,192.98,-1.003523348183657,1,1,6,Sunday,2025-10,1,0,0,0,0,1,0,0,25,1,Alto,new_device_location
TX-0021314,2025-10-20 06:55:32,ACC-00026,Cartao,POS,230.68,RS,RISK-4440655,0,Restaurante,MER-1014,1,Novo dispositivo e local,23,SP,12531.45,3625,710.07,Varejo,557.7578947368421,306.544258768959,545.1,-1.0669842457671315,1,1,6,Monday,2025-10,1,0,0,0,0,1,0,0,25,1,Alto,new_device_location
TX-0020751,2025-10-18 05:24:31,ACC-00976,PIX,Internet Banking,214.62,RS,RISK-9272299,0,Transporte,MER-0050,1,Novo dispositivo e local,39,SP,3689.98,126,584.65,Varejo,599.6491666666667,462.17390963478397,427.21500000000003,-0.8330828691107248,1,2,5,Saturday,2025-10,1,0,0,0,0,1,0,0,25,1,Alto,new_device_location
TX-0041088,2025-10-18 11:11:08,ACC-00984,PIX,App,118.23,MG,RISK-4910920,0,Mercado,MER-0044,1,Novo dispositivo e local,70,SP,3318.89,513,155.12,Varejo,206.18045454545455,224.639441592146,128.35000000000002,-0.39151831006211657,1,1,11,Saturday,2025-10,1,0,0,0,0,1,0,0,25,1,Alto,new_device_location
TX-0047751,2025-10-18 15:49:39,ACC-01280,PIX,Internet Banking,77.13,SC,RISK-7898008,0,Mercado,MER-0824,1,Novo dispositivo e local,50,RJ,1639.58,3652,238.79,Varejo,239.56380952380954,105.17909029251918,228.27,-1.5443545772458787,1,1,15,Saturday,2025-10,1,0,0,0,0,1,0,0,25,1,Alto,new_device_location
TX-0037732,2025-11-20 07:02:00,ACC-01794,Cartao,POS,89.55,PR,DEV-01794-A,1,Transporte,MER-0027,1,Alta velocidade,30,BA,2108.14,2044,158.65,Alta renda,153.48185185185187,124.3688932799095,118.09,-0.5140501789942309,3,3,7,Thursday,2025-11,1,0,0,1,0,0,0,0,25,1,Alto,velocity_1h
TX-0036782,2025-11-20 07:03:00,ACC-01794,PIX,Internet Banking,264.48,RS,DEV-01794-A,1,Servicos,MER-0388,1,Alta velocidade,30,BA,2108.14,2044,158.65,Alta renda,153.48185185185187,124.3688932799095,118.09,0.8924912429535846,4,4,7,Thursday,2025-11,1,0,0,1,0,0,0,0,25,1,Alto,velocity_1h
TX-0003764,2025-11-18 20:12:48,ACC-01333,PIX,Internet Banking,1027.71,RJ,RISK-0182893,0,Mercado,MER-0733,1,Novo dispositivo e local,36,BA,3922.3,3308,370.63,Digital,502.77076923076925,469.573532106937,349.09000000000003,1.1179063445375053,1,1,20,Tuesday,2025-11,1,0,0,0,0,1,0,0,25,1,Alto,new_device_location
TX-0015945,2025-11-18 23:02:00,ACC-00334,PIX,App,168.48,MG,DEV-00334-A,1,Outros,MER-1007,1,Alta velocidade,62,SP,1850.63,3411,149.32,Varejo,802.05,1426.7863520817218,168.48,-0.4440538690853072,3,3,23,Tuesday,2025-11,1,0,0,1,0,0,0,0,25,1,Alto,velocity_1h
TX-0040502,2025-11-18 23:03:00,ACC-00334,Boleto,App,71.58,SP,DEV-00334-A,0,Servicos,MER-0761,1,Alta velocidade,62,SP,1850.63,3411,149.32,Varejo,802.05,1426.7863520817218,168.48,-0.5119687323432996,4,4,23,Tuesday,2025-11,0,0,0,1,0,0,0,0,25,1,Alto,velocity_1h
TX-0030958,2025-11-18 23:04:00,ACC-00334,PIX,App,9.96,RJ,DEV-00334-A,1,Restaurante,MER-0314,1,Alta velocidade,62,SP,1850.63,3411,149.32,Varejo,802.05,1426.7863520817218,168.48,-0.5551566980188156,5,5,23,Tuesday,2025-11,1,0,0,1,0,0,0,0,25,1,Alto,velocity_1h
TX-0024924,2025-11-17 16:02:00,ACC-00065,Cartao,Carteira digital,220.75,RJ,DEV-00065-A,1,Servicos,MER-0643,1,Alta velocidade,26,RS,2114.54,730,236.86,Varejo,273.57684210526315,255.16869833836574,162.28,-0.2070271253851531,3,3,16,Monday,2025-11,1,0,0,1,0,0,0,0,25,1,Alto,velocity_1h
TX-0006640,2025-11-17 16:03:00,ACC-00065,PIX,App,116.06,DF,DEV-00065-A,1,Servicos,MER-0789,1,Alta velocidade,26,RS,2114.54,730,236.86,Varejo,273.57684210526315,255.16869833836574,162.28,-0.6173047208807264,4,4,16,Monday,2025-11,1,0,0,1,0,0,0,0,25,1,Alto,velocity_1h
TX-0024344,2025-04-08 16:02:00,ACC-00446,Cartao,Carteira digital,183.36,SP,DEV-00446-A,1,Outros,MER-0251,1,Alta velocidade,52,SP,4291.45,2608,340.88,Varejo,384.784347826087,210.07609227104717,308.16,-0.958816139659541,3,3,16,Tuesday,2025-04,0,0,0,1,0,0,0,0,25,1,Alto,velocity_1h
TX-0003774,2025-04-08 16:03:00,ACC-00446,PIX,Internet Banking,678.85,SP,DEV-00446-A,1,Eletronicos,MER-0422,1,Alta velocidade,52,SP,4291.45,2608,340.88,Varejo,384.784347826087,210.07609227104717,308.16,1.399805418098218,4,4,16,Tuesday,2025-04,0,0,0,1,0,0,0,0,25,1,Alto,velocity_1h
TX-0022545,2025-04-08 16:04:00,ACC-00446,PIX,Internet Banking,609.84,BA,DEV-00446-A,1,Mercado,MER-1009,1,Alta velocidade,52,SP,4291.45,2608,340.88,Varejo,384.784347826087,210.07609227104717,308.16,1.0713054005381,5,5,16,Tuesday,2025-04,1,0,0,1,0,0,0,0,25,1,Alto,velocity_1h
TX-0034030,2025-04-08 16:15:25,ACC-00335,PIX,Internet Banking,131.48,RS,RISK-5150904,0,Eletronicos,MER-0437,1,Novo dispositivo e local,67,SP,1699.66,4678,271.65,Digital,856.474074074074,2932.570165195422,233.63,-0.24722139053261544,1,1,16,Tuesday,2025-04,1,0,0,0,0,1,0,0,25,1,Alto,new_device_location
TX-0029063,2025-11-19 12:02:17,ACC-00734,Cartao,Carteira digital,49.79,PR,RISK-6717940,0,Transporte,MER-0234,1,Novo dispositivo e local,70,SP,815.46,2911,54.7,Alta renda,59.309285714285714,38.11130590667405,49.66,-0.2497758995085681,1,1,12,Wednesday,2025-11,1,0,0,0,0,1,0,0,25,1,Alto,new_device_location
TX-0011746,2025-11-19 13:54:18,ACC-02134,Cartao,E-commerce,112.1,RS,RISK-1039309,0,Servicos,MER-1019,1,Novo dispositivo e local,45,SP,4207.46,966,635.03,Empresarial,780.0433333333334,654.614613952362,621.23,-1.0203611699110973,1,1,13,Wednesday,2025-11,1,0,0,0,0,1,0,0,25,1,Alto,new_device_location
TX-0042933,2025-11-19 20:23:55,ACC-01459,Cartao,POS,179.68,SP,RISK-3039773,0,Viagem,MER-0272,1,Novo dispositivo e local,54,DF,2304.73,295,368.4,Digital,449.7088235294118,466.4176673980408,257.01,-0.5789420993329766,1,1,20,Wednesday,2025-11,1,0,0,0,0,1,0,0,25,1,Alto,new_device_location
TX-0025631,2025-11-20 07:01:00,ACC-01794,Cartao,Carteira digital,139.83,SC,DEV-01794-A,0,Restaurante,MER-0062,1,Alta velocidade,30,BA,2108.14,2044,158.65,Alta renda,153.48185185185187,124.3688932799095,118.09,-0.1097690225571636,2,2,7,Thursday,2025-11,1,0,0,0,0,1,0,0,25,1,Alto,new_device_location
TX-0030433,2025-06-09 05:34:50,ACC-01816,PIX,Internet Banking,167.83,RS,RISK-5128943,0,Transporte,MER-1154,1,Novo dispositivo e local,64,MG,2172.03,3457,100.14,Empresarial,105.06416666666667,56.782125932042376,100.215,1.1053801227599747,1,1,5,Monday,2025-06,1,0,0,0,0,1,0,0,25,1,Alto,new_device_location
TX-0004494,2025-06-09 07:25:11,ACC-00390,Cartao,POS,363.2,PR,NEW-1476852,0,Outros,MER-0295,0,Normal,48,SP,5699.67,3011,349.1,Digital,422.85,274.85975028730553,369.765,-0.21701977076545056,1,1,7,Monday,2025-06,1,0,0,0,0,1,0,0,25,1,Alto,new_device_location
TX-0021226,2025-06-09 09:20:16,ACC-00901,Cartao,POS,518.73,PE,NEW-9102080,0,Transporte,MER-0139,0,Normal,71,BA,9360.67,457,469.93,Digital,850.4888235294118,1290.6242336408493,588.59,-0.2570529941108579,1,1,9,Monday,2025-06,1,0,0,0,0,1,0,0,25,1,Alto,new_device_location
TX-0048840,2025-06-17 19:17:09,ACC-01587,PIX,App,279.0,MG,RISK-0149601,0,Restaurante,MER-0820,1,Novo dispositivo e local,41,RS,2287.09,1928,124.15,Varejo,235.69571428571427,324.0235431595876,130.23000000000002,0.13364549159613864,1,1,19,Tuesday,2025-06,1,0,0,0,0,1,0,0,25,1,Alto,new_device_location
TX-0046401,2025-06-19 16:21:12,ACC-01653,Transferencia,Internet Banking,434.2,RJ,NEW-0991592,0,Restaurante,MER-0052,0,Normal,40,BA,4985.42,1766,648.65,Empresarial,1219.1215,794.831555006766,921.8900000000001,-0.9875318802526886,1,1,16,Thursday,2025-06,1,0,0,0,0,1,0,0,25,1,Alto,new_device_location
TX-0004468,2025-06-20 08:49:07,ACC-00893,PIX,App,828.89,GO,RISK-8116099,0,Mercado,MER-1158,1,Novo dispositivo e local,70,MG,5513.85,107,510.51,Varejo,591.7295652173913,419.6441661745672,419.18,0.5651465072052322,1,1,8,Friday,2025-06,1,0,0,0,0,1,0,0,25,1,Alto,new_device_location
TX-0018091,2025-06-20 10:31:59,ACC-01483,Cartao,E-commerce,342.79,RJ,RISK-3389850,0,Eletronicos,MER-0981,1,Novo dispositivo e local,46,SP,6062.89,4326,490.22,Empresarial,532.067619047619,423.1395276372176,360.74,-0.447317271691757,1,1,10,Friday,2025-06,1,0,0,0,0,1,0,0,25,1,Alto,new_device_location
TX-0036875,2025-06-20 13:38:42,ACC-02089,Cartao,Carteira digital,2593.84,PE,RISK-8090072,0,Transporte,MER-1160,1,Novo dispositivo e local,50,RS,6662.37,2815,921.25,Digital,1194.8132,837.5619243261958,905.61,1.6703562558977274,1,1,13,Friday,2025-06,1,0,0,0,0,1,0,0,25,1,Alto,new_device_location
TX-0035130,2025-04-04 15:03:00,ACC-02055,Cartao,E-commerce,722.0,SP,DEV-02055-A,1,Restaurante,MER-0286,1,Alta velocidade,40,SC,2670.87,341,340.19,Varejo,448.3457894736842,462.84667306806415,358.13,0.5912416064532745,4,4,15,Friday,2025-04,1,0,0,1,0,0,0,0,25,1,Alto,velocity_1h
TX-0021090,2025-04-04 15:04:00,ACC-02055,Boleto,App,58.41,SP,DEV-02055-A,1,Eletronicos,MER-1102,1,Alta velocidade,40,SC,2670.87,341,340.19,Varejo,448.3457894736842,462.84667306806415,358.13,-0.8424729228124795,5,5,15,Friday,2025-04,1,0,0,1,0,0,0,0,25,1,Alto,velocity_1h
TX-0024522,2025-04-02 11:04:00,ACC-00363,Transferencia,Internet Banking,481.03,SP,DEV-00363-A,1,Viagem,MER-0852,1,Alta velocidade,74,SP,2379.61,4609,161.49,Varejo,291.2808695652174,488.18010323978734,136.53,0.3886867350297978,5,5,11,Wednesday,2025-04,0,0,0,1,0,0,0,0,25,1,Alto,velocity_1h
TX-0030136,2025-04-02 20:21:34,ACC-01339,Saque,ATM,48.71,BA,NEW-7917747,0,Outros,MER-0708,0,Normal,22,PE,717.96,4550,35.0,Digital,45.1045,38.77771273553921,33.08,0.09297866598242167,1,1,20,Wednesday,2025-04,1,0,0,0,0,1,0,0,25,1,Alto,new_device_location
TX-0008814,2025-04-03 04:52:41,ACC-01046,Cartao,POS,1049.26,PE,NEW-6993323,0,Mercado,MER-0164,0,Normal,32,RJ,5643.32,3139,854.4,Varejo,1684.1096,2961.715877752118,947.52,-0.21435195886576328,1,1,4,Thursday,2025-04,1,0,0,0,0,1,0,0,25,1,Alto,new_device_location
TX-0028470,2025-04-03 08:21:43,ACC-00093,PIX,Internet Banking,83.97,SC,RISK-2892364,0,Transporte,MER-0250,1,Novo dispositivo e local,58,RJ,1183.92,3055,177.66,Digital,217.97608695652173,168.66035805561023,158.06,-0.7945322095921177,1,1,8,Thursday,2025-04,1,0,0,0,0,1,0,0,25,1,Alto,new_device_location
TX-0032872,2025-04-12 14:27:23,ACC-02485,Saque,ATM,356.39,RS,RISK-1496498,0,Eletronicos,MER-1196,1,Novo dispositivo e local,39,MG,2015.16,3724,263.07,Digital,311.7805263157895,220.52756631601224,242.43,0.20228524909346662,1,1,14,Saturday,2025-04,1,0,0,0,0,1,0,0,25,1,Alto,new_device_location
TX-0029177,2025-04-09 17:23:04,ACC-02305,PIX,Internet Banking,368.05,RS,NEW-3125955,0,Outros,MER-0528,0,Normal,73,SP,2925.15,4818,283.04,Alta renda,1420.4336666666668,2887.4213143809247,363.78,-0.3644718079156738,1,1,17,Wednesday,2025-04,1,0,0,0,0,1,0,0,25,1,Alto,new_device_location
TX-0009563,2025-04-06 15:04:00,ACC-00719,Transferencia,Internet Banking,334.44,SP,DEV-00719-A,1,Transporte,MER-1022,1,Alta velocidade,20,MG,5190.75,3422,701.38,Varejo,619.7993548387097,536.8932746827528,407.16,-0.5315010790688838,5,5,15,Sunday,2025-04,1,0,0,1,0,0,0,0,25,1,Alto,velocity_1h
TX-0002765,2025-04-06 21:36:26,ACC-00758,Cartao,Carteira digital,274.37,SC,RISK-9041574,0,Mercado,MER-0326,1,Novo dispositivo e local,75,SP,2706.26,2346,248.58,Digital,276.9295652173913,198.37034541662587,223.85,-0.012902962950513602,1,2,21,Sunday,2025-04,1,0,0,0,0,1,0,0,25,1,Alto,new_device_location
TX-0012122,2025-04-07 19:06:58,ACC-01397,Cartao,E-commerce,81.79,BA,NEW-3151853,0,Outros,MER-0875,0,Normal,57,DF,2915.94,2559,136.82,Varejo,164.4992307692308,78.21701514179833,137.53,-1.057432716133294,1,1,19,Monday,2025-04,1,0,0,0,0,1,0,0,25,1,Alto,new_device_location
TX-0034282,2025-04-04 20:29:50,ACC-02387,Saque,ATM,211.4,SP,NEW-5160832,0,Restaurante,MER-0638,0,Normal,36,PR,3158.26,1954,315.68,Varejo,449.13882352941175,238.0026117472861,385.42,-0.9988916583060254,1,1,20,Friday,2025-04,1,0,0,0,0,1,0,0,25,1,Alto,new_device_location
TX-0042757,2025-04-05 08:46:17,ACC-01579,PIX,Internet Banking,161.41,GO,NEW-7632551,0,Eletronicos,MER-1180,0,Normal,69,RS,1349.84,2157,66.02,Varejo,741.0482608695653,3217.5335046368164,60.2,-0.1801498756840429,1,1,8,Saturday,2025-04,1,0,0,0,0,1,0,0,25,1,Alto,new_device_location
TX-0005612,2025-04-05 13:10:48,ACC-02126,Cartao,POS,89.95,RJ,RISK-9253129,0,Viagem,MER-0628,1,Novo dispositivo e local,31,MG,3679.51,2665,287.31,Varejo,1244.2811764705882,3680.3453866890713,425.31,-0.3136475127159336,1,1,13,Saturday,2025-04,1,0,0,0,0,1,0,0,25,1,Alto,new_device_location
TX-0003992,2025-04-04 15:01:00,ACC-02055,Cartao,POS,97.01,SP,DEV-02055-A,0,Transporte,MER-0796,1,Alta velocidade,40,SC,2670.87,341,340.19,Varejo,448.3457894736842,462.84667306806415,358.13,-0.759075974652233,2,2,15,Friday,2025-04,1,0,0,0,0,1,0,0,25,1,Alto,new_device_location
TX-0010126,2025-04-04 15:02:00,ACC-02055,Transferencia,Internet Banking,665.61,BA,DEV-02055-A,1,Viagem,MER-0078,1,Alta velocidade,40,SC,2670.87,341,340.19,Varejo,448.3457894736842,462.84667306806415,358.13,0.46940860368756704,3,3,15,Friday,2025-04,1,0,0,1,0,0,0,0,25,1,Alto,velocity_1h
TX-0016648,2025-06-09 13:03:00,ACC-02362,Saque,ATM,47.58,MG,DEV-02362-A,1,Outros,MER-0185,1,Alta velocidade,50,RS,5971.21,4597,887.3,Digital,912.9173913043478,870.6931001805265,752.8,-0.9938489131531325,4,4,13,Monday,2025-06,1,0,0,1,0,0,0,0,25,1,Alto,velocity_1h
TX-0011713,2025-06-09 13:04:00,ACC-02362,Cartao,E-commerce,51.67,RS,DEV-02362-A,1,Outros,MER-0571,1,Alta velocidade,50,RS,5971.21,4597,887.3,Digital,912.9173913043478,870.6931001805265,752.8,-0.9891515059965214,5,5,13,Monday,2025-06,0,0,0,1,0,0,0,0,25,1,Alto,velocity_1h
TX-0045908,2025-06-08 11:07:52,ACC-01243,Boleto,Internet Banking,107.9,DF,RISK-9238926,0,Transporte,MER-0336,1,Novo dispositivo e local,19,MG,3341.08,3223,256.89,Digital,973.6304545454545,3250.897584309788,256.33500000000004,-0.26630505332552995,1,1,11,Sunday,2025-06,1,0,0,0,0,1,0,0,25,1,Alto,new_device_location
TX-0021189,2025-06-08 12:46:20,ACC-01375,Saque,ATM,30.74,GO,NEW-1620296,0,Restaurante,MER-0465,0,Normal,22,BA,2085.49,388,65.12,Varejo,200.17624999999998,342.0595702227585,80.225,-0.4953413520623278,1,1,12,Sunday,2025-06,1,0,0,0,0,1,0,0,25,1,Alto,new_device_location
TX-0011623,2025-06-08 15:26:03,ACC-02053,Boleto,Internet Banking,148.74,DF,RISK-1199246,0,Mercado,MER-0967,1,Novo dispositivo e local,77,SP,5756.01,2882,279.96,Alta renda,374.94172413793103,354.7394731858958,244.29,-0.637655917190229,1,1,15,Sunday,2025-06,1,0,0,0,0,1,0,0,25,1,Alto,new_device_location
TX-0005445,2025-03-28 16:50:28,ACC-00263,PIX,App,26.7,GO,NEW-1371326,0,Transporte,MER-0736,0,Normal,19,SP,1165.62,3402,84.69,Varejo,154.8465,140.47612040092343,74.74,-0.9122297770914067,1,1,16,Friday,2025-03,1,0,0,0,0,1,0,0,25,1,Alto,new_device_location
TX-0035904,2025-04-06 09:31:07,ACC-01160,Cartao,E-commerce,223.83,PR,RISK-3551034,0,Transporte,MER-0875,1,Novo dispositivo e local,46,RJ,710.23,1253,111.98,Varejo,142.03050000000002,143.53747038665546,90.975,0.5698825524767281,1,1,9,Sunday,2025-04,1,0,0,0,0,1,0,0,25,1,Alto,new_device_location
TX-0001951,2025-04-06 15:02:00,ACC-00719,Cartao,Carteira digital,38.15,RJ,DEV-00719-A,1,Outros,MER-0950,1,Alta velocidade,20,MG,5190.75,3422,701.38,Varejo,619.7993548387097,536.8932746827528,407.16,-1.0833612232941512,3,3,15,Sunday,2025-04,1,0,0,1,0,0,0,0,25,1,Alto,velocity_1h
TX-0012613,2025-03-28 08:56:26,ACC-00834,Transferencia,Internet Banking,601.92,RS,RISK-3177031,0,Eletronicos,MER-0363,1,Novo dispositivo e local,26,BA,2077.55,4505,278.46,Digital,1384.8807142857145,4065.6867909019797,292.025,-0.19257772537663023,1,1,8,Friday,2025-03,1,0,0,0,0,1,0,0,25,1,Alto,new_device_location
TX-0035153,2025-03-28 14:31:49,ACC-01009,PIX,Internet Banking,140.87,SP,RISK-2974068,0,Eletronicos,MER-0555,1,Novo dispositivo e local,55,MG,8911.41,4650,483.35,Varejo,521.3075,261.02482940645064,513.72,-1.457476290148658,1,1,14,Friday,2025-03,1,0,0,0,0,1,0,0,25,1,Alto,new_device_location
TX-0047490,2025-06-22 13:02:00,ACC-02099,PIX,Internet Banking,1241.45,RJ,DEV-02099-A,1,Outros,MER-0262,1,Alta velocidade,61,SC,4836.85,120,235.12,Alta renda,970.5554838709678,1437.5361251433849,270.68,0.18844362335729983,3,3,13,Sunday,2025-06,1,0,0,1,0,0,0,0,25,1,Alto,velocity_1h
TX-0047885,2025-06-22 13:03:00,ACC-02099,Cartao,E-commerce,1375.79,RJ,DEV-02099-A,1,Outros,MER-0731,1,Alta velocidade,61,SC,4836.85,120,235.12,Alta renda,970.5554838709678,1437.5361251433849,270.68,0.2818951879130082,4,4,13,Sunday,2025-06,1,0,0,1,0,0,0,0,25,1,Alto,velocity_1h
TX-0000311,2025-06-22 13:04:00,ACC-02099,Cartao,E-commerce,2273.52,PE,DEV-02099-A,1,Viagem,MER-1179,1,Alta velocidade,61,SC,4836.85,120,235.12,Alta renda,970.5554838709678,1437.5361251433849,270.68,0.906387320178872,5,5,13,Sunday,2025-06,1,0,0,1,0,0,0,0,25,1,Alto,velocity_1h
TX-0018016,2025-06-21 08:57:08,ACC-00156,Cartao,Carteira digital,241.0,BA,NEW-7422225,0,Mercado,MER-0007,0,Normal,50,SP,1514.42,1495,145.96,Digital,745.7203846153845,3012.883153056527,110.825,-0.16752072980439114,1,1,8,Saturday,2025-06,1,0,0,0,0,1,0,0,25,1,Alto,new_device_location
TX-0004438,2025-06-21 21:21:30,ACC-01488,Cartao,E-commerce,1023.47,PR,RISK-9940704,0,Outros,MER-0341,1,Novo dispositivo e local,70,RJ,6113.29,4925,705.91,Alta renda,841.423,485.95657205903535,681.895,0.3746157794073098,1,1,21,Saturday,2025-06,1,0,0,0,0,1,0,0,25,1,Alto,new_device_location
TX-0039369,2025-10-16 13:27:29,ACC-01368,Cartao,Carteira digital,73.41,PE,RISK-4165254,0,Outros,MER-0703,1,Novo dispositivo e local,31,SP,2226.63,746,252.74,Digital,224.8791666666667,144.0581117250531,171.09,-1.0514448985403766,1,1,13,Thursday,2025-10,1,0,0,0,0,1,0,0,25,1,Alto,new_device_location
TX-0048777,2025-04-02 11:03:00,ACC-00363,Boleto,Internet Banking,135.95,MG,DEV-00363-A,1,Eletronicos,MER-1048,1,Alta velocidade,74,SP,2379.61,4609,161.49,Varejo,291.2808695652174,488.18010323978734,136.53,-0.3181835321316261,4,4,11,Wednesday,2025-04,1,0,0,1,0,0,0,0,25,1,Alto,velocity_1h
TX-0008180,2025-03-31 14:02:00,ACC-01587,PIX,Internet Banking,998.48,RJ,DEV-01587-A,1,Mercado,MER-0111,1,Alta velocidade,41,RS,2287.09,1928,124.15,Varejo,235.69571428571427,324.0235431595876,130.23000000000002,2.3541014281749284,3,3,14,Monday,2025-03,1,0,0,1,0,0,0,0,25,1,Alto,velocity_1h
TX-0015328,2025-03-31 14:03:00,ACC-01587,Saque,ATM,319.53,SP,DEV-01587-A,1,Outros,MER-0911,1,Alta velocidade,41,RS,2287.09,1928,124.15,Varejo,235.69571428571427,324.0235431595876,130.23000000000002,0.25872899511192543,4,4,14,Monday,2025-03,1,0,0,1,0,0,0,0,25,1,Alto,velocity_1h
TX-0001890,2025-03-31 14:04:00,ACC-01587,PIX,Internet Banking,630.8,SP,DEV-01587-A,1,Viagem,MER-1114,1,Alta velocidade,41,RS,2287.09,1928,124.15,Varejo,235.69571428571427,324.0235431595876,130.23000000000002,1.2193690676349696,5,5,14,Monday,2025-03,1,0,0,1,0,0,0,0,25,1,Alto,velocity_1h
TX-0035287,2025-03-30 10:11:37,ACC-00054,PIX,App,867.51,RS,RISK-2167517,0,Eletronicos,MER-0091,1,Novo dispositivo e local,41,BA,7305.74,3891,916.14,Varejo,1591.9540000000002,2721.236254649333,981.7850000000001,-0.2662187080457497,1,1,10,Sunday,2025-03,1,0,0,0,0,1,0,0,25,1,Alto,new_device_location
TX-0043793,2025-03-30 12:11:14,ACC-00659,Saque,ATM,136.73,GO,RISK-3724343,0,Viagem,MER-1164,1,Novo dispositivo e local,41,SP,1565.98,1423,185.89,Alta renda,176.10181818181817,141.78570216842718,133.85500000000002,-0.2776853912607381,1,2,12,Sunday,2025-03,1,0,0,0,0,1,0,0,25,1,Alto,new_device_location
TX-0020027,2025-03-30 15:45:58,ACC-01084,Transferencia,Internet Banking,600.82,SC,RISK-3890409,0,Servicos,MER-1013,1,Novo dispositivo e local,37,MG,6494.74,327,989.33,Digital,1144.8603846153846,708.0131548070602,966.885,-0.7684043452040666,1,1,15,Sunday,2025-03,1,0,0,0,0,1,0,0,25,1,Alto,new_device_location
TX-0013852,2025-03-30 18:57:38,ACC-00800,Boleto,App,177.89,DF,NEW-0234837,0,Servicos,MER-0898,0,Normal,55,RS,3102.89,742,211.3,Empresarial,217.98588235294116,178.39780467605337,162.84,-0.22475546952917919,1,1,18,Sunday,2025-03,1,0,0,0,0,1,0,0,25,1,Alto,new_device_location
TX-0039205,2025-11-22 08:45:44,ACC-01046,PIX,App,548.16,DF,RISK-7983577,0,Mercado,MER-1040,1,Novo dispositivo e local,32,RJ,5643.32,3139,854.4,Varejo,1684.1096,2961.715877752118,947.52,-0.3835444204938937,1,1,8,Saturday,2025-11,1,0,0,0,0,1,0,0,25,1,Alto,new_device_location
TX-0008181,2025-11-22 12:47:13,ACC-02101,PIX,App,550.31,SP,NEW-6490114,0,Transporte,MER-1128,0,Normal,35,MG,5538.65,3951,601.78,Varejo,1070.0252631578946,870.809627998683,707.91,-0.5968184623226062,1,1,12,Saturday,2025-11,1,0,0,0,0,1,0,0,25,1,Alto,new_device_location
TX-0028157,2025-11-20 08:46:51,ACC-00928,Cartao,Carteira digital,63.78,SP,NEW-9079641,0,Servicos,MER-1136,0,Normal,44,BA,2508.37,986,74.82,Varejo,72.30785714285715,40.323837610901194,58.620000000000005,-0.21148426459667402,1,2,8,Thursday,2025-11,1,0,0,0,0,1,0,0,25,1,Alto,new_device_location
TX-0035560,2025-11-20 12:04:52,ACC-00329,PIX,Internet Banking,125.59,MG,RISK-3145887,0,Mercado,MER-0792,1,Novo dispositivo e local,59,SP,2659.7,1412,236.32,Varejo,326.36551724137934,285.79483745944907,188.02,-0.7025162491602636,1,1,12,Thursday,2025-11,1,0,0,0,0,1,0,0,25,1,Alto,new_device_location
TX-0042960,2025-11-20 18:02:00,ACC-00719,Cartao,Carteira digital,179.75,PE,DEV-00719-A,1,Transporte,MER-0978,1,Alta velocidade,20,MG,5190.75,3422,701.38,Varejo,619.7993548387097,536.8932746827528,407.16,-0.8196216559030888,3,3,18,Thursday,2025-11,1,0,0,1,0,0,0,0,25,1,Alto,velocity_1h
TX-0011143,2025-04-01 10:54:39,ACC-00967,PIX,Internet Banking,276.65,BA,RISK-0360918,0,Restaurante,MER-1067,1,Novo dispositivo e local,69,MG,968.48,2455,109.47,Alta renda,141.94875,97.65350424673281,109.86500000000001,1.379379583344616,1,1,10,Tuesday,2025-04,1,0,0,0,0,1,0,0,25,1,Alto,new_device_location
TX-0032296,2025-04-02 10:12:55,ACC-01612,PIX,Internet Banking,83.73,RS,NEW-4242656,0,Transporte,MER-0763,0,Normal,19,PR,1269.47,956,59.91,Digital,995.4004545454546,1733.7107139874927,78.185,-0.5258492360865872,1,1,10,Wednesday,2025-04,1,0,0,0,0,1,0,0,25,1,Alto,new_device_location
TX-0034403,2025-04-02 11:02:00,ACC-00363,Saque,ATM,308.22,SP,DEV-00363-A,1,Viagem,MER-0199,1,Alta velocidade,74,SP,2379.61,4609,161.49,Varejo,291.2808695652174,488.18010323978734,136.53,0.03469852688048276,3,3,11,Wednesday,2025-04,0,0,0,1,0,0,0,0,25,1,Alto,velocity_1h
TX-0008952,2025-06-16 20:20:06,ACC-01322,Boleto,App,5384.91,PR,NEW-1487145,0,Transporte,MER-0992,0,Normal,48,SP,7838.13,277,1083.2,Alta renda,1609.1888461538463,1453.1978728647437,878.31,2.598215442197787,1,1,20,Monday,2025-06,1,0,0,0,0,1,0,0,25,1,Alto,new_device_location
TX-0019566,2025-06-14 20:06:05,ACC-00302,Cartao,POS,60.78,MG,RISK-8085577,0,Eletronicos,MER-0146,1,Novo dispositivo e local,51,SP,1947.97,2722,55.22,Digital,73.4070588235294,47.47883169959875,60.78,-0.26595133813362365,1,1,20,Saturday,2025-06,1,0,0,0,0,1,0,0,25,1,Alto,new_device_location
TX-0004909,2025-06-15 09:50:29,ACC-01243,Cartao,POS,88.23,RJ,RISK-2532744,0,Servicos,MER-0300,1,Novo dispositivo e local,19,MG,3341.08,3223,256.89,Digital,973.6304545454545,3250.897584309788,256.33500000000004,-0.2723556899542985,1,1,9,Sunday,2025-06,1,0,0,0,0,1,0,0,25,1,Alto,new_device_location
TX-0018118,2025-06-26 08:55:32,ACC-01109,Transferencia,Internet Banking,1287.92,PR,RISK-4593560,0,Servicos,MER-0735,1,Novo dispositivo e local,33,DF,11856.36,3627,1666.31,Digital,2200.4365217391305,2801.402155454899,1468.9,-0.3257356391913512,1,1,8,Thursday,2025-06,1,0,0,0,0,1,0,0,25,1,Alto,new_device_location
TX-0017493,2025-06-27 06:44:58,ACC-00929,PIX,Internet Banking,351.69,BA,RISK-4072813,0,Restaurante,MER-0248,1,Novo dispositivo e local,19,GO,2248.06,2355,229.23,Varejo,237.28142857142856,143.71150800425534,179.44,0.796098886006984,1,1,6,Friday,2025-06,1,0,0,0,0,1,0,0,25,1,Alto,new_device_location
TX-0026820,2025-06-23 11:23:04,ACC-01929,PIX,Internet Banking,182.82,MG,NEW-2730646,0,Outros,MER-1142,0,Normal,70,SP,1107.75,2901,59.0,Digital,84.23263157894738,88.19689531208033,51.11,1.1178099645368027,1,1,11,Monday,2025-06,1,0,0,0,0,1,0,0,25,1,Alto,new_device_location
TX-0036483,2025-11-20 18:04:00,ACC-00719,Transferencia,Internet Banking,78.32,PE,DEV-00719-A,1,Outros,MER-0504,1,Alta velocidade,20,MG,5190.75,3422,701.38,Varejo,619.7993548387097,536.8932746827528,407.16,-1.008541884155034,5,5,18,Thursday,2025-11,1,0,0,1,0,0,0,0,25,1,Alto,velocity_1h
TX-0042003,2025-11-21 09:40:30,ACC-02327,PIX,Internet Banking,196.58,RS,NEW-5516541,0,Mercado,MER-0277,0,Normal,77,SP,1357.67,2700,166.81,Empresarial,152.3742857142857,91.45589722105369,125.72,0.48335553670056725,1,2,9,Friday,2025-11,1,0,0,0,0,1,0,0,25,1,Alto,new_device_location
TX-0028702,2025-07-01 17:04:00,ACC-01304,Boleto,Internet Banking,508.56,RJ,DEV-01304-A,1,Outros,MER-0009,1,Alta velocidade,62,SP,4012.51,1660,394.18,Varejo,456.2583333333334,278.69736623249156,447.94,0.1876647324432774,5,5,17,Tuesday,2025-07,1,0,0,1,0,0,0,0,25,1,Alto,velocity_1h
TX-0014514,2025-06-30 18:02:00,ACC-01323,PIX,Internet Banking,210.38,SP,DEV-01323-A,1,Transporte,MER-0592,1,Alta velocidade,61,RJ,16445.82,1100,2523.85,Varejo,3721.63125,3397.5789105406434,2917.41,-1.033456865153801,3,3,18,Monday,2025-06,1,0,0,1,0,0,0,0,25,1,Alto,velocity_1h
TX-0035242,2025-06-30 18:03:00,ACC-01323,Cartao,E-commerce,139.28,SP,DEV-01323-A,1,Transporte,MER-0489,1,Alta velocidade,61,RJ,16445.82,1100,2523.85,Varejo,3721.63125,3397.5789105406434,2917.41,-1.0543835314276642,4,4,18,Monday,2025-06,1,0,0,1,0,0,0,0,25,1,Alto,velocity_1h
TX-0002547,2025-06-30 18:04:00,ACC-01323,Cartao,POS,187.97,MG,DEV-01323-A,1,Transporte,MER-0070,1,Alta velocidade,61,RJ,16445.82,1100,2523.85,Varejo,3721.63125,3397.5789105406434,2917.41,-1.040052738447715,5,5,18,Monday,2025-06,1,0,0,1,0,0,0,0,25,1,Alto,velocity_1h
TX-0020111,2025-07-01 11:44:19,ACC-01837,PIX,App,214.53,PR,RISK-6348197,0,Eletronicos,MER-0221,1,Novo dispositivo e local,27,GO,3061.92,2957,358.06,Varejo,929.8346153846154,2983.0115274738455,327.245,-0.2397927761245928,1,1,11,Tuesday,2025-07,1,0,0,0,0,1,0,0,25,1,Alto,new_device_location
TX-0001527,2025-07-01 17:02:00,ACC-01304,PIX,Internet Banking,194.94,GO,DEV-01304-A,1,Outros,MER-0470,1,Alta velocidade,62,SP,4012.51,1660,394.18,Varejo,456.2583333333334,278.69736623249156,447.94,-0.9376419191394135,3,3,17,Tuesday,2025-07,1,0,0,1,0,0,0,0,25,1,Alto,velocity_1h
TX-0029176,2025-06-28 21:03:00,ACC-01701,PIX,App,409.48,SP,DEV-01701-A,1,Outros,MER-0880,1,Alta velocidade,63,RS,1857.86,2665,289.73,Varejo,304.3530434782609,220.7583655870822,244.68,0.47620825712387277,4,5,21,Saturday,2025-06,1,0,0,1,0,0,0,0,25,1,Alto,velocity_1h
TX-0032405,2025-06-30 13:02:00,ACC-01518,Saque,ATM,894.13,SP,NEW-4521298,1,Mercado,MER-0145,1,Alta velocidade,72,MG,2776.88,4892,301.42,Varejo,360.3014285714286,234.13144753077734,297.79,2.280037889222027,3,3,13,Monday,2025-06,1,0,0,1,0,0,0,0,25,1,Alto,velocity_1h
TX-0038848,2025-11-24 07:04:00,ACC-00575,PIX,App,763.68,BA,DEV-00575-A,1,Transporte,MER-0951,1,Alta velocidade,77,BA,5052.17,4829,604.2,Varejo,1524.7470588235294,3624.0613496941605,677.43,-0.21000391146462158,5,5,7,Monday,2025-11,0,0,0,1,0,0,0,0,25,1,Alto,velocity_1h
TX-0000506,2025-11-24 08:55:12,ACC-01029,PIX,App,53.82,BA,NEW-0534965,0,Restaurante,MER-0344,0,Normal,21,RJ,1805.08,3148,124.88,Varejo,122.6891304347826,82.38685022574037,117.41,-0.8359238184987147,1,1,8,Monday,2025-11,1,0,0,0,0,1,0,0,25,1,Alto,new_device_location
TX-0049367,2025-11-24 19:23:18,ACC-01329,Transferencia,Internet Banking,2358.12,SP,RISK-5593889,0,Mercado,MER-0654,1,Novo dispositivo e local,64,MG,11995.43,2015,1579.02,Alta renda,1636.2179999999998,1109.737586293865,1325.47,0.6505159498209843,1,1,19,Monday,2025-11,1,0,0,0,0,1,0,0,25,1,Alto,new_device_location
TX-0022323,2025-11-22 18:02:00,ACC-01252,Cartao,E-commerce,249.02,MG,DEV-01252-A,1,Servicos,MER-0243,1,Alta velocidade,41,PR,1144.6,1522,106.54,Varejo,128.95666666666668,99.71771574466261,92.28,1.2040321264555212,3,3,18,Saturday,2025-11,1,0,0,1,0,0,0,0,25,1,Alto,velocity_1h
TX-0041793,2025-11-22 18:03:00,ACC-01252,Cartao,POS,338.26,GO,DEV-01252-A,1,Transporte,MER-0668,1,Alta velocidade,41,PR,1144.6,1522,106.54,Varejo,128.95666666666668,99.71771574466261,92.28,2.0989583623162393,4,4,18,Saturday,2025-11,1,0,0,1,0,0,0,0,25,1,Alto,velocity_1h
TX-0045318,2025-11-22 18:04:00,ACC-01252,PIX,App,61.53,SP,DEV-01252-A,1,Servicos,MER-0240,1,Alta velocidade,41,PR,1144.6,1522,106.54,Varejo,128.95666666666668,99.71771574466261,92.28,-0.6761754033688411,5,5,18,Saturday,2025-11,1,0,0,1,0,0,0,0,25,1,Alto,velocity_1h
TX-0025177,2025-11-23 14:02:38,ACC-00790,Cartao,E-commerce,164.99,SP,NEW-2475628,0,Viagem,MER-0717,0,Normal,33,GO,7042.33,3181,743.05,Digital,1345.0048148148146,1323.7847241595716,667.39,-0.8913947965096576,1,1,14,Sunday,2025-11,1,0,0,0,0,1,0,0,25,1,Alto,new_device_location
TX-0005706,2025-07-01 17:03:00,ACC-01304,PIX,Internet Banking,484.74,SP,DEV-01304-A,1,Restaurante,MER-0973,1,Alta velocidade,62,SP,4012.51,1660,394.18,Varejo,456.2583333333334,278.69736623249156,447.94,0.10219567931943423,4,4,17,Tuesday,2025-07,0,0,0,1,0,0,0,0,25,1,Alto,velocity_1h
TX-0032976,2025-03-27 01:06:32,ACC-00332,PIX,App,482.65,GO,NEW-4819955,0,Viagem,MER-0362,0,Normal,66,RJ,5151.91,2511,606.98,Varejo,666.4118181818183,553.7591436857583,433.8,-0.33184430501448764,1,1,1,Thursday,2025-03,1,0,0,0,0,1,0,0,25,1,Alto,new_device_location
TX-0004759,2025-03-27 22:21:29,ACC-01265,PIX,App,271.07,PR,RISK-0077753,0,Transporte,MER-1050,1,Novo dispositivo e local,44,DF,5146.9,3270,623.04,Varejo,1037.68625,844.8318920106731,633.76,-0.9074186915168149,1,1,22,Thursday,2025-03,1,0,0,0,0,1,0,0,25,1,Alto,new_device_location
TX-0046520,2025-03-27 22:43:36,ACC-01901,Cartao,E-commerce,299.89,MG,RISK-9059460,0,Mercado,MER-0761,1,Novo dispositivo e local,21,DF,8389.52,3705,574.26,Varejo,1291.4652173913043,3239.0308733363577,395.43,-0.3061333022645549,1,1,22,Thursday,2025-03,1,0,0,0,0,1,0,0,25,1,Alto,new_device_location
TX-0028680,2025-03-27 23:43:03,ACC-01497,Cartao,POS,617.9,RJ,NEW-2290688,0,Servicos,MER-0046,0,Normal,31,PE,2811.81,4438,287.57,Varejo,315.22999999999996,224.92651121233763,258.17,1.3456395085160509,1,1,23,Thursday,2025-03,1,0,0,0,0,1,0,0,25,1,Alto,new_device_location
TX-0014321,2025-03-25 10:41:13,ACC-01181,PIX,App,138.16,PE,RISK-5783354,0,Servicos,MER-0341,1,Novo dispositivo e local,32,SP,2414.87,4099,380.84,Empresarial,421.5466666666666,294.1088611438516,353.2,-0.9635434497434587,1,1,10,Tuesday,2025-03,1,0,0,0,0,1,0,0,25,1,Alto,new_device_location
TX-0042274,2025-03-24 11:00:00,ACC-00766,PIX,App,4500.0,GO,NEW-8178355,0,Viagem,MER-0338,1,Fracionamento,76,PE,3190.27,4391,272.12,Varejo,1246.856,1706.2330114007539,284.23,1.9066235257805086,2,2,11,Monday,2025-03,1,0,0,0,0,1,0,0,25,1,Alto,new_device_location
TX-0021700,2025-11-24 07:02:00,ACC-00575,Saque,ATM,202.27,PR,DEV-00575-A,1,Outros,MER-0932,1,Alta velocidade,77,BA,5052.17,4829,604.2,Varejo,1524.7470588235294,3624.0613496941605,677.43,-0.36491574816611067,3,3,7,Monday,2025-11,1,0,0,1,0,0,0,0,25,1,Alto,velocity_1h
TX-0034574,2025-11-24 07:03:00,ACC-00575,Saque,ATM,963.44,RS,DEV-00575-A,1,Mercado,MER-0615,1,Alta velocidade,77,BA,5052.17,4829,604.2,Varejo,1524.7470588235294,3624.0613496941605,677.43,-0.1548834317804523,4,4,7,Monday,2025-11,1,0,0,1,0,0,0,0,25,1,Alto,velocity_1h
TX-0029501,2025-10-17 16:46:21,ACC-00224,Boleto,Internet Banking,652.77,PR,RISK-4223249,0,Restaurante,MER-0008,1,Novo dispositivo e local,51,MG,2692.34,2783,185.5,Digital,226.1175,163.41940057371087,173.6,2.6107824315972628,1,1,16,Friday,2025-10,1,0,0,0,0,1,0,0,25,1,Alto,new_device_location
TX-0043621,2025-10-14 15:49:06,ACC-00010,Cartao,E-commerce,118.49,GO,RISK-2791491,0,Outros,MER-0766,1,Novo dispositivo e local,37,RS,3304.89,533,193.12,Empresarial,252.66636363636363,211.02654532964857,173.95,-0.6358269450261066,1,1,15,Tuesday,2025-10,1,0,0,0,0,1,0,0,25,1,Alto,new_device_location
TX-0007257,2025-10-14 18:48:24,ACC-02247,Boleto,App,112.55,RJ,NEW-0682136,0,Outros,MER-0684,0,Normal,31,SP,2588.05,827,288.77,Digital,372.925,387.6419806201728,254.76999999999998,-0.6716893758086689,1,1,18,Tuesday,2025-10,1,0,0,0,0,1,0,0,25,1,Alto,new_device_location
TX-0007550,2025-10-14 21:33:27,ACC-02310,PIX,App,170.38,RJ,RISK-6590305,0,Servicos,MER-0087,1,Novo dispositivo e local,34,RS,3746.22,3465,193.85,Empresarial,220.22961538461539,103.3547768216165,219.07,-0.4823155437764868,1,1,21,Tuesday,2025-10,1,0,0,0,0,1,0,0,25,1,Alto,new_device_location
TX-0029923,2025-10-11 14:11:40,ACC-02425,Cartao,Carteira digital,727.46,RJ,NEW-5239235,0,Mercado,MER-0425,0,Normal,34,BA,4828.03,164,611.2,Digital,1786.4203846153846,3102.511948033697,665.925,-0.341323547613259,1,1,14,Saturday,2025-10,1,0,0,0,0,1,0,0,25,1,Alto,new_device_location
TX-0040964,2025-10-11 15:02:00,ACC-00182,PIX,App,26.65,SP,DEV-00182-A,1,Viagem,MER-0137,1,Alta velocidade,73,MG,5774.81,3292,555.28,Alta renda,600.8526315789474,451.2694457963632,447.13,-1.2724163732504465,3,3,15,Saturday,2025-10,1,0,0,1,0,0,0,0,25,1,Alto,velocity_1h
TX-0021774,2025-10-11 15:03:00,ACC-00182,PIX,App,584.67,MG,DEV-00182-A,1,Transporte,MER-0654,1,Alta velocidade,73,MG,5774.81,3292,555.28,Alta renda,600.8526315789474,451.2694457963632,447.13,-0.035860242100791064,4,4,15,Saturday,2025-10,0,0,0,1,0,0,0,0,25,1,Alto,velocity_1h
TX-0026716,2025-10-11 15:04:00,ACC-00182,Cartao,POS,890.47,MG,DEV-00182-A,1,Servicos,MER-0491,1,Alta velocidade,73,MG,5774.81,3292,555.28,Alta renda,600.8526315789474,451.2694457963632,447.13,0.6417836862630036,5,5,15,Saturday,2025-10,0,0,0,1,0,0,0,0,25,1,Alto,velocity_1h
TX-0002065,2025-03-19 22:51:53,ACC-02486,PIX,Internet Banking,168.36,BA,NEW-6265476,0,Servicos,MER-0881,0,Normal,72,SP,3579.62,4026,156.89,Varejo,881.5752173913044,3190.6851782676704,168.36,-0.22353042608187773,1,1,22,Wednesday,2025-03,1,0,0,0,0,1,0,0,25,1,Alto,new_device_location
TX-0004751,2025-03-18 09:08:49,ACC-00296,Transferencia,App,831.24,RS,RISK-0508250,0,Eletronicos,MER-1087,1,Novo dispositivo e local,19,MG,3539.57,4584,300.54,Empresarial,308.2675,180.6602301005952,279.07000000000005,2.8947848660925466,1,1,9,Tuesday,2025-03,1,0,0,0,0,1,0,0,25,1,Alto,new_device_location
TX-0049559,2025-03-18 12:07:51,ACC-00138,Cartao,Carteira digital,882.78,SP,NEW-4243167,0,Viagem,MER-0583,0,Normal,49,RS,12260.52,361,1159.57,Digital,1018.1552173913043,578.456688021667,856.31,-0.23402826900366588,1,2,12,Tuesday,2025-03,1,0,0,0,0,1,0,0,25,1,Alto,new_device_location
TX-0025232,2025-03-18 15:12:58,ACC-00073,PIX,Internet Banking,576.45,PR,NEW-7757455,0,Transporte,MER-0156,0,Normal,29,MG,16571.68,2273,1455.71,Digital,1302.0305555555556,1087.453185721099,957.23,-0.6672292334813633,1,1,15,Tuesday,2025-03,1,0,0,0,0,1,0,0,25,1,Alto,new_device_location
TX-0016122,2025-03-18 18:11:39,ACC-01610,PIX,Internet Banking,64.51,SC,RISK-3298838,0,Servicos,MER-0154,1,Novo dispositivo e local,32,BA,2036.29,3231,82.23,Empresarial,86.95545454545454,69.65431793702905,64.51,-0.32224067667630224,1,1,18,Tuesday,2025-03,1,0,0,0,0,1,0,0,25,1,Alto,new_device_location
TX-0004850,2025-03-19 05:49:56,ACC-01191,PIX,App,1003.18,PE,RISK-0416621,0,Viagem,MER-0400,1,Novo dispositivo e local,58,GO,12731.7,869,1144.55,Varejo,1373.322222222222,1295.0623564830719,953.61,-0.285810347563029,1,1,5,Wednesday,2025-03,1,0,0,0,0,1,0,0,25,1,Alto,new_device_location
TX-0000762,2025-07-03 15:53:40,ACC-00110,Boleto,Internet Banking,3045.29,DF,RISK-5327780,0,Restaurante,MER-0821,1,Novo dispositivo e local,62,SP,8071.33,1880,1237.54,Empresarial,1537.444,975.8283205855639,1331.415,1.545195981907134,1,1,15,Thursday,2025-07,1,0,0,0,0,1,0,0,25,1,Alto,new_device_location
TX-0046730,2025-07-03 17:42:56,ACC-01155,PIX,Internet Banking,971.97,SC,RISK-9251079,0,Outros,MER-1194,1,Novo dispositivo e local,32,BA,7063.09,1361,783.67,Alta renda,889.4368421052632,570.6224572541875,797.05,0.14463706579632904,1,1,17,Thursday,2025-07,1,0,0,0,0,1,0,0,25,1,Alto,new_device_location
TX-0022560,2025-03-22 18:02:00,ACC-00284,PIX,Internet Banking,950.35,PE,DEV-00284-A,1,Mercado,MER-0200,1,Alta velocidade,33,BA,1528.94,4475,79.75,Empresarial,229.31806451612903,497.2078411718742,74.75,1.450162036432216,3,3,18,Saturday,2025-03,1,0,0,1,0,0,0,0,25,1,Alto,velocity_1h
TX-0018106,2025-03-22 18:02:00,ACC-00329,Cartao,E-commerce,1013.04,MG,DEV-00329-A,1,Outros,MER-1190,1,Alta velocidade,59,SP,2659.7,1412,236.32,Varejo,326.36551724137934,285.79483745944907,188.02,2.402683298490483,3,3,18,Saturday,2025-03,1,0,0,1,0,0,0,0,25,1,Alto,velocity_1h
TX-0001035,2025-03-22 18:03:00,ACC-00329,Cartao,POS,1043.93,MG,DEV-00329-A,1,Restaurante,MER-0285,1,Alta velocidade,59,SP,2659.7,1412,236.32,Varejo,326.36551724137934,285.79483745944907,188.02,2.510767826099849,4,4,18,Saturday,2025-03,1,0,0,1,0,0,0,0,25,1,Alto,velocity_1h
TX-0030946,2025-03-22 18:03:00,ACC-00284,Boleto,Internet Banking,578.04,SP,DEV-00284-A,1,Outros,MER-1000,1,Alta velocidade,33,BA,1528.94,4475,79.75,Empresarial,229.31806451612903,497.2078411718742,74.75,0.7013604907395762,4,4,18,Saturday,2025-03,1,0,0,1,0,0,0,0,25,1,Alto,velocity_1h
TX-0011856,2025-03-22 18:04:00,ACC-00329,Transferencia,App,161.15,SP,DEV-00329-A,1,Restaurante,MER-0246,1,Alta velocidade,59,SP,2659.7,1412,236.32,Varejo,326.36551724137934,285.79483745944907,188.02,-0.5780913284160406,5,5,18,Saturday,2025-03,0,0,0,1,0,0,0,0,25,1,Alto,velocity_1h
TX-0021181,2025-03-22 18:04:00,ACC-00284,Boleto,Internet Banking,323.6,MG,DEV-00284-A,1,Transporte,MER-0334,1,Alta velocidade,33,BA,1528.94,4475,79.75,Empresarial,229.31806451612903,497.2078411718742,74.75,0.18962278483311315,5,5,18,Saturday,2025-03,1,0,0,1,0,0,0,0,25,1,Alto,velocity_1h
TX-0042600,2025-03-21 17:04:26,ACC-01189,Cartao,E-commerce,282.37,RS,RISK-2893457,0,Viagem,MER-1071,1,Novo dispositivo e local,32,MG,3731.08,3288,514.44,Empresarial,523.547,288.52645025333373,432.35,-0.8358921679043302,1,1,17,Friday,2025-03,1,0,0,0,0,1,0,0,25,1,Alto,new_device_location
TX-0033121,2025-03-21 17:44:48,ACC-00179,PIX,App,680.95,BA,NEW-3832380,0,Outros,MER-0657,0,Normal,72,SP,3937.06,1458,334.22,Varejo,317.27599999999995,220.64218168790848,243.28,1.6482523750350044,1,1,17,Friday,2025-03,1,0,0,0,0,1,0,0,25,1,Alto,new_device_location
TX-0002099,2025-11-27 09:02:00,ACC-02480,PIX,Internet Banking,1789.52,MG,DEV-02480-A,1,Restaurante,MER-0413,1,Alta velocidade,37,BA,2321.75,1637,342.27,Empresarial,514.7966666666666,572.9356900743045,317.885,2.2248977597608093,3,3,9,Thursday,2025-11,1,0,0,1,0,0,0,0,25,1,Alto,velocity_1h
TX-0037030,2025-11-27 09:03:00,ACC-02480,Transferencia,App,51.27,PR,DEV-02480-A,1,Transporte,MER-0091,1,Alta velocidade,37,BA,2321.75,1637,342.27,Empresarial,514.7966666666666,572.9356900743045,317.885,-0.8090378635803811,4,4,9,Thursday,2025-11,1,0,0,1,0,0,0,0,25,1,Alto,velocity_1h
TX-0037049,2025-11-27 09:04:00,ACC-02480,Cartao,Carteira digital,88.63,SP,DEV-02480-A,1,Mercado,MER-0166,1,Alta velocidade,37,BA,2321.75,1637,342.27,Empresarial,514.7966666666666,572.9356900743045,317.885,-0.7438298469613522,5,5,9,Thursday,2025-11,1,0,0,1,0,0,0,0,25,1,Alto,velocity_1h
TX-0027654,2025-11-25 11:02:00,ACC-00800,Cartao,Carteira digital,213.55,BA,DEV-00800-A,1,Transporte,MER-0233,1,Alta velocidade,55,RS,3102.89,742,211.3,Empresarial,217.98588235294116,178.39780467605337,162.84,-0.024865117376282296,3,3,11,Tuesday,2025-11,1,0,0,1,0,0,0,0,25,1,Alto,velocity_1h
TX-0000390,2025-11-25 11:03:00,ACC-00800,PIX,Internet Banking,289.13,DF,DEV-00800-A,1,Mercado,MER-0904,1,Alta velocidade,55,RS,3102.89,742,211.3,Empresarial,217.98588235294116,178.39780467605337,162.84,0.3987948045450843,4,4,11,Tuesday,2025-11,1,0,0,1,0,0,0,0,25,1,Alto,velocity_1h
TX-0044124,2025-11-25 11:04:00,ACC-00800,PIX,App,783.1,RS,DEV-00800-A,1,Transporte,MER-0787,1,Alta velocidade,55,RS,3102.89,742,211.3,Empresarial,217.98588235294116,178.39780467605337,162.84,3.16771901242412,5,5,11,Tuesday,2025-11,0,0,0,1,0,0,0,0,25,1,Alto,velocity_1h
TX-0017200,2025-11-25 12:23:56,ACC-01686,PIX,Internet Banking,1194.27,RJ,RISK-7637817,0,Viagem,MER-0290,1,Novo dispositivo e local,42,SP,4150.59,3591,654.05,Alta renda,722.205,415.8390443492087,675.365,1.1352108620266415,1,1,12,Tuesday,2025-11,1,0,0,0,0,1,0,0,25,1,Alto,new_device_location
TX-0001020,2025-11-26 17:50:06,ACC-01600,PIX,Internet Banking,243.6,GO,RISK-3469446,0,Mercado,MER-0185,1,Novo dispositivo e local,32,SP,1482.35,2440,146.23,Varejo,165.78,79.8613077104975,141.25,0.974439340288574,2,2,17,Wednesday,2025-11,1,0,0,0,0,1,0,0,25,1,Alto,new_device_location
TX-0007034,2025-06-30 13:03:00,ACC-01518,Saque,ATM,252.13,SP,NEW-4521298,1,Transporte,MER-0812,1,Alta velocidade,72,MG,2776.88,4892,301.42,Varejo,360.3014285714286,234.13144753077734,297.79,-0.4620115311814706,4,4,13,Monday,2025-06,1,0,0,1,0,0,0,0,25,1,Alto,velocity_1h
TX-0017246,2025-06-30 13:04:00,ACC-01518,Cartao,E-commerce,297.79,RJ,NEW-4521298,1,Servicos,MER-0642,1,Alta velocidade,72,MG,2776.88,4892,301.42,Varejo,360.3014285714286,234.13144753077734,297.79,-0.26699287614155814,5,5,13,Monday,2025-06,1,0,0,1,0,0,0,0,25,1,Alto,velocity_1h
TX-0042055,2025-06-27 15:38:48,ACC-02181,Boleto,App,105.99,BA,RISK-4378313,0,Servicos,MER-1041,1,Novo dispositivo e local,21,RJ,2219.34,3452,169.02,Varejo,1091.87,3494.353428138666,275.34,-0.28213517043270225,1,1,15,Friday,2025-06,1,0,0,0,0,1,0,0,25,1,Alto,new_device_location
TX-0014152,2025-06-28 21:02:00,ACC-01701,Cartao,Carteira digital,693.03,PR,DEV-01701-A,1,Mercado,MER-0313,1,Alta velocidade,63,RS,1857.86,2665,289.73,Varejo,304.3530434782609,220.7583655870822,244.68,1.7606442930853206,3,4,21,Saturday,2025-06,1,0,0,1,0,0,0,0,25,1,Alto,velocity_1h
TX-0022264,2025-07-05 12:05:33,ACC-00009,PIX,Internet Banking,331.56,RS,RISK-8030412,0,Servicos,MER-0227,1,Novo dispositivo e local,40,SP,3216.41,4444,316.64,Varejo,417.55117647058825,284.56088812155724,376.49,-0.3021890219637457,1,1,12,Saturday,2025-07,1,0,0,0,0,1,0,0,25,1,Alto,new_device_location
TX-0031375,2025-07-06 06:25:08,ACC-00909,Boleto,App,102.02,MG,RISK-9175108,0,Servicos,MER-0364,1,Novo dispositivo e local,42,PE,2826.42,575,430.97,Varejo,500.7225,526.1544410337759,336.025,-0.75776705261033,1,1,6,Sunday,2025-07,1,0,0,0,0,1,0,0,25,1,Alto,new_device_location
TX-0001979,2025-07-06 07:10:59,ACC-01198,PIX,App,138.9,DF,RISK-3480485,0,Eletronicos,MER-0099,1,Novo dispositivo e local,75,SP,3592.19,2215,169.0,Digital,160.720625,98.53694315458542,131.485,-0.22144613280490816,1,1,7,Sunday,2025-07,1,0,0,0,0,1,0,0,25,1,Alto,new_device_location
TX-0015021,2025-07-06 09:47:19,ACC-00245,Saque,ATM,43.77,PR,RISK-9885790,0,Transporte,MER-0239,1,Novo dispositivo e local,57,SP,1847.83,4304,57.82,Alta renda,46.978500000000004,39.119263430128505,33.16,-0.08201841544718116,1,1,9,Sunday,2025-07,1,0,0,0,0,1,0,0,25,1,Alto,new_device_location
TX-0048446,2025-07-06 13:55:04,ACC-00463,Cartao,POS,729.82,SP,NEW-9293885,0,Servicos,MER-1135,0,Normal,51,PR,2017.27,4519,305.15,Empresarial,1137.25,3388.6936350489186,330.71500000000003,-0.12023217318496789,1,1,13,Sunday,2025-07,1,0,0,0,0,1,0,0,25,1,Alto,new_device_location
TX-0008998,2025-07-06 14:45:00,ACC-01751,Cartao,POS,2535.98,SP,NEW-1464754,0,Transporte,MER-0695,0,Normal,56,DF,20692.99,42,1885.68,Varejo,2486.718947368421,2544.271737744952,1476.82,0.019361553210208635,1,1,14,Sunday,2025-07,1,0,0,0,0,1,0,0,25,1,Alto,new_device_location
TX-0016705,2025-07-07 07:02:00,ACC-02409,Cartao,POS,55.58,SP,NEW-1363620,1,Mercado,MER-1040,1,Alta velocidade,54,BA,3571.07,1255,467.14,Alta renda,1900.2233333333334,4541.313160353878,487.99,-0.4061916164331621,3,3,7,Monday,2025-07,1,0,0,1,0,0,0,0,25,1,Alto,velocity_1h
TX-0015632,2025-07-07 07:03:00,ACC-02409,PIX,App,576.27,RJ,NEW-1363620,1,Mercado,MER-1029,1,Alta velocidade,54,BA,3571.07,1255,467.14,Alta renda,1900.2233333333334,4541.313160353878,487.99,-0.2915353525697324,4,4,7,Monday,2025-07,1,0,0,1,0,0,0,0,25,1,Alto,velocity_1h
TX-0045853,2025-07-07 07:04:00,ACC-02409,Cartao,POS,153.88,RS,NEW-1363620,1,Restaurante,MER-0394,1,Alta velocidade,54,BA,3571.07,1255,467.14,Alta renda,1900.2233333333334,4541.313160353878,487.99,-0.3845458949140717,5,5,7,Monday,2025-07,1,0,0,1,0,0,0,0,25,1,Alto,velocity_1h
TX-0040247,2025-07-14 10:53:38,ACC-00119,Boleto,App,492.21,RJ,RISK-6370799,0,Outros,MER-0229,1,Novo dispositivo e local,64,BA,7078.48,3303,687.33,Varejo,996.9790476190477,972.5206927305185,630.18,-0.5190316785978324,1,1,10,Monday,2025-07,1,0,0,0,0,1,0,0,25,1,Alto,new_device_location
TX-0047117,2025-07-14 17:47:42,ACC-01839,Cartao,E-commerce,164.46,BA,RISK-9448988,0,Mercado,MER-0221,1,Novo dispositivo e local,31,MG,2226.86,984,342.94,Varejo,507.3964285714286,307.8858936386147,516.92,-1.113842613958647,1,1,17,Monday,2025-07,1,0,0,0,0,1,0,0,25,1,Alto,new_device_location
TX-0004962,2025-03-17 20:25:08,ACC-00861,Cartao,POS,26.34,SC,RISK-5827841,0,Transporte,MER-0598,1,Novo dispositivo e local,50,GO,996.97,1498,55.8,Empresarial,66.96894736842106,41.52855963667746,64.89,-0.9783375037293159,1,1,20,Monday,2025-03,1,0,0,0,0,1,0,0,25,1,Alto,new_device_location
TX-0015684,2025-07-09 19:03:00,ACC-01850,Cartao,E-commerce,51.13,SP,DEV-01850-A,1,Transporte,MER-1179,1,Alta velocidade,29,DF,3156.11,1645,484.82,Digital,1039.0857692307693,2966.50206181108,383.735,-0.3330372771180925,4,4,19,Wednesday,2025-07,1,0,0,1,0,0,0,0,25,1,Alto,velocity_1h
TX-0047086,2025-07-09 19:04:00,ACC-01850,PIX,App,188.0,SP,DEV-01850-A,1,Restaurante,MER-1147,1,Alta velocidade,29,DF,3156.11,1645,484.82,Digital,1039.0857692307693,2966.50206181108,383.735,-0.2868987620764277,5,5,19,Wednesday,2025-07,1,0,0,1,0,0,0,0,25,1,Alto,velocity_1h
TX-0038224,2025-07-09 19:05:11,ACC-02131,Transferencia,Internet Banking,1112.47,SP,RISK-6544282,0,Restaurante,MER-0005,1,Novo dispositivo e local,23,MG,7508.78,3008,970.8,Varejo,2015.9283333333333,3479.8430211724985,1087.525,-0.25962617504191954,1,1,19,Wednesday,2025-07,1,0,0,0,0,1,0,0,25,1,Alto,new_device_location
TX-0033100,2025-07-07 16:02:00,ACC-00390,Cartao,Carteira digital,110.33,RJ,DEV-00390-A,1,Servicos,MER-0780,1,Alta velocidade,48,SP,5699.67,3011,349.1,Digital,422.85,274.85975028730553,369.765,-1.137016240731242,3,3,16,Monday,2025-07,1,0,0,1,0,0,0,0,25,1,Alto,velocity_1h
TX-0025601,2025-07-07 16:03:00,ACC-00390,Cartao,POS,581.45,SP,DEV-00390-A,1,Outros,MER-1162,1,Alta velocidade,48,SP,5699.67,3011,349.1,Digital,422.85,274.85975028730553,369.765,0.5770215531165205,4,4,16,Monday,2025-07,0,0,0,1,0,0,0,0,25,1,Alto,velocity_1h
TX-0027089,2025-07-07 16:04:00,ACC-00390,Cartao,E-commerce,869.3,SC,DEV-00390-A,1,Servicos,MER-0211,1,Alta velocidade,48,SP,5699.67,3011,349.1,Digital,422.85,274.85975028730553,369.765,1.624282928050886,5,5,16,Monday,2025-07,1,0,0,1,0,0,0,0,25,1,Alto,velocity_1h
TX-0042199,2025-07-07 16:25:07,ACC-00731,Cartao,E-commerce,1029.29,BA,RISK-1506889,0,Transporte,MER-0873,1,Novo dispositivo e local,42,GO,3972.92,4475,630.79,Digital,863.0407692307691,595.6742033256874,820.43,0.27909422607366696,1,1,16,Monday,2025-07,1,0,0,0,0,1,0,0,25,1,Alto,new_device_location
TX-0047816,2025-07-09 13:37:24,ACC-02370,Cartao,Carteira digital,54.47,PE,RISK-9203265,0,Eletronicos,MER-0289,1,Novo dispositivo e local,29,GO,2629.25,4614,139.76,Varejo,262.08,265.76724276568154,144.16,-0.7811722687849949,1,1,13,Wednesday,2025-07,1,0,0,0,0,1,0,0,25,1,Alto,new_device_location
TX-0006505,2025-10-08 01:10:16,ACC-01396,Boleto,App,306.97,SP,RISK-3408257,0,Restaurante,MER-0022,1,Novo dispositivo e local,29,MG,2376.98,4523,293.43,Varejo,490.66999999999996,455.1812734394947,331.36,-0.4035754779890311,1,1,1,Wednesday,2025-10,1,0,0,0,0,1,0,0,25,1,Alto,new_device_location
TX-0026815,2025-10-05 15:02:00,ACC-01644,Transferencia,App,560.6,BA,DEV-01644-A,1,Eletronicos,MER-0107,1,Alta velocidade,63,SP,4485.19,4355,657.42,Alta renda,524.0580952380952,302.94812545416164,513.81,0.12062099643997916,3,3,15,Sunday,2025-10,1,0,0,1,0,0,0,0,25,1,Alto,velocity_1h
TX-0049422,2025-10-05 15:03:00,ACC-01644,Cartao,POS,223.45,DF,DEV-01644-A,1,Eletronicos,MER-0353,1,Alta velocidade,63,SP,4485.19,4355,657.42,Alta renda,524.0580952380952,302.94812545416164,513.81,-0.9922758055935869,4,4,15,Sunday,2025-10,1,0,0,1,0,0,0,0,25,1,Alto,velocity_1h
TX-0028931,2025-10-05 15:04:00,ACC-01644,PIX,Internet Banking,216.97,SP,DEV-01644-A,1,Viagem,MER-0862,1,Alta velocidade,63,SP,4485.19,4355,657.42,Alta renda,524.0580952380952,302.94812545416164,513.81,-1.0136656062080833,5,5,15,Sunday,2025-10,0,0,0,1,0,0,0,0,25,1,Alto,velocity_1h
TX-0031722,2025-07-10 14:02:00,ACC-00154,Transferencia,Internet Banking,232.25,PE,DEV-00154-A,1,Restaurante,MER-0457,1,Alta velocidade,73,MG,2199.64,2093,95.41,Varejo,204.04588235294116,240.25303653280912,97.0,0.11739338679786994,3,3,14,Thursday,2025-07,1,0,0,1,0,0,0,0,25,1,Alto,velocity_1h
TX-0046208,2025-07-10 14:03:00,ACC-00154,Cartao,POS,300.26,MG,DEV-00154-A,1,Transporte,MER-0401,1,Alta velocidade,73,MG,2199.64,2093,95.41,Varejo,204.04588235294116,240.25303653280912,97.0,0.4004699338479319,4,4,14,Thursday,2025-07,0,0,0,1,0,0,0,0,25,1,Alto,velocity_1h
TX-0014651,2025-07-10 14:04:00,ACC-00154,Cartao,E-commerce,964.86,SP,DEV-00154-A,1,Eletronicos,MER-0225,1,Alta velocidade,73,MG,2199.64,2093,95.41,Varejo,204.04588235294116,240.25303653280912,97.0,3.1667200907288495,5,5,14,Thursday,2025-07,1,0,0,1,0,0,0,0,25,1,Alto,velocity_1h
TX-0043399,2025-07-09 19:02:00,ACC-01850,Transferencia,App,258.17,GO,DEV-01850-A,1,Restaurante,MER-1186,1,Alta velocidade,29,DF,3156.11,1645,484.82,Digital,1039.0857692307693,2966.50206181108,383.735,-0.2632446406438741,3,3,19,Wednesday,2025-07,1,0,0,1,0,0,0,0,25,1,Alto,velocity_1h
TX-0002301,2025-07-04 12:06:03,ACC-01964,Boleto,App,97.94,GO,RISK-6153204,0,Servicos,MER-0648,1,Novo dispositivo e local,62,RJ,3418.39,3263,516.37,Varejo,858.6350000000001,697.5644746835063,674.9300000000001,-1.0905013480583812,1,2,12,Friday,2025-07,1,0,0,0,0,1,0,0,25,1,Alto,new_device_location
TX-0044111,2025-07-02 18:11:22,ACC-01524,PIX,App,369.84,PR,NEW-1221077,0,Servicos,MER-0380,0,Normal,48,SP,1281.72,879,74.89,Digital,107.32608695652173,78.19597372447872,77.59,3.357128257887529,1,1,18,Wednesday,2025-07,1,0,0,0,0,1,0,0,25,1,Alto,new_device_location
TX-0007726,2025-07-02 18:13:07,ACC-01738,PIX,App,73.88,RS,RISK-9633761,0,Mercado,MER-0501,1,Novo dispositivo e local,23,PR,724.24,3250,114.29,Varejo,132.2223529411765,95.77833122172073,107.83,-0.6091393762762234,1,1,18,Wednesday,2025-07,1,0,0,0,0,1,0,0,25,1,Alto,new_device_location
TX-0026303,2025-10-10 12:15:56,ACC-00548,Cartao,POS,552.4,DF,RISK-9005165,0,Transporte,MER-0956,1,Novo dispositivo e local,29,PE,7222.49,1737,821.59,Empresarial,867.7311111111111,787.6048722169444,583.655,-0.400367141233547,1,1,12,Friday,2025-10,1,0,0,0,0,1,0,0,25,1,Alto,new_device_location
TX-0039675,2025-10-11 08:51:17,ACC-00634,Cartao,E-commerce,137.37,BA,RISK-5535135,0,Transporte,MER-1013,1,Novo dispositivo e local,32,MG,4185.55,4609,144.94,Varejo,137.9885,91.00961662749827,119.285,-0.006795985115853189,1,1,8,Saturday,2025-10,1,0,0,0,0,1,0,0,25,1,Alto,new_device_location
TX-0016621,2025-10-11 10:58:03,ACC-01173,Cartao,Carteira digital,564.82,RS,RISK-5995441,0,Viagem,MER-0931,1,Novo dispositivo e local,32,DF,7528.09,2738,563.37,Digital,610.6999999999999,474.96052961823904,465.15,-0.09659750050573052,1,1,10,Saturday,2025-10,1,0,0,0,0,1,0,0,25,1,Alto,new_device_location
TX-0040105,2025-10-09 12:21:00,ACC-01205,PIX,Internet Banking,530.27,MG,NEW-3817961,0,Mercado,MER-1199,0,Normal,43,SP,10684.37,3665,1493.5,Empresarial,1632.5151999999998,1605.334110774971,1002.59,-0.686614202365571,1,1,12,Thursday,2025-10,1,0,0,0,0,1,0,0,25,1,Alto,new_device_location
TX-0035596,2025-10-07 12:38:53,ACC-00012,PIX,Internet Banking,1155.19,PE,RISK-0946327,0,Restaurante,MER-0299,1,Novo dispositivo e local,54,MG,5348.43,592,613.95,Varejo,793.4784615384615,729.4001730062439,624.285,0.49590273192661033,2,2,12,Tuesday,2025-10,1,0,0,0,0,1,0,0,25,1,Alto,new_device_location
TX-0044521,2025-07-13 06:02:00,ACC-01835,Boleto,App,228.02,SP,DEV-01835-A,1,Transporte,MER-0598,1,Alta velocidade,41,SP,17410.22,3894,2192.64,Varejo,2545.145,2988.752313686301,1609.81,-0.7752817084872712,3,3,6,Sunday,2025-07,0,0,0,1,0,0,0,0,25,1,Alto,velocity_1h
TX-0000053,2025-07-13 06:04:00,ACC-01835,Cartao,Carteira digital,28.93,SP,DEV-01835-A,1,Restaurante,MER-0956,1,Alta velocidade,41,SP,17410.22,3894,2192.64,Varejo,2545.145,2988.752313686301,1609.81,-0.8418947895004797,5,5,6,Sunday,2025-07,0,0,0,1,0,0,0,0,25,1,Alto,velocity_1h
TX-0028098,2025-07-13 12:02:00,ACC-01926,Cartao,E-commerce,181.63,DF,DEV-01926-A,1,Outros,MER-0616,1,Alta velocidade,19,SP,11607.96,527,1434.04,Empresarial,1173.565,934.6130238860313,939.5,-1.0613323104311445,3,3,12,Sunday,2025-07,1,0,0,1,0,0,0,0,25,1,Alto,velocity_1h
TX-0023486,2025-07-13 12:03:00,ACC-01926,PIX,Internet Banking,158.6,RJ,DEV-01926-A,1,Mercado,MER-0919,1,Alta velocidade,19,SP,11607.96,527,1434.04,Empresarial,1173.565,934.6130238860313,939.5,-1.0859735249353502,4,4,12,Sunday,2025-07,1,0,0,1,0,0,0,0,25,1,Alto,velocity_1h
TX-0022727,2025-07-13 12:04:00,ACC-01926,Cartao,POS,533.45,RS,DEV-01926-A,1,Restaurante,MER-0165,1,Alta velocidade,19,SP,11607.96,527,1434.04,Empresarial,1173.565,934.6130238860313,939.5,-0.684898437792428,5,5,12,Sunday,2025-07,1,0,0,1,0,0,0,0,25,1,Alto,velocity_1h
TX-0018345,2025-07-11 10:02:00,ACC-01371,PIX,App,378.53,PE,DEV-01371-A,1,Servicos,MER-0919,1,Alta velocidade,59,PR,13300.27,3755,1380.81,Varejo,1850.2064516129033,1480.7489274227605,1444.75,-0.9938730492105452,3,3,10,Friday,2025-07,1,0,0,1,0,0,0,0,25,1,Alto,velocity_1h
TX-0036345,2025-07-11 10:03:00,ACC-01371,PIX,App,30.48,GO,DEV-01371-A,1,Mercado,MER-1008,1,Alta velocidade,59,PR,13300.27,3755,1380.81,Varejo,1850.2064516129033,1480.7489274227605,1444.75,-1.228923025309991,4,4,10,Friday,2025-07,1,0,0,1,0,0,0,0,25,1,Alto,velocity_1h
TX-0024360,2025-07-11 10:04:00,ACC-01371,Cartao,E-commerce,57.45,SP,DEV-01371-A,1,Transporte,MER-0219,1,Alta velocidade,59,PR,13300.27,3755,1380.81,Varejo,1850.2064516129033,1480.7489274227605,1444.75,-1.2107092690812824,5,5,10,Friday,2025-07,1,0,0,1,0,0,0,0,25,1,Alto,velocity_1h
TX-0016250,2025-11-26 22:07:43,ACC-00230,PIX,App,221.74,DF,RISK-7217247,0,Viagem,MER-0281,1,Novo dispositivo e local,67,RS,3369.4,2248,233.16,Digital,218.08285714285714,123.0153953024928,181.05,0.029729147706675407,1,1,22,Wednesday,2025-11,1,0,0,0,0,1,0,0,25,1,Alto,new_device_location
TX-0022549,2025-11-27 01:53:51,ACC-01894,PIX,Internet Banking,171.64,RJ,NEW-6305127,0,Servicos,MER-0727,0,Normal,50,RS,4896.38,1545,195.74,Varejo,1121.0305555555556,3597.8944113262432,191.535,-0.26387393486780913,1,1,1,Thursday,2025-11,1,0,0,0,0,1,0,0,25,1,Alto,new_device_location
TX-0012022,2025-07-15 03:51:27,ACC-00054,Boleto,App,718.29,DF,RISK-6804939,0,Restaurante,MER-0988,1,Novo dispositivo e local,41,BA,7305.74,3891,916.14,Varejo,1591.9540000000002,2721.236254649333,981.7850000000001,-0.32105407919187934,1,1,3,Tuesday,2025-07,1,0,0,0,0,1,0,0,25,1,Alto,new_device_location
TX-0017548,2025-07-15 07:02:00,ACC-01700,Transferencia,Internet Banking,326.6,PR,DEV-01700-A,1,Eletronicos,MER-0873,1,Alta velocidade,33,RJ,2288.55,3725,78.22,Alta renda,132.0732142857143,129.07418254785435,76.72,1.5070929125750208,3,3,7,Tuesday,2025-07,1,0,0,1,0,0,0,0,25,1,Alto,velocity_1h
TX-0019797,2025-07-15 07:03:00,ACC-01700,PIX,Internet Banking,73.77,GO,DEV-01700-A,1,Mercado,MER-1095,1,Alta velocidade,33,RJ,2288.55,3725,78.22,Alta renda,132.0732142857143,129.07418254785435,76.72,-0.45170314570149106,4,4,7,Tuesday,2025-07,1,0,0,1,0,0,0,0,25,1,Alto,velocity_1h
TX-0017639,2025-07-13 22:00:53,ACC-00918,Boleto,App,1194.4,DF,RISK-5653744,0,Mercado,MER-0074,1,Novo dispositivo e local,59,MG,6725.8,4796,1039.81,Varejo,2370.7149999999997,4626.956104131647,900.615,-0.25423085361661574,1,1,22,Sunday,2025-07,1,0,0,0,0,1,0,0,25,1,Alto,new_device_location
TX-0049748,2025-07-14 05:35:43,ACC-00522,Cartao,Carteira digital,377.92,RS,RISK-4028245,0,Outros,MER-0025,1,Novo dispositivo e local,63,BA,2998.14,4525,447.27,Empresarial,397.9131578947368,278.81898919176604,261.27,-0.07170658624325582,1,3,5,Monday,2025-07,1,0,0,0,0,1,0,0,25,1,Alto,new_device_location
TX-0040750,2025-07-14 07:54:54,ACC-02468,PIX,Internet Banking,79.78,SP,NEW-9602459,0,Restaurante,MER-0155,0,Normal,40,BA,3099.47,739,223.72,Varejo,203.21125,155.21669231003045,155.265,-0.7952189172634727,1,1,7,Monday,2025-07,1,0,0,0,0,1,0,0,25,1,Alto,new_device_location
TX-0043035,2025-03-15 05:04:00,ACC-02141,PIX,App,1132.27,SP,DEV-02141-A,1,Servicos,MER-1002,1,Alta velocidade,22,PR,6776.47,2862,332.0,Digital,383.63100000000003,340.5846020103547,267.76,2.19809995983682,5,5,5,Saturday,2025-03,1,0,0,1,0,0,0,0,25,1,Alto,velocity_1h
TX-0035429,2025-03-15 07:47:03,ACC-01063,Cartao,E-commerce,273.95,RS,RISK-5054863,0,Mercado,MER-1166,1,Novo dispositivo e local,42,RJ,5510.49,1050,218.39,Digital,291.0617391304348,313.4981609146024,186.28,-0.054583220139195844,1,1,7,Saturday,2025-03,1,0,0,0,0,1,0,0,25,1,Alto,new_device_location
TX-0025472,2025-03-15 14:11:41,ACC-00153,Transferencia,App,101.3,BA,NEW-5785617,0,Restaurante,MER-0202,0,Normal,36,SP,3575.26,3610,91.04,Varejo,131.86772727272725,125.84714908445079,75.5,-0.24289566744348354,1,1,14,Saturday,2025-03,1,0,0,0,0,1,0,0,25,1,Alto,new_device_location
TX-0045877,2025-11-28 11:17:57,ACC-02145,Saque,ATM,445.03,BA,NEW-7341336,0,Viagem,MER-0791,0,Normal,43,PR,2322.01,2574,366.3,Digital,398.6531034482759,402.45939857423997,272.15,0.11523372721824793,1,1,11,Friday,2025-11,1,0,0,0,0,1,0,0,25,1,Alto,new_device_location
TX-0047280,2025-11-28 21:43:06,ACC-01501,PIX,App,377.86,BA,NEW-0720698,0,Restaurante,MER-1106,0,Normal,28,DF,1711.5,2469,228.08,Varejo,239.28,111.55339170101463,213.0,1.2422750925531882,1,1,21,Friday,2025-11,1,0,0,0,0,1,0,0,25,1,Alto,new_device_location
TX-0032009,2025-11-27 16:41:24,ACC-00708,Transferencia,Internet Banking,100.06,SC,NEW-8020057,0,Viagem,MER-0401,0,Normal,72,PR,6673.73,396,192.48,Varejo,238.55263157894737,106.12439832794264,238.75,-1.3050027492356784,1,1,16,Thursday,2025-11,1,0,0,0,0,1,0,0,25,1,Alto,new_device_location
TX-0001924,2025-11-28 09:14:08,ACC-01508,PIX,Internet Banking,304.94,RS,NEW-6306351,0,Mercado,MER-0443,0,Normal,24,MG,3286.16,1430,487.38,Alta renda,534.4100000000001,450.12733198507283,375.615,-0.5097890834311963,1,1,9,Friday,2025-11,1,0,0,0,0,1,0,0,25,1,Alto,new_device_location
TX-0019027,2025-11-26 20:40:42,ACC-01516,PIX,App,167.25,SP,RISK-6607986,0,Viagem,MER-1187,1,Novo dispositivo e local,60,PR,7231.44,1220,1133.44,Empresarial,1341.035,1182.3884688317078,1009.405,-0.9927236529630498,1,1,20,Wednesday,2025-11,1,0,0,0,0,1,0,0,25,1,Alto,new_device_location
TX-0033621,2025-03-17 05:02:04,ACC-02481,Cartao,Carteira digital,15.98,MG,NEW-8467956,0,Restaurante,MER-0933,0,Normal,43,BA,776.15,1269,52.39,Varejo,1357.6825000000001,4454.2002701314,49.49,-0.30122186220432773,1,1,5,Monday,2025-03,1,0,0,0,0,1,0,0,25,1,Alto,new_device_location
TX-0012715,2025-03-17 08:02:00,ACC-02396,PIX,App,283.79,SP,DEV-02396-A,1,Mercado,MER-0449,1,Alta velocidade,48,SP,4297.14,3908,656.77,Alta renda,812.7416666666667,682.3210851815538,536.665,-0.775223979082988,3,3,8,Monday,2025-03,0,0,0,1,0,0,0,0,25,1,Alto,velocity_1h
TX-0020504,2025-03-17 08:03:00,ACC-02396,PIX,Internet Banking,631.55,RS,DEV-02396-A,1,Eletronicos,MER-1004,1,Alta velocidade,48,SP,4297.14,3908,656.77,Alta renda,812.7416666666667,682.3210851815538,536.665,-0.26555190892049707,4,4,8,Monday,2025-03,1,0,0,1,0,0,0,0,25,1,Alto,velocity_1h
TX-0004769,2025-03-17 08:04:00,ACC-02396,PIX,App,449.09,PR,DEV-02396-A,1,Mercado,MER-1162,1,Alta velocidade,48,SP,4297.14,3908,656.77,Alta renda,812.7416666666667,682.3210851815538,536.665,-0.5329626689902237,5,5,8,Monday,2025-03,1,0,0,1,0,0,0,0,25,1,Alto,velocity_1h
TX-0021321,2025-03-16 03:24:23,ACC-00496,PIX,App,37.52,GO,RISK-0914485,0,Transporte,MER-0403,1,Novo dispositivo e local,33,MG,506.53,4287,50.13,Varejo,51.796521739130434,45.80219184996357,41.01,-0.3116995314524841,1,1,3,Sunday,2025-03,1,0,0,0,0,1,0,0,25,1,Alto,new_device_location
TX-0027262,2025-03-16 15:47:49,ACC-01561,Transferencia,Internet Banking,170.87,SP,NEW-3298356,0,Servicos,MER-0209,0,Normal,35,RS,3845.82,3487,436.53,Varejo,381.5282352941176,349.4550217523582,273.84,-0.6028193105875607,1,1,15,Sunday,2025-03,1,0,0,0,0,1,0,0,25,1,Alto,new_device_location
TX-0030630,2025-03-15 05:02:00,ACC-02141,PIX,App,473.15,SP,DEV-02141-A,1,Outros,MER-0358,1,Alta velocidade,22,PR,6776.47,2862,332.0,Digital,383.63100000000003,340.5846020103547,267.76,0.26283924602462894,3,3,5,Saturday,2025-03,1,0,0,1,0,0,0,0,25,1,Alto,velocity_1h
TX-0028541,2025-03-15 05:03:00,ACC-02141,PIX,App,205.43,SP,DEV-02141-A,1,Eletronicos,MER-0201,1,Alta velocidade,22,PR,6776.47,2862,332.0,Digital,383.63100000000003,340.5846020103547,267.76,-0.5232209528796673,4,4,5,Saturday,2025-03,1,0,0,1,0,0,0,0,25,1,Alto,velocity_1h
TX-0020325,2025-03-17 16:57:58,ACC-01886,Boleto,App,102.73,PE,RISK-8215899,0,Viagem,MER-0083,1,Novo dispositivo e local,54,RS,1843.57,4629,102.66,Empresarial,1002.9094117647059,3736.165999713929,102.73,-0.2409366746107188,1,1,16,Monday,2025-03,1,0,0,0,0,1,0,0,25,1,Alto,new_device_location
TX-0043591,2025-10-04 06:09:13,ACC-00769,PIX,App,440.55,SC,RISK-1164517,0,Outros,MER-1154,1,Novo dispositivo e local,49,SP,3261.95,2298,323.51,Varejo,398.8329166666667,266.55964630631786,398.47,0.156501870824791,1,1,6,Saturday,2025-10,1,0,0,0,0,1,0,0,25,1,Alto,new_device_location
TX-0014235,2025-10-02 10:58:01,ACC-00717,Transferencia,App,403.44,RS,RISK-8727487,0,Eletronicos,MER-0869,1,Novo dispositivo e local,62,MG,9973.74,3528,825.87,Varejo,875.7345833333334,883.1165002174632,569.9200000000001,-0.5348043924182518,1,1,10,Thursday,2025-10,1,0,0,0,0,1,0,0,25,1,Alto,new_device_location
TX-0013150,2025-07-20 16:22:41,ACC-01294,PIX,App,76.89,SC,RISK-8619589,0,Viagem,MER-0828,1,Novo dispositivo e local,27,SP,2277.31,2366,328.55,Varejo,1473.221724137931,3902.7617844382867,327.05,-0.3577804132718546,1,1,16,Sunday,2025-07,1,0,0,0,0,1,0,0,25,1,Alto,new_device_location
TX-0023688,2025-07-20 22:15:10,ACC-01423,Cartao,E-commerce,1629.51,SP,NEW-9452429,0,Eletronicos,MER-1010,0,Normal,40,RJ,14264.5,3659,1414.79,Varejo,2121.6579166666666,4098.437663644823,1105.8,-0.12008183533746601,1,1,22,Sunday,2025-07,1,0,0,0,0,1,0,0,25,1,Alto,new_device_location
TX-0023147,2025-07-21 12:49:45,ACC-00088,Cartao,E-commerce,197.74,PE,RISK-3130302,0,Eletronicos,MER-1057,1,Novo dispositivo e local,47,PR,3369.81,1958,307.3,Varejo,336.4652380952381,257.25648646086745,235.51,-0.5392487474415548,1,1,12,Monday,2025-07,1,0,0,0,0,1,0,0,25,1,Alto,new_device_location
TX-0010761,2025-07-18 14:20:47,ACC-01857,PIX,App,171.62,RS,RISK-5365384,0,Mercado,MER-0292,1,Novo dispositivo e local,52,PR,5159.35,493,621.55,Varejo,905.391875,555.7740570078066,812.4549999999999,-1.320270109314752,1,1,14,Friday,2025-07,1,0,0,0,0,1,0,0,25,1,Alto,new_device_location
TX-0006606,2025-07-19 08:14:41,ACC-01624,Cartao,POS,459.8,GO,RISK-0368173,0,Servicos,MER-0317,1,Novo dispositivo e local,25,RS,1924.22,111,231.07,Varejo,947.5008695652174,3180.1242455958354,213.77,-0.15335906143938743,1,1,8,Saturday,2025-07,1,0,0,0,0,1,0,0,25,1,Alto,new_device_location
TX-0009989,2025-03-09 23:11:56,ACC-02091,Cartao,POS,47.06,SP,NEW-1080677,0,Mercado,MER-1174,0,Normal,41,RS,1360.32,2701,48.73,Varejo,1094.5246666666667,3985.461119940231,51.29,-0.26282144904787713,1,1,23,Sunday,2025-03,1,0,0,0,0,1,0,0,25,1,Alto,new_device_location
TX-0009338,2025-03-10 07:03:39,ACC-02011,Cartao,POS,210.24,DF,NEW-5149434,0,Restaurante,MER-0917,0,Normal,46,PR,3256.21,4675,110.13,Empresarial,98.29083333333334,68.88358843583211,92.36,1.6251935941309432,1,1,7,Monday,2025-03,1,0,0,0,0,1,0,0,25,1,Alto,new_device_location
TX-0034406,2025-03-10 13:14:50,ACC-00478,Cartao,Carteira digital,197.23,DF,RISK-3581305,0,Viagem,MER-0797,1,Novo dispositivo e local,64,RS,2054.32,3882,298.05,Empresarial,353.5591304347826,297.257729342325,209.02,-0.5259043415983052,1,1,13,Monday,2025-03,1,0,0,0,0,1,0,0,25,1,Alto,new_device_location
TX-0027137,2025-03-10 18:52:04,ACC-01761,Cartao,E-commerce,3763.65,MG,NEW-5091383,0,Eletronicos,MER-0834,0,Normal,22,RS,6769.44,3834,1031.08,Empresarial,1415.6776470588236,1111.742023107932,935.73,2.111975893811497,1,1,18,Monday,2025-03,1,0,0,0,0,1,0,0,25,1,Alto,new_device_location
TX-0031327,2025-03-08 12:39:49,ACC-02448,PIX,App,421.53,PR,RISK-3953124,0,Eletronicos,MER-0527,1,Novo dispositivo e local,21,SP,8030.7,3284,362.08,Digital,419.29315789473685,494.1589971305079,330.78,0.004526563551917623,1,1,12,Saturday,2025-03,1,0,0,0,0,1,0,0,25,1,Alto,new_device_location
TX-0045602,2025-03-08 15:57:11,ACC-00050,Transferencia,Internet Banking,214.76,MG,RISK-0904255,0,Eletronicos,MER-0884,1,Novo dispositivo e local,67,SP,29675.89,4050,1179.92,Alta renda,2231.12,3625.330180219524,1303.885,-0.5561865815703174,1,1,15,Saturday,2025-03,1,0,0,0,0,1,0,0,25,1,Alto,new_device_location
TX-0000129,2025-03-08 17:06:47,ACC-02217,Saque,ATM,211.27,RS,NEW-8700430,0,Mercado,MER-0750,0,Normal,77,MG,4383.88,4317,136.5,Digital,926.8575000000001,3432.065400618846,149.58499999999998,-0.20850054310473523,1,1,17,Saturday,2025-03,1,0,0,0,0,1,0,0,25,1,Alto,new_device_location
TX-0009176,2025-03-17 14:26:39,ACC-01785,Cartao,Carteira digital,303.8,RS,RISK-7189378,0,Restaurante,MER-0330,1,Novo dispositivo e local,60,PR,6531.53,199,252.99,Varejo,240.142,136.1958082127965,199.32,0.46740058181922023,1,1,14,Monday,2025-03,1,0,0,0,0,1,0,0,25,1,Alto,new_device_location
TX-0040660,2025-03-14 18:17:40,ACC-02207,PIX,App,3977.5,PR,NEW-0506877,0,Servicos,MER-0157,0,Normal,70,GO,9450.97,3453,1492.43,Varejo,2675.3285714285716,3265.182905514308,1490.23,0.398805048982798,1,1,18,Friday,2025-03,1,0,0,0,0,1,0,0,25,1,Alto,new_device_location
TX-0012710,2025-03-14 21:50:22,ACC-02500,PIX,Internet Banking,467.86,BA,NEW-5868556,0,Restaurante,MER-0449,0,Normal,66,SP,4457.45,1439,321.82,Varejo,400.6304347826087,394.0192395680728,268.31,0.1706250823972173,1,1,21,Friday,2025-03,1,0,0,0,0,1,0,0,25,1,Alto,new_device_location
TX-0013536,2025-03-15 02:10:00,ACC-01703,Cartao,Carteira digital,324.54,BA,NEW-6041491,0,Transporte,MER-0242,1,Horario incomum,44,PE,2644.6,394,101.42,Empresarial,147.42583333333332,101.25591470565453,145.745,1.7491735389634078,1,1,2,Saturday,2025-03,1,0,0,0,0,1,0,0,25,1,Alto,new_device_location
TX-0041670,2025-03-15 02:16:12,ACC-01797,Cartao,POS,437.23,PE,RISK-8320717,0,Servicos,MER-0511,1,Novo dispositivo e local,28,SP,5240.55,4971,656.05,Varejo,647.2115384615385,522.0910700546115,450.39,-0.40219331550638104,1,1,2,Saturday,2025-03,1,0,0,0,0,1,0,0,25,1,Alto,new_device_location
TX-0031680,2025-03-11 18:01:00,ACC-00813,Boleto,Internet Banking,20.1,PR,DEV-00813-A,0,Servicos,MER-0858,1,Alta velocidade,61,MG,1090.74,4743,110.62,Alta renda,161.47916666666666,284.1048141231876,69.61500000000001,-0.4976303097960345,2,2,18,Tuesday,2025-03,1,0,0,0,0,1,0,0,25,1,Alto,new_device_location
TX-0008064,2025-03-11 18:02:00,ACC-00813,Cartao,E-commerce,131.82,RJ,DEV-00813-A,1,Transporte,MER-0467,1,Alta velocidade,61,MG,1090.74,4743,110.62,Alta renda,161.47916666666666,284.1048141231876,69.61500000000001,-0.10439515697121018,3,3,18,Tuesday,2025-03,1,0,0,1,0,0,0,0,25,1,Alto,velocity_1h
TX-0001920,2025-03-11 18:03:00,ACC-00813,PIX,App,901.09,BA,DEV-00813-A,1,Restaurante,MER-0777,1,Alta velocidade,61,MG,1090.74,4743,110.62,Alta renda,161.47916666666666,284.1048141231876,69.61500000000001,2.6033027128242843,4,4,18,Tuesday,2025-03,1,0,0,1,0,0,0,0,25,1,Alto,velocity_1h
TX-0008904,2025-03-09 11:46:02,ACC-02131,Cartao,Carteira digital,1297.26,RJ,RISK-9839160,0,Viagem,MER-0387,1,Novo dispositivo e local,23,MG,7508.78,3008,970.8,Varejo,2015.9283333333333,3479.8430211724985,1087.525,-0.2065232049149117,1,1,11,Sunday,2025-03,1,0,0,0,0,1,0,0,25,1,Alto,new_device_location
TX-0033572,2025-07-11 15:49:30,ACC-00599,Boleto,App,145.28,SC,RISK-2915603,0,Mercado,MER-1137,1,Novo dispositivo e local,20,SP,2877.77,4534,113.54,Empresarial,770.36375,3138.4061114698675,128.39499999999998,-0.19917235940738182,1,1,15,Friday,2025-07,1,0,0,0,0,1,0,0,25,1,Alto,new_device_location
TX-0008691,2025-07-11 20:45:50,ACC-02368,PIX,Internet Banking,1075.24,MG,RISK-7525184,0,Eletronicos,MER-0646,1,Novo dispositivo e local,67,PE,11913.6,1007,1574.61,Alta renda,1799.38,1709.059655664204,1184.1399999999999,-0.4237066843161612,1,1,20,Friday,2025-07,1,0,0,0,0,1,0,0,25,1,Alto,new_device_location
TX-0020895,2025-10-05 10:19:56,ACC-01140,PIX,App,331.75,DF,RISK-6075117,0,Restaurante,MER-0575,1,Novo dispositivo e local,74,MG,2507.89,2392,157.11,Varejo,1037.246111111111,3611.4084633726047,198.235,-0.195352067833464,1,1,10,Sunday,2025-10,1,0,0,0,0,1,0,0,25,1,Alto,new_device_location
TX-0014296,2025-10-05 10:31:14,ACC-01978,Cartao,E-commerce,100.68,PR,RISK-2669105,0,Outros,MER-0062,1,Novo dispositivo e local,39,SP,5689.27,896,221.0,Empresarial,265.82363636363635,147.72124358214205,218.99,-1.1179410107782255,1,1,10,Sunday,2025-10,1,0,0,0,0,1,0,0,25,1,Alto,new_device_location
TX-0022957,2025-10-03 06:36:27,ACC-01692,Cartao,E-commerce,784.64,GO,NEW-7022396,0,Transporte,MER-0622,0,Normal,43,PR,11471.67,4644,1199.49,Varejo,1609.4835294117647,1741.5351673665002,821.01,-0.47363013097178486,1,1,6,Friday,2025-10,1,0,0,0,0,1,0,0,25,1,Alto,new_device_location
TX-0031078,2025-11-29 18:57:15,ACC-00276,Cartao,Carteira digital,1106.15,RS,RISK-6210762,0,Viagem,MER-0327,1,Novo dispositivo e local,37,MG,2771.79,2121,230.92,Empresarial,894.3471428571429,2876.825179314809,260.92,0.07362381929419277,1,1,18,Saturday,2025-11,1,0,0,0,0,1,0,0,25,1,Alto,new_device_location
TX-0013310,2025-11-30 11:19:15,ACC-01515,Cartao,Carteira digital,105.42,SP,NEW-5925532,0,Transporte,MER-0940,0,Normal,45,RJ,3649.83,3948,141.07,Varejo,205.3984210526316,173.7404429749913,116.52,-0.5754470251179385,1,1,11,Sunday,2025-11,1,0,0,0,0,1,0,0,25,1,Alto,new_device_location
TX-0029060,2025-03-13 22:20:04,ACC-02144,PIX,Internet Banking,204.23,PE,RISK-8552379,0,Restaurante,MER-0301,1,Novo dispositivo e local,56,SP,2774.2,1039,269.85,Alta renda,947.4939130434783,3177.7395918207176,248.29,-0.23389704900822847,1,1,22,Thursday,2025-03,1,0,0,0,0,1,0,0,25,1,Alto,new_device_location
TX-0034976,2025-07-16 08:02:00,ACC-02216,Cartao,Carteira digital,362.76,SP,DEV-02216-A,1,Mercado,MER-1000,1,Alta velocidade,50,SP,3184.97,2316,286.96,Digital,243.07346153846154,242.6321092673813,170.19,0.4932840044251667,3,3,8,Wednesday,2025-07,0,0,0,1,0,0,0,0,25,1,Alto,velocity_1h
TX-0010385,2025-07-24 15:15:24,ACC-00282,PIX,App,785.34,SP,RISK-0110196,0,Viagem,MER-0616,1,Novo dispositivo e local,58,BA,3917.57,2726,598.44,Varejo,749.9371428571428,559.6862743907774,537.16,0.0632548246450987,1,1,15,Thursday,2025-07,1,0,0,0,0,1,0,0,25,1,Alto,new_device_location
TX-0004196,2025-07-25 07:02:00,ACC-02319,PIX,Internet Banking,429.89,SP,DEV-02319-A,0,Eletronicos,MER-0401,1,Alta velocidade,54,SP,5679.6,3748,657.69,Empresarial,659.2068965517242,392.83615723264364,609.86,-0.5837469192427702,3,3,7,Friday,2025-07,0,0,0,1,0,0,0,0,25,1,Alto,velocity_1h
TX-0010948,2025-07-25 07:03:00,ACC-02319,PIX,Internet Banking,1043.46,GO,DEV-02319-A,1,Mercado,MER-1181,1,Alta velocidade,54,SP,5679.6,3748,657.69,Empresarial,659.2068965517242,392.83615723264364,609.86,0.9781510596050231,4,4,7,Friday,2025-07,1,0,0,1,0,0,0,0,25,1,Alto,velocity_1h
TX-0001071,2025-07-25 07:04:00,ACC-02319,Cartao,E-commerce,163.13,RJ,DEV-02319-A,1,Transporte,MER-0423,1,Alta velocidade,54,SP,5679.6,3748,657.69,Empresarial,659.2068965517242,392.83615723264364,609.86,-1.2628086478759128,5,5,7,Friday,2025-07,1,0,0,1,0,0,0,0,25,1,Alto,velocity_1h
TX-0002048,2025-07-25 11:53:54,ACC-01361,Cartao,E-commerce,107.73,RJ,RISK-9619460,0,Servicos,MER-0174,1,Novo dispositivo e local,72,PR,5135.86,1829,147.59,Varejo,1414.726,4241.686316561885,148.85,-0.30813122481423627,1,1,11,Friday,2025-07,1,0,0,0,0,1,0,0,25,1,Alto,new_device_location
TX-0041649,2025-07-25 12:16:47,ACC-00794,PIX,App,876.04,GO,RISK-4421840,0,Viagem,MER-0184,1,Novo dispositivo e local,20,MG,6739.33,3623,696.67,Varejo,619.3971428571429,358.03087212028066,584.3050000000001,0.7168176744731606,1,1,12,Friday,2025-07,1,0,0,0,0,1,0,0,25,1,Alto,new_device_location
TX-0026596,2025-07-24 12:55:29,ACC-00317,Cartao,Carteira digital,218.33,DF,RISK-3115105,0,Transporte,MER-0324,1,Novo dispositivo e local,23,PR,2119.52,4413,101.28,Digital,119.68941176470588,75.20740035649652,97.96,1.311580878580035,1,1,12,Thursday,2025-07,1,0,0,0,0,1,0,0,25,1,Alto,new_device_location
TX-0005269,2025-12-03 17:02:00,ACC-01231,PIX,App,1369.82,SP,DEV-01231-A,1,Restaurante,MER-0007,1,Alta velocidade,59,PE,4688.57,3927,186.45,Varejo,936.2183333333332,3118.2090504070725,194.51,0.13905471366971414,3,3,17,Wednesday,2025-12,1,0,0,1,0,0,0,0,25,1,Alto,velocity_1h
TX-0024943,2025-12-01 16:31:33,ACC-02362,PIX,App,1027.29,BA,RISK-6915147,0,Transporte,MER-0610,1,Novo dispositivo e local,50,RS,5971.21,4597,887.3,Digital,912.9173913043478,870.6931001805265,752.8,0.13135811995287267,1,1,16,Monday,2025-12,1,0,0,0,0,1,0,0,25,1,Alto,new_device_location
TX-0000749,2025-11-30 18:42:38,ACC-00066,Cartao,POS,987.5,RJ,RISK-6254661,0,Outros,MER-0946,1,Novo dispositivo e local,53,MG,8871.71,3377,1390.72,Varejo,1442.902142857143,1035.3934155834277,991.11,-0.4398348840189708,1,1,18,Sunday,2025-11,1,0,0,0,0,1,0,0,25,1,Alto,new_device_location
TX-0018384,2025-11-30 21:02:00,ACC-00343,Transferencia,App,383.48,PR,DEV-00343-A,1,Viagem,MER-0419,1,Alta velocidade,74,PE,5110.47,4241,623.86,Empresarial,1226.2729166666666,3096.749780972301,408.09000000000003,-0.2721540247924232,3,3,21,Sunday,2025-11,1,0,0,1,0,0,0,0,25,1,Alto,velocity_1h
TX-0036071,2025-11-30 21:03:00,ACC-00343,Cartao,E-commerce,670.85,MG,DEV-00343-A,1,Outros,MER-1027,1,Alta velocidade,74,PE,5110.47,4241,623.86,Empresarial,1226.2729166666666,3096.749780972301,408.09000000000003,-0.1793567307502248,4,4,21,Sunday,2025-11,1,0,0,1,0,0,0,0,25,1,Alto,velocity_1h
TX-0025285,2025-11-30 21:04:00,ACC-00343,Cartao,Carteira digital,86.65,RJ,DEV-00343-A,1,Servicos,MER-0293,1,Alta velocidade,74,PE,5110.47,4241,623.86,Empresarial,1226.2729166666666,3096.749780972301,408.09000000000003,-0.3680061345830963,5,5,21,Sunday,2025-11,1,0,0,1,0,0,0,0,25,1,Alto,velocity_1h
TX-0009571,2025-07-15 19:25:13,ACC-00759,PIX,Internet Banking,773.52,BA,RISK-0758183,0,Servicos,MER-0836,1,Novo dispositivo e local,25,PR,9499.01,1639,683.75,Digital,1628.5105555555556,3479.2488120932967,831.95,-0.24573998633950783,1,1,19,Tuesday,2025-07,1,0,0,0,0,1,0,0,25,1,Alto,new_device_location
TX-0041613,2025-07-16 05:35:08,ACC-02264,Boleto,App,883.44,PR,RISK-3739552,0,Servicos,MER-0393,1,Novo dispositivo e local,31,MG,4701.94,1698,496.69,Varejo,487.6869230769231,324.09681394054195,436.19,1.2210952403737017,1,1,5,Wednesday,2025-07,1,0,0,0,0,1,0,0,25,1,Alto,new_device_location
TX-0020849,2025-03-04 06:58:53,ACC-00453,Boleto,Internet Banking,173.87,GO,RISK-7393063,0,Eletronicos,MER-0726,1,Novo dispositivo e local,64,DF,2016.64,1001,253.5,Alta renda,317.6438888888889,233.66409936283696,203.125,-0.6153015772681226,1,1,6,Tuesday,2025-03,1,0,0,0,0,1,0,0,25,1,Alto,new_device_location
TX-0011798,2025-03-05 04:37:37,ACC-01644,Transferencia,Internet Banking,361.63,RS,NEW-2010459,0,Viagem,MER-0423,0,Normal,63,SP,4485.19,4355,657.42,Alta renda,524.0580952380952,302.94812545416164,513.81,-0.5361581128603875,1,1,4,Wednesday,2025-03,1,0,0,0,0,1,0,0,25,1,Alto,new_device_location
TX-0043777,2025-03-02 04:26:19,ACC-01587,PIX,Internet Banking,66.11,DF,RISK-7538665,0,Restaurante,MER-0392,1,Novo dispositivo e local,41,RS,2287.09,1928,124.15,Varejo,235.69571428571427,324.0235431595876,130.23000000000002,-0.5233746678777295,1,1,4,Sunday,2025-03,1,0,0,0,0,1,0,0,25,1,Alto,new_device_location
TX-0019632,2025-03-02 16:36:44,ACC-01745,Boleto,Internet Banking,403.62,DF,RISK-4197190,0,Servicos,MER-0426,1,Novo dispositivo e local,52,SP,7253.35,2558,629.95,Empresarial,1327.4741176470586,1510.8589491703835,864.17,-0.6114760866024914,1,1,16,Sunday,2025-03,1,0,0,0,0,1,0,0,25,1,Alto,new_device_location
TX-0004540,2025-12-02 18:02:00,ACC-00399,PIX,App,103.21,SP,DEV-00399-A,1,Eletronicos,MER-0725,1,Alta velocidade,71,DF,4358.45,4648,535.73,Varejo,465.6236,318.71935882632965,397.72,-1.1370931509606839,3,3,18,Tuesday,2025-12,1,0,0,1,0,0,0,0,25,1,Alto,velocity_1h
TX-0035610,2025-12-02 18:03:00,ACC-00399,Cartao,E-commerce,149.84,RJ,DEV-00399-A,1,Outros,MER-0489,1,Alta velocidade,71,DF,4358.45,4648,535.73,Varejo,465.6236,318.71935882632965,397.72,-0.9907888907748168,4,4,18,Tuesday,2025-12,1,0,0,1,0,0,0,0,25,1,Alto,velocity_1h
TX-0008645,2025-12-02 18:04:00,ACC-00399,Cartao,E-commerce,675.48,SP,DEV-00399-A,1,Servicos,MER-0551,1,Alta velocidade,71,DF,4358.45,4648,535.73,Varejo,465.6236,318.71935882632965,397.72,0.6584363145457721,5,5,18,Tuesday,2025-12,1,0,0,1,0,0,0,0,25,1,Alto,velocity_1h
TX-0020648,2025-12-03 08:07:50,ACC-01960,PIX,App,256.57,SC,RISK-6503046,0,Transporte,MER-0841,1,Novo dispositivo e local,69,SP,2240.58,1549,336.28,Alta renda,500.3388235294118,384.948673118936,346.99,-0.6332501981480934,1,1,8,Wednesday,2025-12,1,0,0,0,0,1,0,0,25,1,Alto,new_device_location
TX-0027547,2025-07-19 18:07:04,ACC-00622,Cartao,POS,315.31,SP,NEW-2398717,0,Viagem,MER-0599,0,Normal,23,BA,3401.36,385,389.35,Alta renda,648.3133333333333,639.3837363833359,330.865,-0.5208192113502315,1,1,18,Saturday,2025-07,1,0,0,0,0,1,0,0,25,1,Alto,new_device_location
TX-0049012,2025-07-16 11:02:00,ACC-01482,Cartao,POS,95.09,SP,DEV-01482-A,1,Eletronicos,MER-0794,1,Alta velocidade,32,SP,4439.18,4040,657.56,Alta renda,744.5674074074074,909.0270290878323,584.05,-0.7144753529046641,3,3,11,Wednesday,2025-07,0,0,0,1,0,0,0,0,25,1,Alto,velocity_1h
TX-0011610,2025-07-16 11:03:00,ACC-01482,PIX,Internet Banking,184.49,SP,DEV-01482-A,1,Transporte,MER-0767,1,Alta velocidade,32,SP,4439.18,4040,657.56,Alta renda,744.5674074074074,909.0270290878323,584.05,-0.6161284422636144,4,4,11,Wednesday,2025-07,0,0,0,1,0,0,0,0,25,1,Alto,velocity_1h
TX-0048284,2025-07-16 11:04:00,ACC-01482,PIX,Internet Banking,277.48,RS,DEV-01482-A,1,Outros,MER-0878,1,Alta velocidade,32,SP,4439.18,4040,657.56,Alta renda,744.5674074074074,909.0270290878323,584.05,-0.5138322541147193,5,5,11,Wednesday,2025-07,1,0,0,1,0,0,0,0,25,1,Alto,velocity_1h
TX-0008123,2025-07-17 08:15:38,ACC-01065,PIX,App,179.0,GO,NEW-1904849,0,Restaurante,MER-0146,0,Normal,63,SP,4304.81,2225,384.23,Varejo,434.03681818181815,298.61805593012826,365.18,-0.8540569236091089,1,1,8,Thursday,2025-07,1,0,0,0,0,1,0,0,25,1,Alto,new_device_location
TX-0035338,2025-07-15 07:04:00,ACC-01700,PIX,App,137.02,SP,DEV-01700-A,1,Restaurante,MER-0379,1,Alta velocidade,33,RJ,2288.55,3725,78.22,Alta renda,132.0732142857143,129.07418254785435,76.72,0.038325136883603235,5,5,7,Tuesday,2025-07,1,0,0,1,0,0,0,0,25,1,Alto,velocity_1h
TX-0029874,2025-03-08 12:20:09,ACC-00274,PIX,App,540.04,BA,NEW-7045959,0,Eletronicos,MER-0747,0,Normal,45,SP,5191.76,1541,815.98,Varejo,1016.6049999999999,860.029789389206,702.2950000000001,-0.554126154558503,1,1,12,Saturday,2025-03,1,0,0,0,0,1,0,0,25,1,Alto,new_device_location
TX-0019944,2025-03-06 11:55:46,ACC-00810,PIX,App,70.07,RJ,NEW-4415749,0,Restaurante,MER-0760,0,Normal,56,SP,3340.14,4520,114.15,Alta renda,144.546,100.6277233171853,115.31,-0.7401141310257678,1,1,11,Thursday,2025-03,1,0,0,0,0,1,0,0,25,1,Alto,new_device_location
TX-0021034,2025-07-28 08:02:00,ACC-02053,Cartao,POS,1118.61,PR,DEV-02053-A,1,Servicos,MER-0902,1,Alta velocidade,77,SP,5756.01,2882,279.96,Alta renda,374.94172413793103,354.7394731858958,244.29,2.0963787006369063,3,3,8,Monday,2025-07,1,0,0,1,0,0,0,0,25,1,Alto,velocity_1h
TX-0015061,2025-07-28 08:03:00,ACC-02053,Cartao,POS,650.0,MG,DEV-02053-A,1,Eletronicos,MER-0503,1,Alta velocidade,77,SP,5756.01,2882,279.96,Alta renda,374.94172413793103,354.7394731858958,244.29,0.7753810800692283,4,4,8,Monday,2025-07,1,0,0,1,0,0,0,0,25,1,Alto,velocity_1h
TX-0012143,2025-07-28 08:04:00,ACC-02053,Cartao,E-commerce,270.21,GO,DEV-02053-A,1,Restaurante,MER-0870,1,Alta velocidade,77,SP,5756.01,2882,279.96,Alta renda,374.94172413793103,354.7394731858958,244.29,-0.29523560825453443,5,5,8,Monday,2025-07,1,0,0,1,0,0,0,0,25,1,Alto,velocity_1h
TX-0037334,2025-07-28 08:14:28,ACC-02053,Boleto,Internet Banking,114.44,SP,DEV-02053-A,1,Transporte,MER-0629,0,Normal,77,SP,5756.01,2882,279.96,Alta renda,374.94172413793103,354.7394731858958,244.29,-0.7343465946949159,6,6,8,Monday,2025-07,0,0,0,1,0,0,0,0,25,1,Alto,velocity_1h
TX-0038900,2025-07-26 20:02:00,ACC-00563,Cartao,E-commerce,592.84,MG,DEV-00563-A,1,Viagem,MER-0867,1,Alta velocidade,33,MG,1081.17,3206,145.39,Alta renda,173.56130434782608,149.5230561213143,132.91,2.8041073164796444,3,3,20,Saturday,2025-07,0,0,0,1,0,0,0,0,25,1,Alto,velocity_1h
TX-0000136,2025-07-26 20:03:00,ACC-00563,PIX,Internet Banking,50.35,MG,DEV-00563-A,1,Transporte,MER-0070,1,Alta velocidade,33,MG,1081.17,3206,145.39,Alta renda,173.56130434782608,149.5230561213143,132.91,-0.8240287989289063,4,4,20,Saturday,2025-07,0,0,0,1,0,0,0,0,25,1,Alto,velocity_1h
TX-0009432,2025-07-26 20:04:00,ACC-00563,Transferencia,App,207.34,RJ,DEV-00563-A,1,Transporte,MER-0222,1,Alta velocidade,33,MG,1081.17,3206,145.39,Alta renda,173.56130434782608,149.5230561213143,132.91,0.22590961239293994,5,5,20,Saturday,2025-07,1,0,0,1,0,0,0,0,25,1,Alto,velocity_1h
TX-0047037,2025-07-27 16:31:36,ACC-01302,Cartao,Carteira digital,181.03,MG,RISK-7140813,0,Restaurante,MER-0518,1,Novo dispositivo e local,60,RS,4317.35,4476,274.53,Varejo,241.7015789473684,137.7284380488228,231.43,-0.4405159878881454,1,1,16,Sunday,2025-07,1,0,0,0,0,1,0,0,25,1,Alto,new_device_location
TX-0033346,2025-02-22 14:03:00,ACC-02489,PIX,App,242.45,RS,DEV-02489-A,1,Outros,MER-1066,1,Alta velocidade,18,SP,1992.21,422,133.41,Varejo,939.3217391304348,3185.3343041346284,186.32,-0.21877507118354306,4,4,14,Saturday,2025-02,1,0,0,1,0,0,0,0,25,1,Alto,velocity_1h
TX-0015192,2025-02-22 14:04:00,ACC-02489,PIX,Internet Banking,794.18,RS,DEV-02489-A,1,Mercado,MER-0525,1,Alta velocidade,18,SP,1992.21,422,133.41,Varejo,939.3217391304348,3185.3343041346284,186.32,-0.045565622089348036,5,5,14,Saturday,2025-02,1,0,0,1,0,0,0,0,25,1,Alto,velocity_1h
TX-0044371,2025-02-22 19:25:16,ACC-02325,Boleto,Internet Banking,35.16,RS,RISK-3493845,0,Mercado,MER-0084,1,Novo dispositivo e local,60,PR,1272.19,3641,79.13,Digital,90.8678947368421,62.26124116075099,70.24,-0.8947443658087552,1,1,19,Saturday,2025-02,1,0,0,0,0,1,0,0,25,1,Alto,new_device_location
TX-0017973,2025-02-22 07:52:59,ACC-02237,PIX,Internet Banking,87.07,SP,NEW-0328610,0,Mercado,MER-0709,0,Normal,52,RJ,1599.75,2940,145.68,Varejo,145.01684210526318,95.5251562592942,115.91,-0.6066134238814731,1,1,7,Saturday,2025-02,1,0,0,0,0,1,0,0,25,1,Alto,new_device_location
TX-0023357,2025-02-22 09:44:36,ACC-01912,Cartao,E-commerce,111.58,SP,NEW-4769039,0,Servicos,MER-0026,0,Normal,32,GO,3799.79,2309,493.85,Varejo,1096.631111111111,2901.112847342886,447.71,-0.33954250073840253,1,1,9,Saturday,2025-02,1,0,0,0,0,1,0,0,25,1,Alto,new_device_location
TX-0041391,2025-03-07 15:44:32,ACC-01555,Cartao,E-commerce,364.32,GO,NEW-5008507,0,Mercado,MER-0422,0,Normal,29,SP,7380.02,2826,1129.79,Varejo,1073.158947368421,663.3462407864365,1012.38,-1.068580635247213,1,1,15,Friday,2025-03,1,0,0,0,0,1,0,0,25,1,Alto,new_device_location
TX-0046635,2025-03-08 09:53:48,ACC-02361,PIX,App,681.83,RJ,RISK-5454298,0,Mercado,MER-0307,1,Novo dispositivo e local,59,SP,3068.63,4155,343.81,Empresarial,463.8729411764706,337.5872085433019,343.99,0.6456318643233556,1,1,9,Saturday,2025-03,1,0,0,0,0,1,0,0,25,1,Alto,new_device_location
TX-0027069,2025-07-30 07:11:38,ACC-02452,Boleto,App,61.57,BA,NEW-2971248,0,Restaurante,MER-0817,0,Normal,25,SP,1302.86,3020,68.14,Varejo,67.44176470588235,40.61834164439971,56.92,-0.14455943960705553,1,1,7,Wednesday,2025-07,1,0,0,0,0,1,0,0,25,1,Alto,new_device_location
TX-0035510,2025-12-04 10:39:27,ACC-02007,Cartao,Carteira digital,32.9,RJ,RISK-0978153,0,Viagem,MER-0096,1,Novo dispositivo e local,62,SC,1380.73,2918,40.05,Alta renda,45.74333333333333,30.271885034292332,35.585,-0.4242660580530172,1,1,10,Thursday,2025-12,1,0,0,0,0,1,0,0,25,1,Alto,new_device_location
TX-0034926,2025-12-05 13:04:11,ACC-01418,PIX,App,98.1,RS,RISK-9225400,0,Eletronicos,MER-1075,1,Novo dispositivo e local,24,SP,2852.23,3624,291.26,Varejo,247.72333333333333,217.75491110311108,209.34,-0.687118065789496,1,1,13,Friday,2025-12,1,0,0,0,0,1,0,0,25,1,Alto,new_device_location
TX-0046132,2025-02-26 13:00:33,ACC-00372,PIX,Internet Banking,382.78,RS,NEW-1455628,0,Restaurante,MER-0771,0,Normal,46,SC,2886.16,3763,209.22,Varejo,283.8342105263158,206.2312510081769,188.51,0.4797807751734049,1,1,13,Wednesday,2025-02,1,0,0,0,0,1,0,0,25,1,Alto,new_device_location
TX-0002997,2025-02-27 16:28:31,ACC-01575,Cartao,Carteira digital,478.27,GO,NEW-5350463,0,Viagem,MER-0430,0,Normal,18,MG,7710.42,857,686.46,Digital,806.5121052631579,503.4142060148322,643.53,-0.652031868273274,1,1,16,Thursday,2025-02,1,0,0,0,0,1,0,0,25,1,Alto,new_device_location
TX-0018993,2025-02-24 13:11:07,ACC-01078,PIX,App,11.51,DF,RISK-6362903,0,Viagem,MER-1103,1,Novo dispositivo e local,32,RS,1587.43,1047,56.39,Alta renda,52.77739130434783,38.85825292210269,38.22,-1.0619981136844887,1,1,13,Monday,2025-02,1,0,0,0,0,1,0,0,25,1,Alto,new_device_location
TX-0020171,2025-02-25 17:28:37,ACC-02028,PIX,Internet Banking,231.46,PR,RISK-1119838,0,Servicos,MER-0392,1,Novo dispositivo e local,44,SC,2853.01,726,255.73,Empresarial,299.3961904761905,313.76912332917965,189.88,-0.2165164938964299,1,1,17,Tuesday,2025-02,1,0,0,0,0,1,0,0,25,1,Alto,new_device_location
TX-0023728,2025-02-26 05:28:43,ACC-02492,Cartao,POS,286.7,PE,RISK-7799529,0,Viagem,MER-0279,1,Novo dispositivo e local,54,RS,3404.11,1725,510.05,Alta renda,1134.7421739130434,3147.324288222612,439.77,-0.2694486161106577,1,1,5,Wednesday,2025-02,1,0,0,0,0,1,0,0,25,1,Alto,new_device_location
TX-0005002,2025-02-22 14:02:00,ACC-02489,PIX,App,1000.34,MG,DEV-02489-A,1,Mercado,MER-0710,1,Alta velocidade,18,SP,1992.21,422,133.41,Varejo,939.3217391304348,3185.3343041346284,186.32,0.01915599903920988,3,3,14,Saturday,2025-02,1,0,0,1,0,0,0,0,25,1,Alto,velocity_1h
TX-0033088,2025-07-23 16:09:39,ACC-02008,Cartao,Carteira digital,1044.81,RS,RISK-6198945,0,Outros,MER-0455,1,Novo dispositivo e local,64,MG,2760.16,4277,403.76,Varejo,400.9636363636364,297.79259419531536,271.29,2.1620630471894122,1,1,16,Wednesday,2025-07,1,0,0,0,0,1,0,0,25,1,Alto,new_device_location
TX-0018534,2025-07-22 02:50:59,ACC-01152,PIX,App,149.5,SP,NEW-9201177,0,Servicos,MER-0923,0,Normal,34,RJ,5995.15,3888,576.01,Varejo,584.594705882353,455.4867434009146,497.85,-0.9552302282909412,1,1,2,Tuesday,2025-07,1,0,0,0,0,1,0,0,25,1,Alto,new_device_location
TX-0000279,2025-07-22 10:58:14,ACC-00911,Cartao,E-commerce,134.67,SP,RISK-5913268,0,Outros,MER-0777,1,Novo dispositivo e local,26,GO,1243.86,4821,166.59,Alta renda,866.1472727272728,3271.026049041263,146.125,-0.22362318788065558,1,1,10,Tuesday,2025-07,1,0,0,0,0,1,0,0,25,1,Alto,new_device_location
TX-0041610,2025-07-22 16:58:34,ACC-01273,Boleto,App,276.16,RS,RISK-8378349,0,Viagem,MER-0171,1,Novo dispositivo e local,24,GO,11334.93,4402,474.77,Varejo,873.426923076923,608.5573169305777,693.12,-0.981447279427021,1,1,16,Tuesday,2025-07,1,0,0,0,0,1,0,0,25,1,Alto,new_device_location
TX-0044410,2025-07-22 19:02:10,ACC-00576,PIX,App,191.05,SP,NEW-3730431,0,Viagem,MER-0016,0,Normal,28,RS,1670.39,1920,129.69,Empresarial,158.8825,144.25906383248883,114.495,0.22298425586174864,1,2,19,Tuesday,2025-07,1,0,0,0,0,1,0,0,25,1,Alto,new_device_location
TX-0038137,2025-07-29 14:10:38,ACC-01418,Cartao,Carteira digital,257.21,PE,NEW-4678742,0,Servicos,MER-0525,0,Normal,24,SP,2852.23,3624,291.26,Varejo,247.72333333333333,217.75491110311108,209.34,0.043565798900280756,1,1,14,Tuesday,2025-07,1,0,0,0,0,1,0,0,25,1,Alto,new_device_location
TX-0011974,2025-12-03 17:03:00,ACC-01231,Cartao,Carteira digital,91.09,GO,DEV-01231-A,1,Mercado,MER-0963,1,Alta velocidade,59,PE,4688.57,3927,186.45,Varejo,936.2183333333332,3118.2090504070725,194.51,-0.27103004310214684,4,4,17,Wednesday,2025-12,1,0,0,1,0,0,0,0,25,1,Alto,velocity_1h
TX-0024976,2025-12-03 17:04:00,ACC-01231,Cartao,Carteira digital,314.54,BA,DEV-01231-A,1,Eletronicos,MER-0583,1,Alta velocidade,59,PE,4688.57,3927,186.45,Varejo,936.2183333333332,3118.2090504070725,194.51,-0.19937031907856695,5,5,17,Wednesday,2025-12,1,0,0,1,0,0,0,0,25,1,Alto,velocity_1h
TX-0026826,2025-09-27 08:39:22,ACC-00508,Cartao,E-commerce,21.7,PR,NEW-6483729,0,Restaurante,MER-0589,0,Normal,77,RJ,1100.43,4876,35.0,Digital,35.84913043478261,23.265405045619964,26.1,-0.6081617924570103,1,1,8,Saturday,2025-09,1,0,0,0,0,1,0,0,25,1,Alto,new_device_location
TX-0009253,2025-09-25 19:02:00,ACC-01727,Cartao,Carteira digital,31.54,DF,DEV-01727-A,1,Transporte,MER-1177,1,Alta velocidade,77,SP,11349.85,4620,1281.34,Alta renda,1834.3408000000002,4108.308198418297,958.04,-0.43881829525206517,3,3,19,Thursday,2025-09,1,0,0,1,0,0,0,0,25,1,Alto,velocity_1h
TX-0012293,2025-09-25 19:03:00,ACC-01727,Cartao,E-commerce,958.04,RS,DEV-01727-A,1,Mercado,MER-1034,1,Alta velocidade,77,SP,11349.85,4620,1281.34,Alta renda,1834.3408000000002,4108.308198418297,958.04,-0.2132996741426013,4,4,19,Thursday,2025-09,1,0,0,1,0,0,0,0,25,1,Alto,velocity_1h
TX-0015103,2025-09-25 19:04:00,ACC-01727,PIX,App,445.44,SP,DEV-01727-A,1,Outros,MER-0445,1,Alta velocidade,77,SP,11349.85,4620,1281.34,Alta renda,1834.3408000000002,4108.308198418297,958.04,-0.33807122857402183,5,5,19,Thursday,2025-09,0,0,0,1,0,0,0,0,25,1,Alto,velocity_1h
TX-0013684,2025-08-03 18:45:00,ACC-01351,PIX,Internet Banking,60.95,MG,RISK-9597234,0,Outros,MER-1037,1,Novo dispositivo e local,45,SP,3161.53,3966,190.43,Varejo,239.50666666666666,280.1040115147705,149.575,-0.6374655818067461,1,1,18,Sunday,2025-08,1,0,0,0,0,1,0,0,25,1,Alto,new_device_location
TX-0047971,2025-08-03 19:42:49,ACC-01714,Transferencia,App,441.1,RJ,RISK-8174458,0,Restaurante,MER-0052,1,Novo dispositivo e local,50,MG,14820.02,4620,1930.7,Varejo,2249.837894736842,1642.048052130763,1677.15,-1.1015133767795517,1,1,19,Sunday,2025-08,1,0,0,0,0,1,0,0,25,1,Alto,new_device_location
TX-0015145,2025-08-04 08:45:10,ACC-00732,Transferencia,App,943.23,RS,RISK-8268927,0,Eletronicos,MER-0412,1,Novo dispositivo e local,18,SC,7757.04,4664,1138.67,Varejo,1341.7635,894.118646443907,1071.3449999999998,-0.4457277583741815,1,1,8,Monday,2025-08,1,0,0,0,0,1,0,0,25,1,Alto,new_device_location
TX-0022359,2025-08-08 17:04:00,ACC-01450,PIX,App,136.49,RJ,NEW-6598646,1,Mercado,MER-0846,1,Alta velocidade,77,MG,907.79,3136,35.73,Varejo,63.70851851851852,94.69910005679542,26.87,0.7685551545667391,5,5,17,Friday,2025-08,1,0,0,1,0,0,0,0,25,1,Alto,velocity_1h
TX-0018462,2025-02-17 14:03:00,ACC-00417,Cartao,POS,699.65,SC,DEV-00417-A,1,Mercado,MER-0636,1,Alta velocidade,55,PE,5268.08,3994,294.68,Empresarial,276.8213636363636,218.6574882429564,196.53500000000003,1.9337487124786676,4,4,14,Monday,2025-02,1,0,0,1,0,0,0,0,25,1,Alto,velocity_1h
TX-0023181,2025-02-18 06:37:48,ACC-00033,PIX,Internet Banking,1156.36,GO,RISK-5820591,0,Transporte,MER-0508,1,Novo dispositivo e local,37,PR,6581.71,2342,302.58,Varejo,409.1947619047619,282.1744675483423,356.74,2.6478839300626418,1,2,6,Tuesday,2025-02,1,0,0,0,0,1,0,0,25,1,Alto,new_device_location
TX-0038126,2025-02-15 20:33:50,ACC-00853,Transferencia,App,2178.17,PE,RISK-2893943,0,Transporte,MER-0141,1,Novo dispositivo e local,32,SP,11746.14,578,1071.46,Varejo,1408.4579999999999,645.0249755242041,1391.22,1.1933057311067132,1,1,20,Saturday,2025-02,1,0,0,0,0,1,0,0,25,1,Alto,new_device_location
TX-0003228,2025-12-09 15:17:01,ACC-02478,PIX,App,97.79,SP,NEW-6221198,0,Servicos,MER-1177,0,Normal,45,SC,3641.28,2343,136.83,Varejo,1653.2105,4736.412567774625,92.105,-0.32839632902393145,1,1,15,Tuesday,2025-12,1,0,0,0,0,1,0,0,25,1,Alto,new_device_location
TX-0043478,2025-12-09 16:55:44,ACC-01270,PIX,Internet Banking,524.61,SC,RISK-3257602,0,Transporte,MER-0768,1,Novo dispositivo e local,25,BA,5175.59,544,261.41,Alta renda,330.1122222222223,182.15899789035484,329.39,1.0677363184378619,1,1,16,Tuesday,2025-12,1,0,0,0,0,1,0,0,25,1,Alto,new_device_location
TX-0015029,2025-12-07 19:10:50,ACC-00919,PIX,Internet Banking,70.19,GO,RISK-2345168,0,Viagem,MER-0293,1,Novo dispositivo e local,23,BA,3140.7,3548,230.92,Alta renda,1044.9885,3409.6213021702897,226.52999999999997,-0.28589641300619567,1,1,19,Sunday,2025-12,1,0,0,0,0,1,0,0,25,1,Alto,new_device_location
TX-0017420,2025-12-07 21:39:36,ACC-01325,Transferencia,Internet Banking,241.81,SP,RISK-2150517,0,Mercado,MER-0370,1,Novo dispositivo e local,56,RJ,1457.01,1931,169.95,Digital,126.58470588235295,99.87831228034736,63.61,1.1536567998287999,1,1,21,Sunday,2025-12,1,0,0,0,0,1,0,0,25,1,Alto,new_device_location
TX-0045310,2025-09-26 20:44:35,ACC-01330,PIX,Internet Banking,179.52,MG,NEW-5996439,0,Transporte,MER-0748,0,Normal,49,SP,2966.39,3236,474.58,Alta renda,2225.3900000000003,4596.618356499185,582.9449999999999,-0.44508154502479697,1,1,20,Friday,2025-09,1,0,0,0,0,1,0,0,25,1,Alto,new_device_location
TX-0049664,2025-10-01 11:12:45,ACC-02207,Transferencia,Internet Banking,2675.77,SP,NEW-4823588,0,Outros,MER-0960,0,Normal,70,GO,9450.97,3453,1492.43,Varejo,2675.3285714285716,3265.182905514308,1490.23,0.00013519260151792376,1,1,11,Wednesday,2025-10,1,0,0,0,0,1,0,0,25,1,Alto,new_device_location
TX-0004635,2025-09-28 00:42:37,ACC-00557,Cartao,Carteira digital,694.34,SC,RISK-4938036,0,Eletronicos,MER-0711,1,Novo dispositivo e local,43,RJ,5366.86,3833,520.48,Digital,720.3585185185185,771.8598138597235,452.45,-0.03370886532932914,1,1,0,Sunday,2025-09,1,0,0,0,0,1,0,0,25,1,Alto,new_device_location
TX-0041450,2025-09-26 14:37:53,ACC-00408,PIX,App,803.49,DF,RISK-9531213,0,Viagem,MER-0691,1,Novo dispositivo e local,77,SP,11467.72,786,1252.72,Alta renda,1491.9029411764704,1146.558547844182,1307.58,-0.6004167362153984,1,1,14,Friday,2025-09,1,0,0,0,0,1,0,0,25,1,Alto,new_device_location
TX-0038990,2025-02-18 12:58:22,ACC-00336,Cartao,Carteira digital,53.63,SP,NEW-5739722,0,Eletronicos,MER-1032,0,Normal,26,MG,2865.32,4852,147.28,Digital,208.29299999999998,150.68941757626405,160.325,-1.0263693528560152,1,1,12,Tuesday,2025-02,1,0,0,0,0,1,0,0,25,1,Alto,new_device_location
TX-0047764,2025-02-18 19:49:18,ACC-01193,Cartao,E-commerce,859.93,BA,NEW-0786018,0,Outros,MER-0097,0,Normal,65,RJ,13483.5,51,440.27,Empresarial,1541.42,3512.2812407055,553.33,-0.19403058960708727,1,1,19,Tuesday,2025-02,1,0,0,0,0,1,0,0,25,1,Alto,new_device_location
TX-0026452,2025-02-19 11:53:53,ACC-00127,Cartao,POS,58.69,DF,RISK-7869498,0,Viagem,MER-0525,1,Novo dispositivo e local,56,PE,4393.97,606,130.55,Alta renda,147.00275862068966,116.39586436862017,119.59,-0.7587276326331265,1,1,11,Wednesday,2025-02,1,0,0,0,0,1,0,0,25,1,Alto,new_device_location
TX-0015737,2025-02-19 19:59:33,ACC-01934,PIX,Internet Banking,173.23,SP,NEW-7079110,0,Viagem,MER-0789,0,Normal,25,GO,5278.75,2431,153.17,Varejo,1470.9566666666667,4422.383424334014,127.425,-0.2934450820175315,1,1,19,Wednesday,2025-02,1,0,0,0,0,1,0,0,25,1,Alto,new_device_location
TX-0005583,2025-02-17 11:24:40,ACC-01225,PIX,Internet Banking,97.12,SP,NEW-4978700,0,Transporte,MER-0122,0,Normal,70,SC,2574.01,975,237.1,Varejo,351.74,448.96885356746543,178.73000000000002,-0.5671217456997579,1,1,11,Monday,2025-02,1,0,0,0,0,1,0,0,25,1,Alto,new_device_location
TX-0038429,2025-07-25 17:14:55,ACC-01159,PIX,App,155.3,PR,RISK-2280976,0,Mercado,MER-0434,1,Novo dispositivo e local,75,SP,2462.15,3292,245.07,Varejo,272.7991666666667,186.4505306781172,186.76,-0.6301894998063258,1,1,17,Friday,2025-07,1,0,0,0,0,1,0,0,25,1,Alto,new_device_location
TX-0010976,2025-07-26 10:24:28,ACC-01775,Cartao,E-commerce,455.16,RS,NEW-7151185,0,Mercado,MER-0149,0,Normal,33,BA,6436.38,317,669.46,Varejo,745.2064,703.9241526488015,455.16,-0.41204211974909827,1,1,10,Saturday,2025-07,1,0,0,0,0,1,0,0,25,1,Alto,new_device_location
TX-0024498,2025-07-26 13:03:22,ACC-00921,PIX,Internet Banking,258.31,SC,RISK-9011374,0,Transporte,MER-0956,1,Novo dispositivo e local,73,SP,985.75,3725,123.4,Digital,127.14142857142856,83.22959589507295,102.15,1.5759847205546316,1,2,13,Saturday,2025-07,1,0,0,0,0,1,0,0,25,1,Alto,new_device_location
TX-0038880,2025-07-26 18:07:56,ACC-02196,Cartao,E-commerce,117.34,PE,RISK-7424467,0,Viagem,MER-0286,1,Novo dispositivo e local,58,SP,1591.34,4572,111.36,Varejo,104.685,45.16300922214993,91.875,0.28020719207951783,1,1,18,Saturday,2025-07,1,0,0,0,0,1,0,0,25,1,Alto,new_device_location
TX-0010628,2025-09-29 20:20:52,ACC-02248,PIX,Internet Banking,231.89,SP,NEW-9103066,0,Restaurante,MER-0814,0,Normal,77,PR,5187.92,923,204.83,Varejo,241.75681818181818,176.07145706830465,221.8,-0.056038714883755884,1,1,20,Monday,2025-09,1,0,0,0,0,1,0,0,25,1,Alto,new_device_location
TX-0045029,2025-09-30 09:49:21,ACC-00890,PIX,App,1185.59,GO,RISK-1055944,0,Transporte,MER-0927,1,Novo dispositivo e local,43,SP,7874.76,1613,1087.97,Varejo,1853.094,3169.1129041973245,1063.81,-0.21062802752023316,1,1,9,Tuesday,2025-09,1,0,0,0,0,1,0,0,25,1,Alto,new_device_location
TX-0042697,2025-09-30 18:43:53,ACC-00559,Boleto,App,638.61,MG,RISK-3903247,0,Restaurante,MER-0032,1,Novo dispositivo e local,45,SP,1815.22,3418,286.18,Digital,393.3190909090909,262.893733909903,286.77,0.9330420525541069,1,1,18,Tuesday,2025-09,1,0,0,0,0,1,0,0,25,1,Alto,new_device_location
TX-0042914,2025-10-01 06:47:04,ACC-00304,Transferencia,Internet Banking,2147.33,MG,NEW-6639479,0,Outros,MER-0649,0,Normal,73,SP,10845.66,4438,762.89,Varejo,840.8305555555556,633.7097089034511,604.6600000000001,2.0616686569394127,1,1,6,Wednesday,2025-10,1,0,0,0,0,1,0,0,25,1,Alto,new_device_location
TX-0000950,2025-08-06 18:02:00,ACC-01734,Cartao,POS,53.13,SP,DEV-01734-A,1,Outros,MER-0644,1,Alta velocidade,18,BA,719.35,3412,92.12,Varejo,190.1142857142857,216.88422710316578,109.37,-0.631600958464933,3,3,18,Wednesday,2025-08,1,0,0,1,0,0,0,0,25,1,Alto,velocity_1h
TX-0001188,2025-08-06 18:04:00,ACC-01734,Cartao,E-commerce,294.12,PR,DEV-01734-A,1,Eletronicos,MER-1196,1,Alta velocidade,18,BA,719.35,3412,92.12,Varejo,190.1142857142857,216.88422710316578,109.37,0.47954485060936075,5,5,18,Wednesday,2025-08,1,0,0,1,0,0,0,0,25,1,Alto,velocity_1h
TX-0007716,2025-08-05 04:19:32,ACC-00103,Cartao,Carteira digital,516.53,BA,RISK-8281985,0,Viagem,MER-0029,1,Novo dispositivo e local,57,SP,7084.69,1811,509.55,Empresarial,589.6,368.459678011041,447.95,-0.19831206604324964,1,1,4,Tuesday,2025-08,1,0,0,0,0,1,0,0,25,1,Alto,new_device_location
TX-0025360,2025-08-05 11:41:35,ACC-00489,Transferencia,App,106.22,SP,NEW-6158452,0,Outros,MER-0205,0,Normal,43,SC,2361.87,2172,234.52,Varejo,1248.9945,3462.654937328437,229.535,-0.3300284090339339,1,1,11,Tuesday,2025-08,1,0,0,0,0,1,0,0,25,1,Alto,new_device_location
TX-0019257,2025-09-25 06:24:36,ACC-01115,Cartao,E-commerce,286.88,SP,NEW-4792798,0,Restaurante,MER-0417,0,Normal,19,PR,1485.96,4247,201.29,Varejo,223.9362962962963,157.74053381687253,219.91,0.39903316021979257,1,1,6,Thursday,2025-09,1,0,0,0,0,1,0,0,25,1,Alto,new_device_location
TX-0038001,2025-09-25 08:02:00,ACC-00773,Transferencia,Internet Banking,657.59,SP,DEV-00773-A,1,Servicos,MER-0264,1,Alta velocidade,30,PR,9574.07,2157,1010.15,Digital,1825.4215789473685,2435.918399329463,678.89,-0.47942146964727483,3,3,8,Thursday,2025-09,1,0,0,1,0,0,0,0,25,1,Alto,velocity_1h
TX-0023536,2025-09-25 08:03:00,ACC-00773,Transferencia,App,25.84,SP,DEV-00773-A,1,Transporte,MER-0229,1,Alta velocidade,30,PR,9574.07,2157,1010.15,Digital,1825.4215789473685,2435.918399329463,678.89,-0.7387692376898752,4,4,8,Thursday,2025-09,1,0,0,1,0,0,0,0,25,1,Alto,velocity_1h
TX-0000255,2025-09-25 08:04:00,ACC-00773,PIX,Internet Banking,329.96,PE,DEV-00773-A,1,Transporte,MER-0146,1,Alta velocidade,30,PR,9574.07,2157,1010.15,Digital,1825.4215789473685,2435.918399329463,678.89,-0.6139210489805509,5,5,8,Thursday,2025-09,1,0,0,1,0,0,0,0,25,1,Alto,velocity_1h
TX-0042591,2025-02-11 19:55:50,ACC-00171,PIX,App,541.16,DF,RISK-1817930,0,Transporte,MER-1014,1,Novo dispositivo e local,77,BA,4819.79,4609,229.79,Varejo,303.3754166666667,207.11125516786905,256.725,1.1481007304050312,1,1,19,Tuesday,2025-02,1,0,0,0,0,1,0,0,25,1,Alto,new_device_location
TX-0042235,2025-02-11 20:43:47,ACC-01803,Cartao,Carteira digital,121.27,RJ,RISK-2815673,0,Viagem,MER-1182,1,Novo dispositivo e local,76,SP,6596.19,1671,767.32,Varejo,867.7405882352941,577.2810391013049,586.77,-1.2930800384460552,1,1,20,Tuesday,2025-02,1,0,0,0,0,1,0,0,25,1,Alto,new_device_location
TX-0010635,2025-02-11 23:08:22,ACC-00557,Cartao,Carteira digital,390.32,BA,RISK-7022163,0,Viagem,MER-0136,1,Novo dispositivo e local,43,RJ,5366.86,3833,520.48,Digital,720.3585185185185,771.8598138597235,452.45,-0.427588679436677,1,1,23,Tuesday,2025-02,1,0,0,0,0,1,0,0,25,1,Alto,new_device_location
TX-0017449,2025-02-20 20:55:38,ACC-01558,Cartao,POS,305.8,MG,RISK-8781806,0,Transporte,MER-0312,1,Novo dispositivo e local,26,PR,4651.2,1174,339.75,Alta renda,353.9271428571429,277.43606359200777,285.94,-0.1734711134307245,1,1,20,Thursday,2025-02,1,0,0,0,0,1,0,0,25,1,Alto,new_device_location
TX-0002276,2025-02-18 08:40:40,ACC-01880,Transferencia,App,1185.75,DF,RISK-9803222,0,Restaurante,MER-0874,1,Novo dispositivo e local,59,SP,14670.47,4888,1036.56,Varejo,1591.6066666666666,1203.468307246654,1182.38,-0.33723918130856534,1,1,8,Tuesday,2025-02,1,0,0,0,0,1,0,0,25,1,Alto,new_device_location
TX-0011193,2025-08-07 13:34:23,ACC-01356,Cartao,Carteira digital,157.18,SP,NEW-2943757,0,Eletronicos,MER-0761,0,Normal,69,RJ,1227.75,1805,151.17,Varejo,194.987,182.2785643805425,129.545,-0.20741330791409138,1,1,13,Thursday,2025-08,1,0,0,0,0,1,0,0,25,1,Alto,new_device_location
TX-0002456,2025-08-08 17:02:00,ACC-01450,Cartao,POS,227.26,MG,NEW-6598646,1,Viagem,MER-0889,1,Alta velocidade,77,MG,907.79,3136,35.73,Varejo,63.70851851851852,94.69910005679542,26.87,1.7270647913590742,3,3,17,Friday,2025-08,0,0,0,1,0,0,0,0,25,1,Alto,velocity_1h
TX-0047609,2025-08-06 17:10:53,ACC-01261,PIX,Internet Banking,1148.77,SP,NEW-3290167,0,Transporte,MER-0086,0,Normal,24,RJ,2293.73,1329,238.36,Alta renda,285.5086956521739,311.79264676302756,184.91,2.768703217699462,1,2,17,Wednesday,2025-08,1,0,0,0,0,1,0,0,25,1,Alto,new_device_location
TX-0003271,2025-02-14 10:27:50,ACC-02443,PIX,App,230.52,MG,RISK-1956318,0,Viagem,MER-0016,1,Novo dispositivo e local,36,DF,2473.15,3029,212.69,Empresarial,190.67058823529413,147.9185908477442,174.65,0.2694009693867604,1,1,10,Friday,2025-02,1,0,0,0,0,1,0,0,25,1,Alto,new_device_location
TX-0013490,2025-02-14 15:12:40,ACC-01884,Cartao,Carteira digital,484.84,BA,RISK-8690394,0,Transporte,MER-0122,1,Novo dispositivo e local,19,GO,2667.37,784,349.63,Empresarial,391.4083333333333,391.4805264485142,299.51,0.2386623608440314,1,1,15,Friday,2025-02,1,0,0,0,0,1,0,0,25,1,Alto,new_device_location
TX-0003692,2025-02-15 08:10:09,ACC-01769,PIX,App,156.77,GO,RISK-6518996,0,Viagem,MER-0537,1,Novo dispositivo e local,23,SP,2006.12,3210,252.99,Empresarial,232.43304347826088,163.02403580272178,199.66,-0.46412201185978513,1,2,8,Saturday,2025-02,1,0,0,0,0,1,0,0,25,1,Alto,new_device_location
TX-0017436,2025-02-15 12:01:00,ACC-01204,Cartao,E-commerce,237.36,DF,DEV-01204-A,0,Restaurante,MER-0237,1,Alta velocidade,36,SP,3436.47,702,359.75,Varejo,440.3527272727273,378.48752101441386,313.92999999999995,-0.5363260768245957,2,2,12,Saturday,2025-02,1,0,0,0,0,1,0,0,25,1,Alto,new_device_location
TX-0008849,2025-02-13 07:02:00,ACC-00293,PIX,Internet Banking,84.22,RJ,DEV-00293-A,1,Transporte,MER-0401,1,Alta velocidade,38,SP,5288.33,2165,153.11,Empresarial,253.7084848484849,360.9139325649643,128.57,-0.469609149316997,3,3,7,Thursday,2025-02,1,0,0,1,0,0,0,0,25,1,Alto,velocity_1h
TX-0031062,2025-02-13 07:03:00,ACC-00293,Cartao,Carteira digital,127.89,GO,DEV-00293-A,1,Transporte,MER-0993,1,Alta velocidade,38,SP,5288.33,2165,153.11,Empresarial,253.7084848484849,360.9139325649643,128.57,-0.34861077253047756,4,4,7,Thursday,2025-02,1,0,0,1,0,0,0,0,25,1,Alto,velocity_1h
TX-0036803,2025-02-11 09:58:43,ACC-01343,PIX,Internet Banking,67.89,RJ,RISK-9753539,0,Viagem,MER-0560,1,Novo dispositivo e local,59,SP,2918.46,2069,117.37,Varejo,115.94312500000001,78.72563536051435,88.05000000000001,-0.6103872617851434,1,1,9,Tuesday,2025-02,1,0,0,0,0,1,0,0,25,1,Alto,new_device_location
TX-0024416,2025-02-11 14:25:57,ACC-00343,Cartao,Carteira digital,155.18,GO,RISK-6928456,0,Transporte,MER-0246,1,Novo dispositivo e local,74,PE,5110.47,4241,623.86,Empresarial,1226.2729166666666,3096.749780972301,408.09000000000003,-0.34587648096333135,1,1,14,Tuesday,2025-02,1,0,0,0,0,1,0,0,25,1,Alto,new_device_location
TX-0006064,2025-02-15 12:02:00,ACC-00329,Boleto,App,308.99,RS,DEV-00329-A,1,Eletronicos,MER-0306,1,Alta velocidade,59,SP,2659.7,1412,236.32,Varejo,326.36551724137934,285.79483745944907,188.02,-0.06079716973139765,3,3,12,Saturday,2025-02,1,0,0,1,0,0,0,0,25,1,Alto,velocity_1h
TX-0005937,2025-02-15 12:02:00,ACC-01204,Cartao,E-commerce,315.85,SP,DEV-01204-A,1,Viagem,MER-0519,1,Alta velocidade,36,SP,3436.47,702,359.75,Varejo,440.3527272727273,378.48752101441386,313.92999999999995,-0.3289480375443762,3,3,12,Saturday,2025-02,0,0,0,1,0,0,0,0,25,1,Alto,velocity_1h
TX-0048491,2025-02-15 12:03:00,ACC-01204,Transferencia,Internet Banking,268.57,SP,DEV-01204-A,1,Mercado,MER-0774,1,Alta velocidade,36,SP,3436.47,702,359.75,Varejo,440.3527272727273,378.48752101441386,313.92999999999995,-0.4538662907889778,4,4,12,Saturday,2025-02,0,0,0,1,0,0,0,0,25,1,Alto,velocity_1h
TX-0012718,2025-02-15 12:03:00,ACC-00329,PIX,Internet Banking,188.02,DF,DEV-00329-A,1,Eletronicos,MER-0816,1,Alta velocidade,59,SP,2659.7,1412,236.32,Varejo,326.36551724137934,285.79483745944907,188.02,-0.4840728351540252,4,4,12,Saturday,2025-02,1,0,0,1,0,0,0,0,25,1,Alto,velocity_1h
TX-0048066,2025-02-15 12:04:00,ACC-00329,Transferencia,Internet Banking,103.64,RJ,DEV-00329-A,1,Restaurante,MER-0635,1,Alta velocidade,59,SP,2659.7,1412,236.32,Varejo,326.36551724137934,285.79483745944907,188.02,-0.7793195959076115,5,5,12,Saturday,2025-02,1,0,0,1,0,0,0,0,25,1,Alto,velocity_1h
TX-0014251,2025-02-15 12:04:00,ACC-01204,Boleto,App,178.79,MG,DEV-01204-A,1,Eletronicos,MER-0853,1,Alta velocidade,36,SP,3436.47,702,359.75,Varejo,440.3527272727273,378.48752101441386,313.92999999999995,-0.691073583011912,5,5,12,Saturday,2025-02,1,0,0,1,0,0,0,0,25,1,Alto,velocity_1h
TX-0026246,2025-02-13 16:22:54,ACC-00859,PIX,App,260.29,GO,RISK-8021266,0,Outros,MER-0305,1,Novo dispositivo e local,28,MG,1714.66,115,256.11,Varejo,259.989375,152.81591123390913,204.42000000000002,0.0019672362489784882,1,1,16,Thursday,2025-02,1,0,0,0,0,1,0,0,25,1,Alto,new_device_location
TX-0042927,2025-02-13 20:00:05,ACC-00820,Boleto,Internet Banking,303.93,RS,RISK-5958917,0,Restaurante,MER-0913,1,Novo dispositivo e local,60,SC,1465.26,1516,219.89,Digital,273.55695652173915,240.89028563444282,228.51,0.12608662652487668,1,1,20,Thursday,2025-02,1,0,0,0,0,1,0,0,25,1,Alto,new_device_location
TX-0020062,2025-08-14 11:14:02,ACC-02165,Saque,ATM,176.56,SP,NEW-6818237,0,Restaurante,MER-0525,0,Normal,62,PR,1925.31,2405,181.41,Varejo,179.6263157894737,113.96002267903357,173.92,-0.02690694260486343,1,1,11,Thursday,2025-08,1,0,0,0,0,1,0,0,25,1,Alto,new_device_location
TX-0003817,2025-08-12 09:04:00,ACC-01710,Cartao,POS,574.33,RS,DEV-01710-A,1,Servicos,MER-0862,1,Alta velocidade,75,BA,2603.27,1124,296.63,Varejo,435.60450000000003,530.4377850762321,309.38,0.26153019996504023,5,5,9,Tuesday,2025-08,1,0,0,1,0,0,0,0,25,1,Alto,velocity_1h
TX-0013211,2025-08-12 10:30:43,ACC-01262,Transferencia,App,181.86,MG,RISK-8414019,0,Outros,MER-0494,1,Novo dispositivo e local,49,SC,1453.46,4689,176.26,Empresarial,224.7027272727273,178.2888920314953,181.86,-0.24029947566873078,1,1,10,Tuesday,2025-08,1,0,0,0,0,1,0,0,25,1,Alto,new_device_location
TX-0009453,2025-08-13 08:36:55,ACC-01366,PIX,Internet Banking,253.04,PR,RISK-2229147,0,Transporte,MER-1021,1,Novo dispositivo e local,26,DF,2824.6,2739,444.89,Varejo,518.8942105263158,608.4924754151377,345.4,-0.43690632385378225,1,1,8,Wednesday,2025-08,1,0,0,0,0,1,0,0,25,1,Alto,new_device_location
TX-0009529,2025-08-11 10:26:47,ACC-00445,Cartao,Carteira digital,85.69,RS,RISK-2172477,0,Transporte,MER-0453,1,Novo dispositivo e local,61,GO,1481.14,2052,109.51,Varejo,129.19875,84.1593307067018,102.36,-0.516980703561314,1,1,10,Monday,2025-08,1,0,0,0,0,1,0,0,25,1,Alto,new_device_location
TX-0049319,2025-08-12 08:47:05,ACC-01521,Cartao,E-commerce,551.7,DF,RISK-6547827,0,Eletronicos,MER-0941,1,Novo dispositivo e local,65,SP,4046.53,2869,550.85,Varejo,561.895238095238,306.55648214674966,527.09,-0.033257290871303406,1,1,8,Tuesday,2025-08,1,0,0,0,0,1,0,0,25,1,Alto,new_device_location
TX-0001865,2025-08-12 09:03:00,ACC-01710,PIX,App,65.85,SP,DEV-01710-A,1,Transporte,MER-0780,1,Alta velocidade,75,BA,2603.27,1124,296.63,Varejo,435.60450000000003,530.4377850762321,309.38,-0.6970742100260836,4,4,9,Tuesday,2025-08,1,0,0,1,0,0,0,0,25,1,Alto,velocity_1h
TX-0030852,2025-08-09 16:51:48,ACC-01523,Cartao,Carteira digital,289.66,PE,RISK-5236065,0,Transporte,MER-0608,1,Novo dispositivo e local,65,SP,1543.6,4121,230.53,Varejo,339.64285714285717,304.7570016446358,289.66,-0.16400888863298382,1,1,16,Saturday,2025-08,1,0,0,0,0,1,0,0,25,1,Alto,new_device_location
TX-0038049,2025-02-06 20:16:14,ACC-02112,PIX,App,64.76,RS,RISK-8592491,0,Outros,MER-0041,1,Novo dispositivo e local,53,SP,1047.09,3481,64.13,Digital,67.54882352941176,51.055168186280724,57.73,-0.05462372622564694,1,1,20,Thursday,2025-02,1,0,0,0,0,1,0,0,25,1,Alto,new_device_location
TX-0010447,2025-02-07 09:03:00,ACC-01531,PIX,Internet Banking,867.1,SP,DEV-01531-A,1,Mercado,MER-0270,1,Alta velocidade,29,RS,2082.42,98,289.43,Empresarial,342.7282608695652,189.80187631154595,348.67,2.762732114774866,4,4,9,Friday,2025-02,1,0,0,1,0,0,0,0,25,1,Alto,velocity_1h
TX-0003033,2025-02-07 09:04:00,ACC-01531,Cartao,POS,493.32,DF,DEV-01531-A,1,Restaurante,MER-0385,1,Alta velocidade,29,RS,2082.42,98,289.43,Empresarial,342.7282608695652,189.80187631154595,348.67,0.7934154395989713,5,5,9,Friday,2025-02,1,0,0,1,0,0,0,0,25,1,Alto,velocity_1h
TX-0025223,2025-02-15 12:01:00,ACC-00329,Cartao,Carteira digital,132.14,DF,DEV-00329-A,0,Mercado,MER-0600,1,Alta velocidade,59,SP,2659.7,1412,236.32,Varejo,326.36551724137934,285.79483745944907,188.02,-0.6795977106092327,2,2,12,Saturday,2025-02,1,0,0,0,0,1,0,0,25,1,Alto,new_device_location
TX-0030869,2025-09-23 09:43:43,ACC-00982,Boleto,Internet Banking,59.61,BA,RISK-0623133,0,Viagem,MER-0957,1,Novo dispositivo e local,74,SP,1289.98,4936,99.72,Varejo,759.4227999999999,3073.417576921388,100.83,-0.2276985741394098,1,1,9,Tuesday,2025-09,1,0,0,0,0,1,0,0,25,1,Alto,new_device_location
TX-0028557,2025-09-23 09:54:25,ACC-01075,PIX,App,98.6,GO,RISK-6621222,0,Eletronicos,MER-0482,1,Novo dispositivo e local,38,BA,3747.01,1556,199.9,Digital,183.46105263157892,82.7933290988764,163.43,-1.0249745185416224,1,1,9,Tuesday,2025-09,1,0,0,0,0,1,0,0,25,1,Alto,new_device_location
TX-0038879,2025-08-13 14:31:47,ACC-02316,PIX,Internet Banking,266.69,SP,RISK-5933634,0,Outros,MER-1111,1,Novo dispositivo e local,55,RJ,3946.8,1470,260.16,Empresarial,288.55583333333334,229.58851501188454,238.41,-0.09523922976809823,1,1,14,Wednesday,2025-08,1,0,0,0,0,1,0,0,25,1,Alto,new_device_location
TX-0040156,2025-08-13 14:52:50,ACC-02086,PIX,Internet Banking,2861.84,RS,RISK-0877279,0,Transporte,MER-1124,1,Novo dispositivo e local,53,SP,8165.69,4093,1127.5,Digital,1636.0199999999998,1837.333224864587,1150.805,0.6671734791550098,1,2,14,Wednesday,2025-08,1,0,0,0,0,1,0,0,25,1,Alto,new_device_location
TX-0016701,2025-02-10 04:06:10,ACC-00672,PIX,App,117.36,SP,NEW-9091441,0,Mercado,MER-0794,0,Normal,77,PE,1381.84,1472,43.0,Varejo,1179.6948275862069,3060.282404480976,56.83,-0.3471362074397768,1,1,4,Monday,2025-02,1,0,0,0,0,1,0,0,25,1,Alto,new_device_location
TX-0049769,2025-02-10 09:00:46,ACC-00185,Cartao,POS,593.42,RS,RISK-2121223,0,Outros,MER-0609,1,Novo dispositivo e local,71,MG,6244.82,2395,893.32,Empresarial,1250.234,1472.3144017639938,867.68,-0.44610987925749074,1,1,9,Monday,2025-02,1,0,0,0,0,1,0,0,25,1,Alto,new_device_location
TX-0014838,2025-02-09 01:34:07,ACC-01025,Boleto,Internet Banking,1650.38,SP,RISK-7076532,0,Transporte,MER-0358,1,Novo dispositivo e local,23,PR,10228.54,219,891.22,Digital,854.1203703703703,619.8472981585651,696.11,1.2846061150789048,1,1,1,Sunday,2025-02,1,0,0,0,0,1,0,0,25,1,Alto,new_device_location
TX-0006716,2025-02-09 07:06:53,ACC-02433,PIX,App,1192.22,RJ,NEW-1511012,0,Outros,MER-1174,0,Normal,40,GO,3225.73,619,364.06,Digital,801.1641666666666,569.4395656569766,500.055,0.6867380788375016,1,1,7,Sunday,2025-02,1,0,0,0,0,1,0,0,25,1,Alto,new_device_location
TX-0004233,2025-02-09 17:06:47,ACC-01706,PIX,Internet Banking,320.12,PE,RISK-7127617,0,Viagem,MER-1060,1,Novo dispositivo e local,24,SP,7709.92,2712,699.99,Varejo,793.6659999999999,703.2589581250693,594.075,-0.6733593572167244,1,1,17,Sunday,2025-02,1,0,0,0,0,1,0,0,25,1,Alto,new_device_location
TX-0014160,2025-02-07 13:00:39,ACC-00376,Cartao,Carteira digital,176.49,SP,NEW-9293385,0,Eletronicos,MER-0318,0,Normal,45,GO,3883.76,3496,532.05,Varejo,592.3000000000001,398.4581219456374,398.19,-1.043547557694733,1,1,13,Friday,2025-02,1,0,0,0,0,1,0,0,25,1,Alto,new_device_location
TX-0000111,2025-02-08 11:06:52,ACC-00487,Cartao,Carteira digital,155.03,DF,NEW-2725073,0,Viagem,MER-0410,0,Normal,20,BA,3527.95,3186,288.92,Digital,361.9822727272727,212.00319563925305,328.41999999999996,-0.9761752510534083,1,1,11,Saturday,2025-02,1,0,0,0,0,1,0,0,25,1,Alto,new_device_location
TX-0005824,2025-02-08 11:32:06,ACC-00217,Cartao,Carteira digital,279.38,SC,NEW-7800005,0,Servicos,MER-0287,0,Normal,57,SP,2490.45,1375,278.06,Empresarial,979.4120833333333,3099.7403486855774,290.06,-0.225835716733557,1,1,11,Saturday,2025-02,1,0,0,0,0,1,0,0,25,1,Alto,new_device_location
TX-0026807,2025-09-25 11:42:57,ACC-00201,PIX,Internet Banking,84.08,MG,RISK-5796494,0,Viagem,MER-0268,1,Novo dispositivo e local,75,PE,4264.46,992,248.09,Varejo,333.00894736842105,239.76562861573186,301.86,-1.0382178163133429,1,1,11,Thursday,2025-09,1,0,0,0,0,1,0,0,25,1,Alto,new_device_location
TX-0037803,2025-09-25 16:38:01,ACC-01529,Cartao,Carteira digital,74.68,PR,NEW-9913461,0,Outros,MER-0636,0,Normal,50,GO,1403.48,1224,61.5,Varejo,89.21277777777777,106.24455334443964,48.019999999999996,-0.13678609698384456,1,1,16,Thursday,2025-09,1,0,0,0,0,1,0,0,25,1,Alto,new_device_location
TX-0033508,2025-09-24 09:01:46,ACC-00022,Cartao,E-commerce,498.48,SP,NEW-5519192,0,Mercado,MER-0834,0,Normal,23,MG,5865.27,1573,903.13,Digital,1065.67,920.2547223587223,672.315,-0.6163402221356981,1,1,9,Wednesday,2025-09,1,0,0,0,0,1,0,0,25,1,Alto,new_device_location
TX-0031368,2025-09-24 13:24:41,ACC-01332,Boleto,App,691.22,PR,NEW-4224553,0,Outros,MER-1086,0,Normal,66,RJ,9057.18,1883,382.89,Digital,624.298,552.6208229175818,420.83,0.12109930937217112,1,1,13,Wednesday,2025-09,1,0,0,0,0,1,0,0,25,1,Alto,new_device_location
TX-0021109,2025-09-24 16:55:51,ACC-01779,Saque,ATM,153.23,DF,RISK-1269675,0,Servicos,MER-0207,1,Novo dispositivo e local,52,RJ,2643.33,2195,127.47,Empresarial,157.2248,151.02344523064403,126.67,-0.02645152210571751,1,1,16,Wednesday,2025-09,1,0,0,0,0,1,0,0,25,1,Alto,new_device_location
TX-0013428,2025-09-23 15:10:32,ACC-00025,Cartao,POS,96.21,SC,NEW-0420268,0,Outros,MER-1017,0,Normal,75,PR,5809.17,1063,185.07,Digital,205.28736842105263,168.14831613925796,127.65,-0.6486973579367656,1,1,15,Tuesday,2025-09,1,0,0,0,0,1,0,0,25,1,Alto,new_device_location
TX-0008581,2025-12-11 09:44:36,ACC-01923,Cartao,E-commerce,582.78,SC,RISK-4472161,0,Eletronicos,MER-0247,1,Novo dispositivo e local,28,SP,2562.09,2506,250.86,Varejo,325.14666666666665,270.58337734113184,213.68,0.9521402824702272,1,1,9,Thursday,2025-12,1,0,0,0,0,1,0,0,25,1,Alto,new_device_location
TX-0004010,2025-12-11 14:43:28,ACC-01930,Cartao,Carteira digital,45.82,MG,RISK-5960568,0,Outros,MER-0032,1,Novo dispositivo e local,29,SP,1293.08,322,66.81,Empresarial,62.12785714285714,33.31754473791005,55.915,-0.48946755444141116,1,1,14,Thursday,2025-12,1,0,0,0,0,1,0,0,25,1,Alto,new_device_location
TX-0046741,2025-12-12 22:12:44,ACC-02468,PIX,App,551.74,SC,NEW-6520254,0,Eletronicos,MER-0606,0,Normal,40,BA,3099.47,739,223.72,Varejo,203.21125,155.21669231003045,155.265,2.24543343124364,1,1,22,Friday,2025-12,1,0,0,0,0,1,0,0,25,1,Alto,new_device_location
TX-0039877,2025-08-18 07:53:00,ACC-01293,Cartao,E-commerce,181.4,SC,RISK-9228098,0,Outros,MER-0315,1,Novo dispositivo e local,20,SP,1966.43,1626,303.85,Digital,345.09548387096777,210.0868092771606,299.62,-0.7791802085727796,1,2,7,Monday,2025-08,1,0,0,0,0,1,0,0,25,1,Alto,new_device_location
TX-0000798,2025-08-18 08:44:38,ACC-02439,Cartao,E-commerce,92.99,PR,RISK-6248358,0,Outros,MER-1042,1,Novo dispositivo e local,33,RJ,2417.97,4049,208.3,Varejo,968.0880952380952,3335.508946218881,174.54,-0.26235819161273805,1,2,8,Monday,2025-08,1,0,0,0,0,1,0,0,25,1,Alto,new_device_location
TX-0034994,2025-08-18 20:39:19,ACC-00005,PIX,Internet Banking,518.02,PR,RISK-2502943,0,Viagem,MER-0023,1,Novo dispositivo e local,36,SP,5795.82,2771,854.19,Empresarial,2078.580769230769,3983.7559308189784,763.505,-0.3917310187499237,1,1,20,Monday,2025-08,1,0,0,0,0,1,0,0,25,1,Alto,new_device_location
TX-0044784,2025-08-16 11:03:48,ACC-01068,Cartao,E-commerce,563.57,BA,NEW-0552525,0,Mercado,MER-0778,0,Normal,59,SP,4345.87,2018,624.72,Alta renda,787.7242857142857,391.5919485838726,748.19,-0.572418014529927,1,1,11,Saturday,2025-08,1,0,0,0,0,1,0,0,25,1,Alto,new_device_location
TX-0041395,2025-08-16 11:12:12,ACC-01216,PIX,App,58.18,BA,RISK-4708632,0,Viagem,MER-1000,1,Novo dispositivo e local,76,SP,3963.19,3093,345.48,Alta renda,1248.9389999999999,3374.778674536185,400.375,-0.35284062003374267,1,1,11,Saturday,2025-08,1,0,0,0,0,1,0,0,25,1,Alto,new_device_location
TX-0041731,2025-08-16 17:39:34,ACC-02095,PIX,Internet Banking,697.3,MG,NEW-5108245,0,Eletronicos,MER-0745,0,Normal,59,RJ,2227.46,2564,193.86,Varejo,879.9754166666667,3117.860146360111,238.35000000000002,-0.058589997014435624,1,1,17,Saturday,2025-08,1,0,0,0,0,1,0,0,25,1,Alto,new_device_location
TX-0038109,2025-08-17 08:12:14,ACC-02101,PIX,Internet Banking,432.28,RJ,RISK-5756958,0,Restaurante,MER-0999,1,Novo dispositivo e local,35,MG,5538.65,3951,601.78,Varejo,1070.0252631578946,870.809627998683,707.91,-0.7323589940359033,1,1,8,Sunday,2025-08,1,0,0,0,0,1,0,0,25,1,Alto,new_device_location
TX-0002689,2025-12-15 19:02:00,ACC-00567,Boleto,Internet Banking,43.34,SP,DEV-00567-A,1,Eletronicos,MER-0300,1,Alta velocidade,48,RJ,8799.35,3923,1169.53,Varejo,1202.6506896551725,1082.2186071740744,1131.37,-1.0712352217657795,3,3,19,Monday,2025-12,1,0,0,1,0,0,0,0,25,1,Alto,velocity_1h
TX-0033915,2025-12-15 19:03:00,ACC-00567,Cartao,POS,559.36,SP,DEV-00567-A,1,Mercado,MER-1127,1,Alta velocidade,48,RJ,8799.35,3923,1169.53,Varejo,1202.6506896551725,1082.2186071740744,1131.37,-0.5944184339381807,4,4,19,Monday,2025-12,1,0,0,1,0,0,0,0,25,1,Alto,velocity_1h
TX-0025936,2025-12-15 19:04:00,ACC-00567,Cartao,E-commerce,117.95,MG,DEV-00567-A,1,Eletronicos,MER-0149,1,Alta velocidade,48,RJ,8799.35,3923,1169.53,Varejo,1202.6506896551725,1082.2186071740744,1131.37,-1.0022935130339141,5,5,19,Monday,2025-12,1,0,0,1,0,0,0,0,25,1,Alto,velocity_1h
TX-0002986,2025-12-13 17:18:17,ACC-02405,PIX,App,21.91,PE,RISK-6863612,0,Servicos,MER-0855,1,Novo dispositivo e local,47,BA,2435.92,505,66.15,Alta renda,846.881,3449.320275813162,82.905,-0.2391691504511035,1,1,17,Saturday,2025-12,1,0,0,0,0,1,0,0,25,1,Alto,new_device_location
TX-0006078,2025-12-14 00:05:37,ACC-01644,Cartao,E-commerce,328.28,PR,RISK-6803909,0,Servicos,MER-0593,1,Novo dispositivo e local,63,SP,4485.19,4355,657.42,Alta renda,524.0580952380952,302.94812545416164,513.81,-0.6462429663316005,1,1,0,Sunday,2025-12,1,0,0,0,0,1,0,0,25,1,Alto,new_device_location
TX-0047250,2025-12-14 10:28:18,ACC-00251,Saque,ATM,814.09,PE,RISK-4382322,0,Outros,MER-0397,1,Novo dispositivo e local,24,RS,7032.89,3757,977.94,Varejo,775.0633333333333,441.4935657428178,648.57,0.0883969092528086,1,1,10,Sunday,2025-12,1,0,0,0,0,1,0,0,25,1,Alto,new_device_location
TX-0015084,2025-12-14 14:12:39,ACC-00266,PIX,App,140.74,BA,NEW-7686161,0,Viagem,MER-0565,0,Normal,65,SP,2448.86,4115,165.46,Digital,167.48958333333334,79.11600901478498,163.845,-0.33810582291043584,1,1,14,Sunday,2025-12,1,0,0,0,0,1,0,0,25,1,Alto,new_device_location
TX-0029702,2025-12-12 17:43:25,ACC-02044,Cartao,POS,1031.98,RJ,NEW-9907062,0,Eletronicos,MER-0004,0,Normal,53,SP,7961.38,670,1122.19,Varejo,2572.391052631579,4012.0658938547062,1180.86,-0.3839446044470584,1,1,17,Friday,2025-12,1,0,0,0,0,1,0,0,25,1,Alto,new_device_location
TX-0017038,2025-02-03 10:02:00,ACC-01026,Cartao,Carteira digital,402.13,SC,DEV-01026-A,1,Restaurante,MER-0940,1,Alta velocidade,54,SP,5963.95,363,777.18,Digital,1191.5333333333333,1434.6428533128162,653.43,-0.5502437986642297,3,3,10,Monday,2025-02,1,0,0,1,0,0,0,0,25,1,Alto,velocity_1h
TX-0032882,2025-02-03 10:03:00,ACC-01026,PIX,Internet Banking,653.43,RJ,DEV-01026-A,1,Outros,MER-0783,1,Alta velocidade,54,SP,5963.95,363,777.18,Digital,1191.5333333333333,1434.6428533128162,653.43,-0.375078251768911,4,4,10,Monday,2025-02,1,0,0,1,0,0,0,0,25,1,Alto,velocity_1h
TX-0041306,2025-02-03 10:04:00,ACC-01026,Transferencia,App,799.19,SP,DEV-01026-A,1,Servicos,MER-0143,1,Alta velocidade,54,SP,5963.95,363,777.18,Digital,1191.5333333333333,1434.6428533128162,653.43,-0.27347805234407346,5,5,10,Monday,2025-02,0,0,0,1,0,0,0,0,25,1,Alto,velocity_1h
TX-0020854,2025-02-03 12:35:02,ACC-00432,PIX,App,220.25,PE,RISK-2829150,0,Outros,MER-0317,1,Novo dispositivo e local,47,SP,6154.92,3375,839.67,Varejo,1107.072380952381,768.1556722559872,794.72,-1.1544826302562905,1,1,12,Monday,2025-02,1,0,0,0,0,1,0,0,25,1,Alto,new_device_location
TX-0023182,2025-02-02 17:10:52,ACC-02327,Cartao,POS,74.08,MG,NEW-5942069,0,Restaurante,MER-0110,0,Normal,77,SP,1357.67,2700,166.81,Empresarial,152.3742857142857,91.45589722105369,125.72,-0.8560878860008809,1,1,17,Sunday,2025-02,1,0,0,0,0,1,0,0,25,1,Alto,new_device_location
TX-0009719,2025-02-02 19:20:19,ACC-02039,PIX,App,540.19,PE,RISK-8554434,0,Restaurante,MER-0359,1,Novo dispositivo e local,44,DF,3483.68,742,494.95,Varejo,716.9247058823529,511.8551542443141,587.84,-0.3452826535336507,1,1,19,Sunday,2025-02,1,0,0,0,0,1,0,0,25,1,Alto,new_device_location
TX-0028740,2025-12-14 15:17:08,ACC-00627,PIX,Internet Banking,41.9,RS,NEW-9452225,0,Outros,MER-0862,0,Normal,39,DF,3879.52,4225,127.56,Digital,100.31266666666667,61.290520645140404,81.27,-0.953045692087755,1,1,15,Sunday,2025-12,1,0,0,0,0,1,0,0,25,1,Alto,new_device_location
TX-0012518,2025-12-15 13:59:15,ACC-02440,Transferencia,App,124.86,SC,NEW-2405769,0,Servicos,MER-0512,0,Normal,44,RJ,939.66,2073,124.34,Digital,92.81384615384614,70.43439978175,72.22999999999999,0.454978731208798,1,1,13,Monday,2025-12,1,0,0,0,0,1,0,0,25,1,Alto,new_device_location
TX-0013403,2025-08-09 18:52:33,ACC-00907,PIX,App,207.92,GO,RISK-1398378,0,Servicos,MER-0449,1,Novo dispositivo e local,36,DF,7828.85,38,341.58,Alta renda,948.1525,3103.320714379651,285.28999999999996,-0.23852916540982502,1,1,18,Saturday,2025-08,1,0,0,0,0,1,0,0,25,1,Alto,new_device_location
TX-0037781,2025-08-10 16:58:20,ACC-00110,PIX,App,1527.92,PR,RISK-6241998,0,Servicos,MER-0893,1,Novo dispositivo e local,62,SP,8071.33,1880,1237.54,Empresarial,1537.444,975.8283205855639,1331.415,-0.009759913500240323,1,1,16,Sunday,2025-08,1,0,0,0,0,1,0,0,25,1,Alto,new_device_location
TX-0048713,2025-08-10 19:15:02,ACC-01355,Cartao,Carteira digital,68.17,SP,NEW-1693447,0,Mercado,MER-0073,0,Normal,64,SC,4939.12,508,505.3,Varejo,601.0329166666667,494.97098040082034,461.33500000000004,-1.0765538541980018,1,1,19,Sunday,2025-08,1,0,0,0,0,1,0,0,25,1,Alto,new_device_location
TX-0011993,2025-08-17 11:44:26,ACC-02417,Cartao,Carteira digital,18.27,SP,NEW-5376554,0,Viagem,MER-0288,0,Normal,69,GO,5210.46,1660,195.46,Alta renda,2077.005,5240.801853270165,138.54000000000002,-0.39282824606608374,1,1,11,Sunday,2025-08,1,0,0,0,0,1,0,0,25,1,Alto,new_device_location
TX-0033816,2025-08-17 12:47:41,ACC-00860,Cartao,E-commerce,352.91,DF,RISK-0104763,0,Viagem,MER-0430,1,Novo dispositivo e local,65,MG,6790.2,1015,775.09,Empresarial,906.7214285714286,748.3296191871983,576.75,-0.7400634885639746,1,1,12,Sunday,2025-08,1,0,0,0,0,1,0,0,25,1,Alto,new_device_location
TX-0035105,2025-02-03 13:04:00,ACC-01010,Cartao,E-commerce,196.45,DF,DEV-01010-A,1,Mercado,MER-0440,1,Alta velocidade,41,MG,2786.0,2416,115.59,Digital,118.60333333333334,126.90726893165852,77.31,0.6134137730801555,5,5,13,Monday,2025-02,1,0,0,1,0,0,0,0,25,1,Alto,velocity_1h
TX-0032905,2025-02-04 07:37:28,ACC-00062,Saque,ATM,74.6,RS,NEW-4287304,0,Outros,MER-0623,0,Normal,74,DF,1994.36,3046,143.49,Varejo,153.54999999999998,99.94237973285742,126.4,-0.7899551742817277,1,1,7,Tuesday,2025-02,1,0,0,0,0,1,0,0,25,1,Alto,new_device_location
TX-0038073,2025-02-04 14:02:29,ACC-02103,PIX,Internet Banking,1608.89,SC,RISK-5837580,0,Outros,MER-0976,1,Novo dispositivo e local,18,BA,14141.15,4380,1741.24,Alta renda,2999.396666666667,2617.594005189842,1925.73,-0.5312155605146337,1,1,14,Tuesday,2025-02,1,0,0,0,0,1,0,0,25,1,Alto,new_device_location
TX-0029258,2025-08-19 14:07:46,ACC-00172,PIX,App,112.39,DF,RISK-4693042,0,Eletronicos,MER-0445,1,Novo dispositivo e local,36,SP,5547.6,4397,208.59,Digital,206.0257894736842,102.60606513997489,168.56,-0.9125755806535075,1,2,14,Tuesday,2025-08,1,0,0,0,0,1,0,0,25,1,Alto,new_device_location
TX-0031297,2025-08-27 13:14:09,ACC-00601,Boleto,Internet Banking,864.63,MG,RISK-4492929,0,Viagem,MER-0300,1,Novo dispositivo e local,56,SP,6954.05,815,716.58,Varejo,1367.9508333333333,1253.7164134299364,852.01,-0.4014630644870801,1,1,13,Wednesday,2025-08,1,0,0,0,0,1,0,0,25,1,Alto,new_device_location
TX-0031145,2025-08-27 15:43:24,ACC-00907,Cartao,Carteira digital,607.3,RS,RISK-1680886,0,Transporte,MER-0516,1,Novo dispositivo e local,36,DF,7828.85,38,341.58,Alta renda,948.1525,3103.320714379651,285.28999999999996,-0.10983476455418047,1,1,15,Wednesday,2025-08,1,0,0,0,0,1,0,0,25,1,Alto,new_device_location
TX-0045331,2025-01-30 22:04:00,ACC-00442,Saque,ATM,930.15,SP,NEW-1680784,1,Servicos,MER-0117,1,Alta velocidade,65,RJ,5204.15,4091,358.08,Varejo,388.0314285714286,246.8578574258011,409.22,2.1960758190227665,5,5,22,Thursday,2025-01,1,0,0,1,0,0,0,0,25,1,Alto,velocity_1h
TX-0005782,2025-01-31 12:02:44,ACC-00251,Cartao,E-commerce,577.39,GO,RISK-9305516,0,Outros,MER-0518,1,Novo dispositivo e local,24,RS,7032.89,3757,977.94,Varejo,775.0633333333333,441.4935657428178,648.57,-0.44773774449180415,1,1,12,Friday,2025-01,1,0,0,0,0,1,0,0,25,1,Alto,new_device_location
TX-0034726,2025-02-01 12:17:17,ACC-00562,Cartao,POS,245.88,PE,RISK-9687918,0,Viagem,MER-0636,1,Novo dispositivo e local,65,BA,5272.73,1748,624.45,Alta renda,697.8776190476191,516.4732113372847,584.58,-0.8751617879217367,1,1,12,Saturday,2025-02,1,0,0,0,0,1,0,0,25,1,Alto,new_device_location
TX-0015522,2025-02-01 13:22:06,ACC-00643,Cartao,Carteira digital,245.65,MG,NEW-6449668,0,Viagem,MER-0763,0,Normal,36,SP,2076.06,4181,97.99,Varejo,102.67642857142857,57.8473208750205,90.44,2.4715677280451196,1,1,13,Saturday,2025-02,1,0,0,0,0,1,0,0,25,1,Alto,new_device_location
TX-0020034,2025-01-30 13:45:12,ACC-02240,Cartao,E-commerce,483.84,GO,RISK-7159590,0,Outros,MER-0095,1,Novo dispositivo e local,70,SP,4586.14,3963,510.55,Varejo,2111.7154545454546,4467.386658574258,612.55,-0.36439099163737537,1,1,13,Thursday,2025-01,1,0,0,0,0,1,0,0,25,1,Alto,new_device_location
TX-0031821,2025-08-24 17:02:00,ACC-00812,Saque,ATM,894.18,SP,DEV-00812-A,1,Viagem,MER-0478,1,Alta velocidade,22,RS,3588.8,3570,100.55,Alta renda,752.3173076923077,3015.988500397915,91.685,0.04703688103882874,3,3,17,Sunday,2025-08,1,0,0,1,0,0,0,0,25,1,Alto,velocity_1h
TX-0044373,2025-08-22 12:44:01,ACC-00358,Transferencia,Internet Banking,251.69,RS,RISK-8661159,0,Transporte,MER-0565,1,Novo dispositivo e local,31,SP,4514.29,1144,526.67,Digital,521.8828,648.359788424606,294.29,-0.41673281536555246,1,1,12,Friday,2025-08,1,0,0,0,0,1,0,0,25,1,Alto,new_device_location
TX-0000754,2025-08-22 14:30:01,ACC-01533,Transferencia,Internet Banking,1118.2,MG,RISK-4618021,0,Outros,MER-0376,1,Novo dispositivo e local,32,SC,4542.18,3582,613.22,Empresarial,1939.0676,4132.928152646216,722.02,-0.19861646989300258,1,1,14,Friday,2025-08,1,0,0,0,0,1,0,0,25,1,Alto,new_device_location
TX-0036085,2025-08-22 18:21:49,ACC-00970,PIX,App,32.13,SC,RISK-1819867,0,Restaurante,MER-0088,1,Novo dispositivo e local,46,SP,1486.28,1306,53.51,Empresarial,94.51461538461538,76.9734903083939,55.83,-0.8104688397872011,1,1,18,Friday,2025-08,1,0,0,0,0,1,0,0,25,1,Alto,new_device_location
TX-0001378,2025-08-20 19:01:16,ACC-01893,PIX,Internet Banking,389.54,BA,NEW-5608150,0,Outros,MER-0038,0,Normal,37,SC,2575.9,1721,212.27,Varejo,259.66625,168.0051048777983,214.22,0.7730345461494529,1,2,19,Wednesday,2025-08,1,0,0,0,0,1,0,0,25,1,Alto,new_device_location
TX-0010322,2025-08-20 20:46:50,ACC-00256,PIX,Internet Banking,31.63,DF,RISK-3113469,0,Servicos,MER-0630,1,Novo dispositivo e local,37,BA,1797.16,280,113.29,Varejo,164.72678571428574,151.97354428768116,112.61500000000001,-0.8757891798742135,1,1,20,Wednesday,2025-08,1,0,0,0,0,1,0,0,25,1,Alto,new_device_location
TX-0028718,2025-08-22 07:17:44,ACC-01766,PIX,App,350.23,SC,NEW-2184285,0,Servicos,MER-0833,0,Normal,53,SP,2662.79,951,210.65,Alta renda,358.0466666666667,212.65565246146062,360.6,-0.03675738959293955,1,1,7,Friday,2025-08,1,0,0,0,0,1,0,0,25,1,Alto,new_device_location
TX-0037522,2025-08-19 11:02:01,ACC-01322,Cartao,E-commerce,706.89,GO,NEW-8409885,0,Eletronicos,MER-0322,0,Normal,48,SP,7838.13,277,1083.2,Alta renda,1609.1888461538463,1453.1978728647437,878.31,-0.6209057025215091,1,1,11,Tuesday,2025-08,1,0,0,0,0,1,0,0,25,1,Alto,new_device_location
TX-0048282,2025-09-19 13:44:20,ACC-01115,Cartao,Carteira digital,121.39,PE,NEW-0811412,0,Eletronicos,MER-0126,0,Normal,19,PR,1485.96,4247,201.29,Varejo,223.9362962962963,157.74053381687253,219.91,-0.6500947715527988,1,1,13,Friday,2025-09,1,0,0,0,0,1,0,0,25,1,Alto,new_device_location
TX-0047844,2025-09-20 09:16:54,ACC-01784,Cartao,POS,104.18,SP,NEW-7211114,0,Restaurante,MER-0344,0,Normal,76,GO,1903.58,2016,88.08,Empresarial,73.56222222222222,34.15343278854748,71.86,0.8964773165655171,1,1,9,Saturday,2025-09,1,0,0,0,0,1,0,0,25,1,Alto,new_device_location
TX-0000808,2025-09-18 10:02:00,ACC-01820,Cartao,E-commerce,279.33,MG,DEV-01820-A,1,Eletronicos,MER-0442,1,Alta velocidade,57,MG,3636.04,458,521.05,Digital,688.1766666666667,965.4044852263937,396.81,-0.42349779074290245,3,3,10,Thursday,2025-09,0,0,0,1,0,0,0,0,25,1,Alto,velocity_1h
TX-0005619,2025-09-18 10:03:00,ACC-01820,PIX,App,170.3,RS,DEV-01820-A,1,Viagem,MER-0590,1,Alta velocidade,57,MG,3636.04,458,521.05,Digital,688.1766666666667,965.4044852263937,396.81,-0.5364349084676371,4,4,10,Thursday,2025-09,1,0,0,1,0,0,0,0,25,1,Alto,velocity_1h
TX-0031860,2025-09-18 10:04:00,ACC-01820,Transferencia,App,396.81,PR,DEV-01820-A,1,Mercado,MER-0886,1,Alta velocidade,57,MG,3636.04,458,521.05,Digital,688.1766666666667,965.4044852263937,396.81,-0.3018078651233315,5,5,10,Thursday,2025-09,1,0,0,1,0,0,0,0,25,1,Alto,velocity_1h
TX-0015858,2025-08-24 04:02:00,ACC-00758,Transferencia,Internet Banking,124.24,GO,NEW-7742210,1,Transporte,MER-0333,1,Alta velocidade,75,SP,2706.26,2346,248.58,Digital,276.9295652173913,198.37034541662587,223.85,-0.7697197123728658,3,3,4,Sunday,2025-08,1,0,0,1,0,0,0,0,25,1,Alto,velocity_1h
TX-0025892,2025-08-24 04:03:00,ACC-00758,Boleto,App,412.26,SP,NEW-7742210,1,Mercado,MER-0634,1,Alta velocidade,75,SP,2706.26,2346,248.58,Digital,276.9295652173913,198.37034541662587,223.85,0.6822110154538569,4,4,4,Sunday,2025-08,0,0,0,1,0,0,0,0,25,1,Alto,velocity_1h
TX-0038681,2025-08-24 04:04:00,ACC-00758,Saque,ATM,120.28,BA,NEW-7742210,1,Transporte,MER-0409,1,Alta velocidade,75,SP,2706.26,2346,248.58,Digital,276.9295652173913,198.37034541662587,223.85,-0.7896823735845658,5,5,4,Sunday,2025-08,1,0,0,1,0,0,0,0,25,1,Alto,velocity_1h
TX-0028138,2025-08-15 12:10:49,ACC-02073,Boleto,App,563.08,RS,RISK-1056164,0,Restaurante,MER-0192,1,Novo dispositivo e local,55,MG,6747.1,3226,266.51,Empresarial,240.7178947368421,152.38068157592633,233.91,2.1155050753762072,1,1,12,Friday,2025-08,1,0,0,0,0,1,0,0,25,1,Alto,new_device_location
TX-0014408,2025-08-15 17:22:51,ACC-02005,PIX,App,405.97,SP,NEW-8566901,0,Mercado,MER-0183,0,Normal,31,PR,3354.43,4681,358.28,Digital,405.11055555555555,264.85087534358166,368.085,0.0032450126635585053,1,1,17,Friday,2025-08,1,0,0,0,0,1,0,0,25,1,Alto,new_device_location
TX-0007094,2025-08-15 19:11:11,ACC-00741,Boleto,Internet Banking,378.36,RJ,NEW-5335998,0,Transporte,MER-0373,0,Normal,70,SP,8789.05,2449,570.76,Digital,654.1890909090909,528.6547026080544,547.3050000000001,-0.5217566202444075,1,1,19,Friday,2025-08,1,0,0,0,0,1,0,0,25,1,Alto,new_device_location
TX-0013233,2025-08-15 09:54:01,ACC-01408,Cartao,POS,147.55,RJ,NEW-3810429,0,Servicos,MER-0650,0,Normal,73,SP,1338.63,1646,205.97,Alta renda,1014.7678947368421,3510.739232718784,227.01,-0.24701860128336897,1,1,9,Friday,2025-08,1,0,0,0,0,1,0,0,25,1,Alto,new_device_location
TX-0040714,2025-09-22 12:13:20,ACC-00518,PIX,App,113.07,RJ,RISK-6116026,0,Servicos,MER-0187,1,Novo dispositivo e local,72,PR,5036.25,4335,297.67,Varejo,402.1215,375.50268683985126,228.9,-0.7697721218257969,1,1,12,Monday,2025-09,1,0,0,0,0,1,0,0,25,1,Alto,new_device_location
TX-0015753,2025-09-20 22:19:34,ACC-01832,Transferencia,Internet Banking,396.15,SP,NEW-0732274,0,Transporte,MER-0215,0,Normal,24,PR,4521.3,4327,481.0,Varejo,768.8154545454545,765.5845763531183,477.95500000000004,-0.4867724168643207,1,2,22,Saturday,2025-09,1,0,0,0,0,1,0,0,25,1,Alto,new_device_location
TX-0032922,2025-09-21 11:01:04,ACC-00091,Cartao,POS,405.8,PR,NEW-6224831,0,Viagem,MER-0068,0,Normal,40,SP,5609.48,259,479.75,Alta renda,1529.8610344827587,3881.653094878654,489.96,-0.2895830737594284,1,1,11,Sunday,2025-09,1,0,0,0,0,1,0,0,25,1,Alto,new_device_location
TX-0047447,2025-09-21 13:05:47,ACC-00337,Cartao,POS,356.32,PR,RISK-6295882,0,Servicos,MER-0816,1,Novo dispositivo e local,68,PE,5888.01,4816,794.93,Varejo,796.9848,743.9034526912751,504.67,-0.5923682682285907,1,1,13,Sunday,2025-09,1,0,0,0,0,1,0,0,25,1,Alto,new_device_location
TX-0036292,2025-08-24 17:03:00,ACC-00812,Cartao,POS,81.93,MG,DEV-00812-A,1,Mercado,MER-0226,1,Alta velocidade,22,RS,3588.8,3570,100.55,Alta renda,752.3173076923077,3015.988500397915,91.685,-0.22227780629928137,4,4,17,Sunday,2025-08,1,0,0,1,0,0,0,0,25,1,Alto,velocity_1h
TX-0041143,2025-08-24 17:04:00,ACC-00812,Transferencia,App,811.39,GO,DEV-00812-A,1,Outros,MER-0874,1,Alta velocidade,22,RS,3588.8,3570,100.55,Alta renda,752.3173076923077,3015.988500397915,91.685,0.01958651112227334,5,5,17,Sunday,2025-08,1,0,0,1,0,0,0,0,25,1,Alto,velocity_1h
TX-0018356,2025-08-25 08:02:00,ACC-01611,Cartao,POS,196.92,SP,DEV-01611-A,1,Restaurante,MER-1153,1,Alta velocidade,36,RJ,5333.6,4518,149.07,Digital,167.21363636363637,87.15232846904182,178.45499999999998,0.34085565076916896,3,3,8,Monday,2025-08,1,0,0,1,0,0,0,0,25,1,Alto,velocity_1h
TX-0000977,2025-09-17 21:30:46,ACC-01548,PIX,Internet Banking,344.21,RJ,RISK-0550213,0,Viagem,MER-0540,1,Novo dispositivo e local,76,SP,11341.57,668,980.67,Varejo,2366.841304347826,4453.5309233004855,964.15,-0.4541635253424637,1,1,21,Wednesday,2025-09,1,0,0,0,0,1,0,0,25,1,Alto,new_device_location
TX-0007750,2025-09-18 07:38:54,ACC-01529,Cartao,Carteira digital,5.95,DF,RISK-3590240,0,Restaurante,MER-0557,1,Novo dispositivo e local,50,GO,1403.48,1224,61.5,Varejo,89.21277777777777,106.24455334443964,48.019999999999996,-0.7836898472135689,1,1,7,Thursday,2025-09,1,0,0,0,0,1,0,0,25,1,Alto,new_device_location
TX-0014328,2025-09-16 21:35:52,ACC-01134,Cartao,E-commerce,561.54,RS,RISK-5144880,0,Transporte,MER-0005,1,Novo dispositivo e local,75,SP,2701.65,2538,417.71,Varejo,478.49625,316.6626339458131,391.78,0.262246760740992,1,1,21,Tuesday,2025-09,1,0,0,0,0,1,0,0,25,1,Alto,new_device_location
TX-0019298,2025-09-16 23:05:00,ACC-00217,PIX,App,121.78,RJ,NEW-9600246,0,Transporte,MER-0772,0,Normal,57,SP,2490.45,1375,278.06,Empresarial,979.4120833333333,3099.7403486855774,290.06,-0.2766786849411455,1,1,23,Tuesday,2025-09,1,0,0,0,0,1,0,0,25,1,Alto,new_device_location
TX-0016972,2025-09-14 06:44:08,ACC-00110,Cartao,POS,1112.6,SC,RISK-0178443,0,Viagem,MER-1121,1,Novo dispositivo e local,62,SP,8071.33,1880,1237.54,Empresarial,1537.444,975.8283205855639,1331.415,-0.4353675652137914,1,2,6,Sunday,2025-09,1,0,0,0,0,1,0,0,25,1,Alto,new_device_location
TX-0026799,2025-08-28 18:02:00,ACC-02398,Transferencia,Internet Banking,832.73,SP,DEV-02398-A,1,Mercado,MER-0714,1,Alta velocidade,50,SP,2393.04,4896,260.28,Alta renda,1043.983,3409.125574467045,241.4,-0.061966916555435334,3,3,18,Thursday,2025-08,0,0,0,1,0,0,0,0,25,1,Alto,velocity_1h
TX-0005100,2025-08-28 18:03:00,ACC-02398,Cartao,E-commerce,213.01,SP,DEV-02398-A,1,Outros,MER-0360,1,Alta velocidade,50,SP,2393.04,4896,260.28,Alta renda,1043.983,3409.125574467045,241.4,-0.24374960142965912,4,4,18,Thursday,2025-08,0,0,0,1,0,0,0,0,25,1,Alto,velocity_1h
TX-0040006,2025-08-26 16:02:00,ACC-01118,Cartao,POS,1062.74,GO,DEV-01118-A,1,Viagem,MER-0718,1,Alta velocidade,52,RS,7261.43,2767,889.75,Varejo,898.4852631578948,763.677443619348,668.57,0.2150839182360051,3,3,16,Tuesday,2025-08,1,0,0,1,0,0,0,0,25,1,Alto,velocity_1h
TX-0008924,2025-08-26 16:03:00,ACC-01118,Boleto,App,324.25,BA,DEV-01118-A,1,Restaurante,MER-1185,1,Alta velocidade,52,RS,7261.43,2767,889.75,Varejo,898.4852631578948,763.677443619348,668.57,-0.751934298905547,4,4,16,Tuesday,2025-08,1,0,0,1,0,0,0,0,25,1,Alto,velocity_1h
TX-0043211,2025-08-26 16:04:00,ACC-01118,PIX,App,297.13,GO,DEV-01118-A,1,Servicos,MER-0041,1,Alta velocidade,52,RS,7261.43,2767,889.75,Varejo,898.4852631578948,763.677443619348,668.57,-0.7874466742239384,5,5,16,Tuesday,2025-08,1,0,0,1,0,0,0,0,25,1,Alto,velocity_1h
TX-0043243,2025-08-27 09:09:50,ACC-00570,PIX,App,202.46,BA,RISK-2074917,0,Mercado,MER-0869,1,Novo dispositivo e local,48,SP,7578.09,3708,203.2,Alta renda,201.1325,169.81713167172072,134.69,0.007817232495519064,1,1,9,Wednesday,2025-08,1,0,0,0,0,1,0,0,25,1,Alto,new_device_location
TX-0012233,2025-08-25 08:03:00,ACC-01611,Saque,ATM,292.33,PE,DEV-01611-A,1,Restaurante,MER-0859,1,Alta velocidade,36,RJ,5333.6,4518,149.07,Digital,167.21363636363637,87.15232846904182,178.45499999999998,1.4356055177666005,4,4,8,Monday,2025-08,1,0,0,1,0,0,0,0,25,1,Alto,velocity_1h
TX-0026014,2025-08-25 09:33:56,ACC-02003,Transferencia,Internet Banking,496.92,RJ,RISK-0478758,0,Servicos,MER-1067,1,Novo dispositivo e local,69,DF,3773.97,3695,250.35,Varejo,274.51,152.7623981875121,253.55,1.4559211078042726,1,1,9,Monday,2025-08,1,0,0,0,0,1,0,0,25,1,Alto,new_device_location
TX-0000164,2025-01-29 11:08:02,ACC-00195,PIX,Internet Banking,553.86,SP,NEW-7425997,0,Eletronicos,MER-1138,0,Normal,31,SC,4370.23,1120,620.31,Alta renda,795.67375,502.0537844876118,616.44,-0.48164909312812243,1,1,11,Wednesday,2025-01,1,0,0,0,0,1,0,0,25,1,Alto,new_device_location
TX-0045087,2025-01-29 11:17:52,ACC-01145,PIX,App,581.63,RS,NEW-7536991,0,Eletronicos,MER-0665,0,Normal,52,SP,2414.11,2476,385.21,Varejo,1201.326,3379.1603724148617,403.86,-0.18338756723675248,1,1,11,Wednesday,2025-01,1,0,0,0,0,1,0,0,25,1,Alto,new_device_location
TX-0027554,2025-02-04 16:02:00,ACC-01067,Cartao,E-commerce,105.08,RJ,DEV-01067-A,1,Restaurante,MER-1076,1,Alta velocidade,57,BA,3790.05,3905,241.9,Alta renda,376.2775,290.0682095533364,299.265,-0.9349438892928164,3,3,16,Tuesday,2025-02,1,0,0,1,0,0,0,0,25,1,Alto,velocity_1h
TX-0043599,2025-02-04 16:03:00,ACC-01067,Transferencia,App,1202.59,PE,DEV-01067-A,1,Outros,MER-0672,1,Alta velocidade,57,BA,3790.05,3905,241.9,Alta renda,376.2775,290.0682095533364,299.265,2.8486834226763533,4,4,16,Tuesday,2025-02,1,0,0,1,0,0,0,0,25,1,Alto,velocity_1h
TX-0026568,2025-02-04 16:04:00,ACC-01067,PIX,Internet Banking,691.84,SP,DEV-01067-A,1,Transporte,MER-0941,1,Alta velocidade,57,BA,3790.05,3905,241.9,Alta renda,376.2775,290.0682095533364,299.265,1.0878906740105068,5,5,16,Tuesday,2025-02,1,0,0,1,0,0,0,0,25,1,Alto,velocity_1h
TX-0023611,2025-02-04 17:21:04,ACC-00197,PIX,Internet Banking,172.35,RS,RISK-1176490,0,Servicos,MER-1091,1,Novo dispositivo e local,48,PR,1482.43,2630,167.56,Varejo,164.965,78.95269413962238,146.49,0.09353702340974114,1,1,17,Tuesday,2025-02,1,0,0,0,0,1,0,0,25,1,Alto,new_device_location
TX-0003465,2025-02-05 13:33:41,ACC-01375,Transferencia,App,19.14,RJ,RISK-1779695,0,Transporte,MER-0307,1,Novo dispositivo e local,22,BA,2085.49,388,65.12,Varejo,200.17624999999998,342.0595702227585,80.225,-0.5292535738207946,1,1,13,Wednesday,2025-02,1,0,0,0,0,1,0,0,25,1,Alto,new_device_location
TX-0015171,2025-08-28 17:25:11,ACC-01990,Cartao,POS,178.53,PE,RISK-8662783,0,Viagem,MER-0530,1,Novo dispositivo e local,34,SP,5280.23,3312,222.38,Digital,286.1626923076923,222.08664184156044,227.04000000000002,-0.48464280163450296,1,1,17,Thursday,2025-08,1,0,0,0,0,1,0,0,25,1,Alto,new_device_location
TX-0001926,2025-01-30 13:45:48,ACC-01634,Cartao,Carteira digital,71.01,MG,RISK-4698104,0,Eletronicos,MER-0007,1,Novo dispositivo e local,63,SP,2682.0,41,88.08,Digital,98.71538461538461,52.39461477906059,77.755,-0.5287830578049599,1,1,13,Thursday,2025-01,1,0,0,0,0,1,0,0,25,1,Alto,new_device_location
TX-0032242,2025-01-30 22:02:00,ACC-00442,Saque,ATM,57.94,SP,NEW-1680784,1,Servicos,MER-0453,1,Alta velocidade,65,RJ,5204.15,4091,358.08,Varejo,388.0314285714286,246.8578574258011,409.22,-1.3371720552611752,3,3,22,Thursday,2025-01,1,0,0,1,0,0,0,0,25,1,Alto,velocity_1h
TX-0043924,2025-01-30 22:03:00,ACC-00442,PIX,Internet Banking,263.72,MG,NEW-1680784,1,Outros,MER-0661,1,Alta velocidade,65,RJ,5204.15,4091,358.08,Varejo,388.0314285714286,246.8578574258011,409.22,-0.50357493120831,4,4,22,Thursday,2025-01,1,0,0,1,0,0,0,0,25,1,Alto,velocity_1h
TX-0049421,2025-01-29 16:52:04,ACC-00401,Boleto,App,79.45,PE,RISK-2340053,0,Servicos,MER-0286,1,Novo dispositivo e local,71,GO,1415.72,495,180.0,Empresarial,229.25318181818182,192.46600598760944,197.06,-0.7783357951940139,1,1,16,Wednesday,2025-01,1,0,0,0,0,1,0,0,25,1,Alto,new_device_location
TX-0026129,2025-01-30 04:02:00,ACC-01775,Cartao,E-commerce,338.7,SP,DEV-01775-A,1,Restaurante,MER-0091,1,Alta velocidade,33,BA,6436.38,317,669.46,Varejo,745.2064,703.9241526488015,455.16,-0.5774860806670066,3,3,4,Thursday,2025-01,1,0,0,1,0,0,0,0,25,1,Alto,velocity_1h
TX-0012909,2025-01-30 04:03:00,ACC-01775,Cartao,POS,323.24,SP,DEV-01775-A,1,Viagem,MER-0859,1,Alta velocidade,33,BA,6436.38,317,669.46,Varejo,745.2064,703.9241526488015,455.16,-0.599448674139365,4,4,4,Thursday,2025-01,1,0,0,1,0,0,0,0,25,1,Alto,velocity_1h
TX-0013552,2025-01-30 04:04:00,ACC-01775,Cartao,Carteira digital,174.19,SC,DEV-01775-A,1,Mercado,MER-0093,1,Alta velocidade,33,BA,6436.38,317,669.46,Varejo,745.2064,703.9241526488015,455.16,-0.8111902366914362,5,5,4,Thursday,2025-01,1,0,0,1,0,0,0,0,25,1,Alto,velocity_1h
TX-0033953,2025-01-28 06:06:30,ACC-00935,PIX,Internet Banking,252.41,GO,RISK-2159745,0,Viagem,MER-0688,1,Novo dispositivo e local,66,RJ,2415.65,4075,149.37,Varejo,185.4275,140.98311037450395,107.71000000000001,0.47511010235246887,1,2,6,Tuesday,2025-01,1,0,0,0,0,1,0,0,25,1,Alto,new_device_location
TX-0018251,2025-09-01 16:39:06,ACC-02261,Cartao,Carteira digital,350.94,GO,RISK-4857913,0,Eletronicos,MER-0544,1,Novo dispositivo e local,41,SP,3573.8,4473,547.07,Varejo,593.2594444444444,554.5732119118823,437.78999999999996,-0.4369476188888605,1,1,16,Monday,2025-09,1,0,0,0,0,1,0,0,25,1,Alto,new_device_location
TX-0026660,2025-09-02 09:22:05,ACC-00737,Boleto,App,73.74,MG,NEW-8405756,0,Restaurante,MER-0827,0,Normal,23,SP,7931.38,1153,256.12,Empresarial,1074.3780000000002,3402.579075290729,287.1,-0.2940822175938709,1,1,9,Tuesday,2025-09,1,0,0,0,0,1,0,0,25,1,Alto,new_device_location
TX-0021964,2025-09-02 21:22:08,ACC-01335,PIX,App,208.43,SC,RISK-7746733,0,Viagem,MER-0137,1,Novo dispositivo e local,67,MG,3884.63,698,127.27,Varejo,167.94434782608695,121.87332692841692,133.79,0.3321945268441926,1,1,21,Tuesday,2025-09,1,0,0,0,0,1,0,0,25,1,Alto,new_device_location
TX-0040801,2025-08-31 08:48:04,ACC-01461,Cartao,E-commerce,151.98,MG,NEW-4651322,0,Eletronicos,MER-0131,0,Normal,29,SP,6945.15,3054,996.65,Varejo,1069.1885714285713,769.0642559316149,928.7950000000001,-1.1926293080901285,1,1,8,Sunday,2025-08,1,0,0,0,0,1,0,0,25,1,Alto,new_device_location
TX-0028109,2025-09-01 00:29:13,ACC-02107,Cartao,Carteira digital,481.23,PE,NEW-1038262,0,Restaurante,MER-0590,0,Normal,23,PR,11188.78,2787,864.62,Varejo,1313.336111111111,890.6091339285309,1024.75,-0.9343112252180038,1,1,0,Monday,2025-09,1,0,0,0,0,1,0,0,25,1,Alto,new_device_location
TX-0043163,2025-08-28 18:04:00,ACC-02398,Transferencia,Internet Banking,48.06,PR,DEV-02398-A,1,Viagem,MER-0746,1,Alta velocidade,50,SP,2393.04,4896,260.28,Alta renda,1043.983,3409.125574467045,241.4,-0.2921344427612334,5,5,18,Thursday,2025-08,1,0,0,1,0,0,0,0,25,1,Alto,velocity_1h
TX-0021267,2025-08-28 23:42:17,ACC-01342,Cartao,E-commerce,1141.09,PR,RISK-2148089,0,Eletronicos,MER-0543,1,Novo dispositivo e local,72,SP,6482.88,1237,421.36,Varejo,482.9604545454545,364.38714611270865,360.29499999999996,1.8061272261535244,1,1,23,Thursday,2025-08,1,0,0,0,0,1,0,0,25,1,Alto,new_device_location
TX-0003314,2025-08-30 20:06:56,ACC-00214,Transferencia,Internet Banking,39.94,MG,NEW-5101550,0,Outros,MER-0542,0,Normal,48,PR,1903.15,930,57.16,Alta renda,858.5592,1616.6736234753755,81.12,-0.5063602127931105,1,1,20,Saturday,2025-08,1,0,0,0,0,1,0,0,25,1,Alto,new_device_location
TX-0012586,2025-01-23 14:55:38,ACC-01829,Cartao,POS,774.78,DF,RISK-3725924,0,Restaurante,MER-1158,1,Novo dispositivo e local,18,SP,2131.4,4670,323.79,Digital,1096.825,3079.8707955508385,433.02,-0.10456445136114938,1,1,14,Thursday,2025-01,1,0,0,0,0,1,0,0,25,1,Alto,new_device_location
TX-0016184,2025-01-22 09:06:34,ACC-00071,Cartao,E-commerce,201.58,RJ,RISK-2823497,0,Mercado,MER-0568,1,Novo dispositivo e local,75,RS,1234.59,3215,180.43,Varejo,177.74636363636364,105.69377259543036,150.09,0.22549707308552266,1,1,9,Wednesday,2025-01,1,0,0,0,0,1,0,0,25,1,Alto,new_device_location
TX-0032523,2025-09-15 20:26:06,ACC-00653,Boleto,Internet Banking,112.03,BA,RISK-7452319,0,Outros,MER-0169,1,Novo dispositivo e local,66,RS,4313.92,2925,266.99,Alta renda,336.693125,250.3576228176739,291.92,-0.8973688217339153,1,1,20,Monday,2025-09,1,0,0,0,0,1,0,0,25,1,Alto,new_device_location
TX-0039037,2025-09-13 20:04:22,ACC-01189,Cartao,Carteira digital,457.54,SC,RISK-2598180,0,Viagem,MER-0863,1,Novo dispositivo e local,32,MG,3731.08,3288,514.44,Empresarial,523.547,288.52645025333373,432.35,-0.22877278648818553,1,1,20,Saturday,2025-09,1,0,0,0,0,1,0,0,25,1,Alto,new_device_location
TX-0011538,2025-09-03 17:02:00,ACC-00090,PIX,App,62.89,SP,DEV-00090-A,1,Viagem,MER-0929,1,Alta velocidade,35,RJ,5944.74,3509,644.23,Alta renda,760.7277777777779,853.8159442054751,415.92,-0.8173164046815219,3,3,17,Wednesday,2025-09,1,0,0,1,0,0,0,0,25,1,Alto,velocity_1h
TX-0041038,2025-09-03 17:03:00,ACC-00090,PIX,App,256.79,RS,DEV-00090-A,1,Restaurante,MER-0855,1,Alta velocidade,35,RJ,5944.74,3509,644.23,Alta renda,760.7277777777779,853.8159442054751,415.92,-0.5902182797098278,4,4,17,Wednesday,2025-09,1,0,0,1,0,0,0,0,25,1,Alto,velocity_1h
TX-0023051,2025-09-03 17:04:00,ACC-00090,Saque,ATM,1602.46,RJ,DEV-00090-A,1,Servicos,MER-0523,1,Alta velocidade,35,RJ,5944.74,3509,644.23,Alta renda,760.7277777777779,853.8159442054751,415.92,0.9858473924441671,5,5,17,Wednesday,2025-09,0,0,0,1,0,0,0,0,25,1,Alto,velocity_1h
TX-0038743,2025-09-01 13:10:23,ACC-02325,Cartao,E-commerce,82.73,GO,NEW-3216871,0,Servicos,MER-0611,0,Normal,60,PR,1272.19,3641,79.13,Digital,90.8678947368421,62.26124116075099,70.24,-0.1307056297806695,1,1,13,Monday,2025-09,1,0,0,0,0,1,0,0,25,1,Alto,new_device_location
TX-0021211,2025-12-16 22:44:12,ACC-00240,Cartao,POS,1083.23,RS,RISK-5132651,0,Viagem,MER-0889,1,Novo dispositivo e local,52,SP,15250.02,4931,837.97,Empresarial,2184.8811764705883,3707.7135928963726,1083.23,-0.29712413024060097,1,1,22,Tuesday,2025-12,1,0,0,0,0,1,0,0,25,1,Alto,new_device_location
TX-0035974,2025-12-17 12:51:41,ACC-02272,Cartao,POS,74.46,SP,RISK-5767261,0,Servicos,MER-1143,1,Novo dispositivo e local,36,PR,2788.52,4913,183.57,Varejo,254.14000000000001,259.0178060674594,137.78,-0.6936974825321607,1,1,12,Wednesday,2025-12,1,0,0,0,0,1,0,0,25,1,Alto,new_device_location
TX-0024433,2025-01-26 07:31:05,ACC-02164,Boleto,Internet Banking,167.32,BA,RISK-9404617,0,Mercado,MER-0406,1,Novo dispositivo e local,70,SP,6843.5,347,587.71,Varejo,2201.914117647059,5013.076480785102,362.57,-0.4058573862668099,1,1,7,Sunday,2025-01,1,0,0,0,0,1,0,0,25,1,Alto,new_device_location
TX-0012656,2025-01-26 16:34:54,ACC-00390,Cartao,Carteira digital,232.0,BA,RISK-2965816,0,Servicos,MER-0276,1,Novo dispositivo e local,48,SP,5699.67,3011,349.1,Digital,422.85,274.85975028730553,369.765,-0.694354119875712,1,1,16,Sunday,2025-01,1,0,0,0,0,1,0,0,25,1,Alto,new_device_location
TX-0037302,2025-01-24 06:02:00,ACC-01091,PIX,Internet Banking,343.77,PE,DEV-01091-A,1,Outros,MER-0903,1,Alta velocidade,45,RJ,2373.34,1951,146.44,Varejo,166.81272727272727,98.27215219465634,156.845,1.800685838005845,3,3,6,Friday,2025-01,1,0,0,1,0,0,0,0,25,1,Alto,velocity_1h
TX-0033311,2025-01-24 06:03:00,ACC-01091,Saque,ATM,75.95,SP,DEV-01091-A,1,Eletronicos,MER-1097,1,Alta velocidade,45,RJ,2373.34,1951,146.44,Varejo,166.81272727272727,98.27215219465634,156.845,-0.9246030054653472,4,4,6,Friday,2025-01,1,0,0,1,0,0,0,0,25,1,Alto,velocity_1h
TX-0049662,2025-01-24 06:04:00,ACC-01091,Cartao,Carteira digital,210.26,MG,DEV-01091-A,1,Transporte,MER-0719,1,Alta velocidade,45,RJ,2373.34,1951,146.44,Varejo,166.81272727272727,98.27215219465634,156.845,0.4421117453621333,5,5,6,Friday,2025-01,1,0,0,1,0,0,0,0,25,1,Alto,velocity_1h
TX-0015500,2025-01-24 10:22:26,ACC-01101,Saque,ATM,381.9,PE,RISK-3476321,0,Transporte,MER-0526,1,Novo dispositivo e local,23,SP,5932.12,2180,595.06,Empresarial,1480.8955555555556,3011.5966943049852,490.5,-0.3649212252204246,1,1,10,Friday,2025-01,1,0,0,0,0,1,0,0,25,1,Alto,new_device_location
TX-0011702,2025-12-19 23:59:24,ACC-00744,Cartao,POS,62.86,DF,NEW-6659978,0,Eletronicos,MER-0267,0,Normal,34,RS,596.29,691,93.2,Digital,146.75666666666666,309.0686424944034,67.71,-0.27144994713653575,1,1,23,Friday,2025-12,1,0,0,0,0,1,0,0,25,1,Alto,new_device_location
TX-0045710,2025-12-20 12:57:55,ACC-00745,Cartao,E-commerce,90.0,GO,NEW-8106157,0,Restaurante,MER-0233,0,Normal,47,DF,6837.07,4776,271.42,Varejo,245.31588235294117,201.35316163580666,162.39,-0.7713605343524009,1,1,12,Saturday,2025-12,1,0,0,0,0,1,0,0,25,1,Alto,new_device_location
TX-0038166,2025-12-17 14:17:33,ACC-00319,Transferencia,Internet Banking,1984.19,RS,RISK-9272277,0,Mercado,MER-1095,1,Novo dispositivo e local,26,GO,6748.26,3584,786.63,Varejo,1008.1486666666666,628.5422623688955,892.88,1.5528650844491478,1,1,14,Wednesday,2025-12,1,0,0,0,0,1,0,0,25,1,Alto,new_device_location
TX-0019082,2025-12-18 13:33:02,ACC-00952,Transferencia,App,531.41,PR,RISK-0329557,0,Transporte,MER-1178,1,Novo dispositivo e local,75,MG,2326.33,750,258.76,Empresarial,210.83052631578948,120.73630437508037,172.69,2.655203630287504,1,1,13,Thursday,2025-12,1,0,0,0,0,1,0,0,25,1,Alto,new_device_location
TX-0044269,2025-12-19 10:24:37,ACC-01355,Saque,ATM,294.62,SP,RISK-7703693,0,Transporte,MER-0941,1,Novo dispositivo e local,64,SC,4939.12,508,505.3,Varejo,601.0329166666667,494.97098040082034,461.33500000000004,-0.6190522854865914,1,1,10,Friday,2025-12,1,0,0,0,0,1,0,0,25,1,Alto,new_device_location
TX-0043250,2025-12-16 07:01:54,ACC-02421,Cartao,E-commerce,376.1,RJ,NEW-8145663,0,Transporte,MER-0006,0,Normal,67,DF,4819.28,3895,251.46,Varejo,339.98777777777775,207.96968018709885,318.61,0.17364176446169508,1,1,7,Tuesday,2025-12,1,0,0,0,0,1,0,0,25,1,Alto,new_device_location
TX-0044076,2025-12-16 08:54:14,ACC-01170,PIX,App,1213.89,RJ,NEW-6014950,0,Transporte,MER-0152,0,Normal,29,GO,5088.45,1540,334.14,Varejo,389.9661111111111,353.73653522724385,241.39499999999998,2.32920212315528,1,1,8,Tuesday,2025-12,1,0,0,0,0,1,0,0,25,1,Alto,new_device_location
TX-0040875,2025-12-16 21:42:28,ACC-02223,Cartao,POS,121.47,RJ,NEW-4140233,0,Eletronicos,MER-0161,0,Normal,69,SC,4403.64,1108,198.52,Varejo,195.315,108.5778846581665,215.86,-0.6801108737058627,1,1,21,Tuesday,2025-12,1,0,0,0,0,1,0,0,25,1,Alto,new_device_location
TX-0029955,2025-12-26 07:24:21,ACC-00345,Transferencia,App,93.57,PR,RISK-0346435,0,Transporte,MER-1019,1,Novo dispositivo e local,70,SP,3093.01,3819,142.19,Varejo,166.465,120.38916497541736,130.70499999999998,-0.6054946889521551,1,1,7,Friday,2025-12,1,0,0,0,0,1,0,0,25,1,Alto,new_device_location
TX-0030205,2025-12-30 14:36:35,ACC-00049,Cartao,Carteira digital,1271.83,SP,NEW-0632933,0,Mercado,MER-0465,0,Normal,49,BA,20204.24,1696,643.4,Digital,724.3259090909091,449.02063154061665,648.8499999999999,1.2193294749743937,1,1,14,Tuesday,2025-12,1,0,0,0,0,1,0,0,25,1,Alto,new_device_location
TX-0025873,2025-12-30 19:30:07,ACC-00835,Cartao,E-commerce,594.72,PE,RISK-4125962,0,Restaurante,MER-0424,1,Novo dispositivo e local,69,RS,4505.01,4007,502.14,Varejo,1186.77,3294.4625638744174,445.1,-0.1797106473426506,1,1,19,Tuesday,2025-12,1,0,0,0,0,1,0,0,25,1,Alto,new_device_location
TX-0038728,2025-12-30 23:02:00,ACC-00421,Cartao,POS,309.72,SP,DEV-00421-A,1,Mercado,MER-0560,1,Alta velocidade,39,PE,2445.79,1601,195.1,Digital,286.2428,254.36721874290325,224.73,0.092296484256209,3,3,23,Tuesday,2025-12,1,0,0,1,0,0,0,0,25,1,Alto,velocity_1h
TX-0045816,2025-12-30 23:03:00,ACC-00421,Saque,ATM,30.88,SP,DEV-00421-A,1,Restaurante,MER-0502,1,Alta velocidade,39,PE,2445.79,1601,195.1,Digital,286.2428,254.36721874290325,224.73,-1.003913952678403,4,4,23,Tuesday,2025-12,1,0,0,1,0,0,0,0,25,1,Alto,velocity_1h
TX-0043647,2025-12-31 19:04:00,ACC-01375,PIX,App,819.76,DF,DEV-01375-A,1,Outros,MER-1002,1,Alta velocidade,22,BA,2085.49,388,65.12,Varejo,200.17624999999998,342.0595702227585,80.225,1.8113328903398616,5,5,19,Wednesday,2025-12,1,0,0,1,0,0,0,0,25,1,Alto,velocity_1h
TX-0027103,2025-01-08 13:16:05,ACC-02334,Cartao,POS,2878.59,PR,RISK-4245123,0,Eletronicos,MER-0469,1,Novo dispositivo e local,75,SP,4286.2,4718,572.57,Varejo,636.3822222222223,684.7487291447568,393.315,3.2744971729677674,1,1,13,Wednesday,2025-01,1,0,0,0,0,1,0,0,25,1,Alto,new_device_location
TX-0044576,2025-12-28 14:00:07,ACC-01958,PIX,Internet Banking,312.4,RJ,RISK-1247219,0,Eletronicos,MER-1058,1,Novo dispositivo e local,57,DF,4451.27,3772,523.33,Alta renda,551.5158823529412,376.89625298380895,589.83,-0.6344342254928529,1,1,14,Sunday,2025-12,1,0,0,0,0,1,0,0,25,1,Alto,new_device_location
TX-0033260,2025-09-10 11:48:17,ACC-01655,PIX,App,705.09,GO,RISK-5969247,0,Transporte,MER-1193,1,Novo dispositivo e local,73,PR,3003.25,4516,362.06,Varejo,556.2038888888889,774.7632718308894,274.15,0.19216981047548823,1,1,11,Wednesday,2025-09,1,0,0,0,0,1,0,0,25,1,Alto,new_device_location
TX-0031902,2025-12-31 08:07:06,ACC-01068,Cartao,Carteira digital,445.51,RS,RISK-0596053,0,Outros,MER-0296,1,Novo dispositivo e local,59,SP,4345.87,2018,624.72,Alta renda,787.7242857142857,391.5919485838726,748.19,-0.8739053163678338,1,1,8,Wednesday,2025-12,1,0,0,0,0,1,0,0,25,1,Alto,new_device_location
TX-0027180,2025-12-24 21:55:20,ACC-01669,Cartao,Carteira digital,161.39,PE,NEW-4013362,0,Restaurante,MER-0649,0,Normal,64,SP,4496.56,4042,326.62,Varejo,335.605,225.59094155551716,286.635,-0.7722606182621314,1,1,21,Wednesday,2025-12,1,0,0,0,0,1,0,0,25,1,Alto,new_device_location
TX-0018311,2025-12-31 10:51:24,ACC-02391,Cartao,POS,216.88,DF,NEW-5353346,0,Eletronicos,MER-0363,0,Normal,37,RJ,2213.27,1763,352.91,Digital,376.34238095238095,302.6678332414061,248.65,-0.526856056174277,1,1,10,Wednesday,2025-12,1,0,0,0,0,1,0,0,25,1,Alto,new_device_location
TX-0037437,2025-12-31 15:04:31,ACC-01776,Cartao,E-commerce,209.43,BA,RISK-0033146,0,Mercado,MER-0670,1,Novo dispositivo e local,48,SP,1889.46,2312,215.1,Varejo,308.76684210526315,261.10670428544535,209.43,-0.3804453906195636,1,1,15,Wednesday,2025-12,1,0,0,0,0,1,0,0,25,1,Alto,new_device_location
TX-0027048,2025-12-26 19:08:13,ACC-01618,Cartao,E-commerce,499.44,DF,RISK-2331502,0,Restaurante,MER-0625,1,Novo dispositivo e local,73,RJ,3693.1,3429,355.21,Digital,455.2722222222222,268.2566106099674,445.005,0.16464749061485645,1,1,19,Friday,2025-12,1,0,0,0,0,1,0,0,25,1,Alto,new_device_location
TX-0002209,2025-12-26 07:51:33,ACC-01878,Boleto,App,166.67,MG,RISK-4155686,0,Eletronicos,MER-1144,1,Novo dispositivo e local,55,BA,1486.22,4034,157.54,Varejo,897.1304761904763,3347.9609947376566,139.25,-0.21818070083212382,1,1,7,Friday,2025-12,1,0,0,0,0,1,0,0,25,1,Alto,new_device_location
TX-0015676,2025-12-31 19:02:00,ACC-01375,Cartao,E-commerce,558.84,SP,DEV-01375-A,1,Transporte,MER-0596,1,Alta velocidade,22,BA,2085.49,388,65.12,Varejo,200.17624999999998,342.0595702227585,80.225,1.0485417781657986,3,3,19,Wednesday,2025-12,1,0,0,1,0,0,0,0,25,1,Alto,velocity_1h
TX-0018910,2025-01-08 11:23:22,ACC-01249,Cartao,E-commerce,339.28,GO,RISK-8994089,0,Transporte,MER-0536,1,Novo dispositivo e local,46,SP,3920.27,4106,259.06,Varejo,339.351875,182.01993569272386,326.015,-0.0003948743291579312,1,1,11,Wednesday,2025-01,1,0,0,0,0,1,0,0,25,1,Alto,new_device_location
TX-0014264,2025-01-12 12:06:23,ACC-00740,Cartao,Carteira digital,69.47,RS,NEW-5802919,0,Restaurante,MER-0563,0,Normal,33,RJ,1947.39,3697,163.17,Empresarial,131.29,141.58616018010184,83.5,-0.436624596085967,1,1,12,Sunday,2025-01,1,0,0,0,0,1,0,0,25,1,Alto,new_device_location
TX-0034808,2025-01-08 17:22:59,ACC-01189,PIX,Internet Banking,910.52,PE,RISK-8399645,0,Servicos,MER-0272,1,Novo dispositivo e local,32,MG,3731.08,3288,514.44,Empresarial,523.547,288.52645025333373,432.35,1.3412045920234612,1,1,17,Wednesday,2025-01,1,0,0,0,0,1,0,0,25,1,Alto,new_device_location
TX-0009974,2025-01-06 15:04:00,ACC-02033,PIX,Internet Banking,333.37,BA,DEV-02033-A,1,Eletronicos,MER-0969,1,Alta velocidade,37,GO,3507.82,526,530.4,Alta renda,472.89349999999996,268.358396557467,406.71500000000003,-0.5199147922696803,5,5,15,Monday,2025-01,1,0,0,1,0,0,0,0,25,1,Alto,velocity_1h
TX-0007301,2025-09-10 09:47:28,ACC-00837,PIX,App,84.33,PR,RISK-6762115,0,Transporte,MER-1115,1,Novo dispositivo e local,41,MG,1867.04,2154,178.12,Varejo,175.443,101.69978435520272,134.11,-0.8959016046855451,1,1,9,Wednesday,2025-09,1,0,0,0,0,1,0,0,25,1,Alto,new_device_location
TX-0041531,2025-12-25 16:02:00,ACC-02102,Boleto,Internet Banking,474.51,PE,DEV-02102-A,1,Eletronicos,MER-1020,1,Alta velocidade,55,MG,3957.52,4514,250.16,Varejo,344.0080769230769,279.034558318775,240.705,0.4676908977268505,3,3,16,Thursday,2025-12,1,0,0,1,0,0,0,0,25,1,Alto,velocity_1h
TX-0003829,2025-09-10 10:03:00,ACC-00337,PIX,Internet Banking,156.92,BA,DEV-00337-A,1,Servicos,MER-1168,1,Alta velocidade,68,PE,5888.01,4816,794.93,Varejo,796.9848,743.9034526912751,504.67,-0.8604138046199271,4,4,10,Wednesday,2025-09,1,0,0,1,0,0,0,0,25,1,Alto,velocity_1h
TX-0029088,2025-09-10 10:04:00,ACC-00337,PIX,Internet Banking,532.25,SP,DEV-00337-A,1,Servicos,MER-1010,1,Alta velocidade,68,PE,5888.01,4816,794.93,Varejo,796.9848,743.9034526912751,504.67,-0.3558725249120018,5,5,10,Wednesday,2025-09,1,0,0,1,0,0,0,0,25,1,Alto,velocity_1h
TX-0038926,2025-09-07 13:03:00,ACC-02093,PIX,App,345.88,DF,NEW-4208592,1,Outros,MER-0801,1,Alta velocidade,22,DF,7194.35,2140,807.32,Varejo,814.7713793103447,683.969222102679,620.28,-0.6855445598397901,4,4,13,Sunday,2025-09,0,0,0,1,0,0,0,0,25,1,Alto,velocity_1h
TX-0023784,2025-09-05 14:42:17,ACC-00470,Saque,ATM,202.2,SC,NEW-8286161,0,Restaurante,MER-0331,0,Normal,45,SP,4145.99,2521,516.73,Alta renda,898.7,1476.2164014840528,591.7950000000001,-0.47181429450303,1,1,14,Friday,2025-09,1,0,0,0,0,1,0,0,25,1,Alto,new_device_location
TX-0004068,2025-09-05 15:47:40,ACC-02079,PIX,Internet Banking,222.49,GO,NEW-2745056,0,Transporte,MER-0272,0,Normal,25,RS,13730.49,1302,1639.85,Varejo,1734.8427272727274,1207.6953697383483,1638.52,-1.2522634144075457,1,1,15,Friday,2025-09,1,0,0,0,0,1,0,0,25,1,Alto,new_device_location
TX-0042327,2025-09-04 17:12:26,ACC-01598,Cartao,Carteira digital,574.96,SC,RISK-6778852,0,Mercado,MER-0300,1,Novo dispositivo e local,47,SP,4325.21,3456,372.37,Varejo,448.3530769230769,422.9675420433037,318.985,0.29933011517928965,1,1,17,Thursday,2025-09,1,0,0,0,0,1,0,0,25,1,Alto,new_device_location
TX-0043511,2025-09-12 22:21:04,ACC-01034,PIX,Internet Banking,508.57,DF,RISK-8876159,0,Servicos,MER-0719,1,Novo dispositivo e local,31,SP,4421.29,1369,266.26,Alta renda,353.3772727272727,129.40497634101317,355.23,1.1992794377841944,1,1,22,Friday,2025-09,1,0,0,0,0,1,0,0,25,1,Alto,new_device_location
TX-0024882,2025-01-11 14:35:50,ACC-00329,Transferencia,Internet Banking,474.09,PR,NEW-9707899,0,Mercado,MER-0032,0,Normal,59,SP,2659.7,1412,236.32,Varejo,326.36551724137934,285.79483745944907,188.02,0.5168899622953511,1,1,14,Saturday,2025-01,1,0,0,0,0,1,0,0,25,1,Alto,new_device_location
TX-0032184,2025-01-08 08:04:00,ACC-01221,Cartao,Carteira digital,295.66,SP,DEV-01221-A,1,Eletronicos,MER-0874,1,Alta velocidade,22,PR,4487.41,342,245.99,Empresarial,323.29703703703706,321.6700417510372,285.21,-0.08591734836913179,5,5,8,Wednesday,2025-01,1,0,0,1,0,0,0,0,25,1,Alto,velocity_1h
TX-0017532,2025-01-08 10:56:35,ACC-00873,PIX,App,89.78,PE,RISK-3199662,0,Restaurante,MER-0642,1,Novo dispositivo e local,65,GO,1278.03,3628,156.72,Varejo,144.83428571428573,97.40507179294625,124.845,-0.5652096415607034,1,1,10,Wednesday,2025-01,1,0,0,0,0,1,0,0,25,1,Alto,new_device_location
TX-0015804,2025-01-15 14:03:00,ACC-02026,Transferencia,Internet Banking,124.22,MG,NEW-8349602,1,Mercado,MER-0732,1,Alta velocidade,53,RJ,4464.66,1597,615.75,Digital,799.9962962962964,706.0083557641735,449.29,-0.9571788928260566,4,4,14,Wednesday,2025-01,1,0,0,1,0,0,0,0,25,1,Alto,velocity_1h
TX-0006821,2025-01-15 14:04:00,ACC-02026,PIX,Internet Banking,355.76,PE,NEW-8349602,1,Servicos,MER-1166,1,Alta velocidade,53,RJ,4464.66,1597,615.75,Digital,799.9962962962964,706.0083557641735,449.29,-0.6292224343654704,5,5,14,Wednesday,2025-01,1,0,0,1,0,0,0,0,25,1,Alto,velocity_1h
TX-0037554,2025-09-13 07:19:50,ACC-01389,Saque,ATM,748.92,PR,RISK-3898946,0,Transporte,MER-0140,1,Novo dispositivo e local,24,PE,4121.73,3570,506.87,Varejo,641.1503571428572,863.0706547382073,410.67499999999995,0.1248676945108651,1,1,7,Saturday,2025-09,1,0,0,0,0,1,0,0,25,1,Alto,new_device_location
TX-0003138,2025-09-13 09:57:48,ACC-00655,PIX,Internet Banking,899.9,RJ,RISK-8627443,0,Restaurante,MER-0611,1,Novo dispositivo e local,25,SP,5835.9,4943,638.79,Digital,2245.593,4734.323165569241,568.62,-0.28424189750853174,1,1,9,Saturday,2025-09,1,0,0,0,0,1,0,0,25,1,Alto,new_device_location
TX-0024165,2025-09-11 12:22:27,ACC-00671,Boleto,Internet Banking,124.23,RJ,NEW-6162922,0,Restaurante,MER-0941,0,Normal,38,SP,8959.29,3301,840.37,Varejo,994.6751851851851,1125.2045245177237,471.28,-0.7735884154556422,1,1,12,Thursday,2025-09,1,0,0,0,0,1,0,0,25,1,Alto,new_device_location
TX-0037168,2025-09-11 16:12:41,ACC-00273,Transferencia,Internet Banking,160.05,RS,RISK-5996575,0,Servicos,MER-0886,1,Novo dispositivo e local,48,PE,3070.15,3438,231.91,Alta renda,802.9146153846153,1208.2728409998488,275.285,-0.5320525245379538,1,1,16,Thursday,2025-09,1,0,0,0,0,1,0,0,25,1,Alto,new_device_location
TX-0048083,2025-09-11 17:25:12,ACC-01347,Transferencia,App,106.41,MG,NEW-2548667,0,Restaurante,MER-0793,0,Normal,71,SC,4031.15,3941,202.61,Varejo,306.66692307692307,182.72515646842464,236.85,-1.0959461025911228,1,1,17,Thursday,2025-09,1,0,0,0,0,1,0,0,25,1,Alto,new_device_location
TX-0029986,2025-09-11 23:55:42,ACC-02169,Boleto,Internet Banking,272.01,BA,RISK-4179748,0,Servicos,MER-0714,1,Novo dispositivo e local,63,GO,9706.35,3037,260.57,Alta renda,299.91999999999996,188.92088476396674,250.46,-0.14773379891201577,1,1,23,Thursday,2025-09,1,0,0,0,0,1,0,0,25,1,Alto,new_device_location
TX-0007037,2025-01-06 15:02:00,ACC-02033,Transferencia,Internet Banking,709.75,SP,DEV-02033-A,1,Restaurante,MER-0859,1,Alta velocidade,37,GO,3507.82,526,530.4,Alta renda,472.89349999999996,268.358396557467,406.71500000000003,0.8826125921097421,3,3,15,Monday,2025-01,1,0,0,1,0,0,0,0,25,1,Alto,velocity_1h
TX-0003065,2025-01-08 08:02:00,ACC-01221,Cartao,E-commerce,801.33,RJ,DEV-01221-A,1,Eletronicos,MER-0639,1,Alta velocidade,22,PR,4487.41,342,245.99,Empresarial,323.29703703703706,321.6700417510372,285.21,1.486097245365939,3,3,8,Wednesday,2025-01,1,0,0,1,0,0,0,0,25,1,Alto,velocity_1h
TX-0031131,2025-01-15 16:21:10,ACC-01129,PIX,Internet Banking,308.72,RS,RISK-8710850,0,Viagem,MER-0186,1,Novo dispositivo e local,31,SP,5996.98,1170,502.47,Varejo,656.0285714285715,449.057433167359,538.27,-0.7734168188217767,1,1,16,Wednesday,2025-01,1,0,0,0,0,1,0,0,25,1,Alto,new_device_location
TX-0041927,2025-01-15 16:48:41,ACC-00840,Boleto,App,315.36,BA,RISK-5275036,0,Servicos,MER-0930,1,Novo dispositivo e local,31,SP,4410.05,4609,562.19,Varejo,747.8908,761.4737029871748,315.36,-0.568018039629249,1,1,16,Wednesday,2025-01,1,0,0,0,0,1,0,0,25,1,Alto,new_device_location
TX-0036189,2025-01-15 09:55:16,ACC-00892,Saque,ATM,37.43,DF,NEW-1960060,0,Servicos,MER-0156,0,Normal,35,RS,2596.78,3024,85.37,Digital,137.5475,121.61217600772274,95.39,-0.8232522703453826,1,1,9,Wednesday,2025-01,1,0,0,0,0,1,0,0,25,1,Alto,new_device_location
TX-0025186,2025-01-15 12:32:54,ACC-00642,Saque,ATM,158.15,GO,RISK-5367110,0,Outros,MER-0878,1,Novo dispositivo e local,68,SP,4356.1,2920,189.64,Varejo,178.91384615384615,76.00040378603936,172.06,-0.27320705048228033,1,1,12,Wednesday,2025-01,1,0,0,0,0,1,0,0,25,1,Alto,new_device_location
TX-0023316,2025-01-15 13:09:00,ACC-00585,Cartao,Carteira digital,173.31,DF,RISK-8009184,0,Outros,MER-0908,1,Novo dispositivo e local,67,MG,2309.28,2128,339.36,Digital,230.645625,143.8663518208827,165.335,-0.3985339467798858,1,1,13,Wednesday,2025-01,1,0,0,0,0,1,0,0,25,1,Alto,new_device_location
TX-0000010,2025-01-15 14:02:00,ACC-02026,Cartao,POS,380.01,DF,NEW-8349602,1,Mercado,MER-0387,1,Alta velocidade,53,RJ,4464.66,1597,615.75,Digital,799.9962962962964,706.0083557641735,449.29,-0.5948743989604898,3,3,14,Wednesday,2025-01,1,0,0,1,0,0,0,0,25,1,Alto,velocity_1h
TX-0009327,2025-01-11 14:59:32,ACC-01488,Transferencia,App,563.67,DF,RISK-2763620,0,Outros,MER-0349,1,Novo dispositivo e local,70,RJ,6113.29,4925,705.91,Alta renda,841.423,485.95657205903535,681.895,-0.5715593037936275,1,1,14,Saturday,2025-01,1,0,0,0,0,1,0,0,25,1,Alto,new_device_location
TX-0031337,2025-01-11 15:51:17,ACC-02400,Boleto,App,215.92,MG,NEW-0117768,0,Eletronicos,MER-0846,0,Normal,47,PR,2777.29,4144,245.5,Alta renda,929.5123076923077,2984.5981130735945,234.54500000000002,-0.23909158977435563,1,1,15,Saturday,2025-01,1,0,0,0,0,1,0,0,25,1,Alto,new_device_location
TX-0007972,2025-01-11 17:41:29,ACC-00569,PIX,Internet Banking,1113.64,RS,RISK-4053361,0,Mercado,MER-0814,1,Novo dispositivo e local,26,SP,8287.0,3516,546.46,Alta renda,808.5591304347827,664.2054425532746,638.29,0.4593170275637233,1,1,17,Saturday,2025-01,1,0,0,0,0,1,0,0,25,1,Alto,new_device_location
TX-0015639,2025-01-12 10:40:48,ACC-01320,Saque,ATM,289.31,SP,NEW-8871486,0,Eletronicos,MER-0327,0,Normal,28,BA,3283.15,2633,433.34,Empresarial,1199.944761904762,3287.985322054554,482.0,-0.2769582807430953,1,1,10,Sunday,2025-01,1,0,0,0,0,1,0,0,25,1,Alto,new_device_location
TX-0027235,2025-12-29 08:13:16,ACC-00755,Cartao,Carteira digital,1389.35,PR,RISK-0822588,0,Servicos,MER-0086,1,Novo dispositivo e local,56,RJ,10253.9,4818,1392.35,Varejo,1604.2064705882353,1331.501176731273,1252.2,-0.16136408614800518,1,2,8,Monday,2025-12,1,0,0,0,0,1,0,0,25,1,Alto,new_device_location
TX-0049880,2025-12-29 21:03:08,ACC-01401,Cartao,POS,366.09,RJ,RISK-2312722,0,Outros,MER-1170,1,Novo dispositivo e local,77,SP,3576.9,1869,568.81,Varejo,1279.7504,3020.601731335276,418.49,-0.3024762882580057,1,1,21,Monday,2025-12,1,0,0,0,0,1,0,0,25,1,Alto,new_device_location
TX-0006795,2025-12-27 16:50:43,ACC-02015,PIX,Internet Banking,41.0,SP,NEW-9279743,0,Restaurante,MER-0867,0,Normal,64,BA,1616.56,1347,188.99,Digital,237.79227272727275,169.69921381897802,184.41,-1.1596534144064774,2,2,16,Saturday,2025-12,1,0,0,0,0,1,0,0,25,1,Alto,new_device_location
TX-0029213,2025-01-05 12:32:16,ACC-02463,PIX,App,214.79,SC,RISK-1242452,0,Restaurante,MER-0715,1,Novo dispositivo e local,28,SP,7263.47,4132,562.79,Varejo,594.2046153846154,395.127477761097,607.575,-0.960233435382639,1,1,12,Sunday,2025-01,1,0,0,0,0,1,0,0,25,1,Alto,new_device_location
TX-0013803,2025-12-25 16:03:00,ACC-02102,Cartao,E-commerce,350.35,BA,DEV-02102-A,1,Servicos,MER-1164,1,Alta velocidade,55,MG,3957.52,4514,250.16,Varejo,344.0080769230769,279.034558318775,240.705,0.022728091871968024,4,4,16,Thursday,2025-12,1,0,0,1,0,0,0,0,25,1,Alto,velocity_1h
TX-0025720,2025-12-25 16:04:00,ACC-02102,Transferencia,App,1291.22,SP,DEV-02102-A,1,Outros,MER-0433,1,Alta velocidade,55,MG,3957.52,4514,250.16,Varejo,344.0080769230769,279.034558318775,240.705,3.394604341426441,5,5,16,Thursday,2025-12,1,0,0,1,0,0,0,0,25,1,Alto,velocity_1h
TX-0000972,2025-12-23 17:57:36,ACC-00726,Saque,ATM,177.91,RJ,RISK-5378055,0,Eletronicos,MER-0946,1,Novo dispositivo e local,63,SP,4003.04,3934,400.31,Varejo,599.3461904761905,497.4726468709228,521.28,-0.8471544980955281,1,1,17,Tuesday,2025-12,1,0,0,0,0,1,0,0,25,1,Alto,new_device_location
TX-0037249,2025-12-23 20:13:26,ACC-00761,PIX,App,92.98,PE,NEW-6029787,0,Restaurante,MER-0995,0,Normal,75,BA,1970.28,2085,118.68,Varejo,523.4936842105262,2496.2630902908095,98.76,-0.17246326554480773,1,1,20,Tuesday,2025-12,1,0,0,0,0,1,0,0,25,1,Alto,new_device_location
TX-0018874,2025-12-24 09:02:00,ACC-00994,PIX,App,623.63,SC,RISK-1615570,0,Transporte,MER-0619,1,Novo dispositivo e local,57,GO,4683.54,2736,611.28,Varejo,571.94625,308.4018792703767,479.88,0.16758571680002235,1,1,9,Wednesday,2025-12,1,0,0,0,0,1,0,0,25,1,Alto,new_device_location
TX-0044655,2025-12-22 11:05:26,ACC-01894,Transferencia,App,186.31,PE,RISK-8805727,0,Viagem,MER-1145,1,Novo dispositivo e local,50,RS,4896.38,1545,195.74,Varejo,1121.0305555555556,3597.8944113262432,191.535,-0.2597965500635696,1,1,11,Monday,2025-12,1,0,0,0,0,1,0,0,25,1,Alto,new_device_location
TX-0015431,2025-12-23 08:08:24,ACC-01255,Cartao,E-commerce,71.83,PR,RISK-9615131,0,Restaurante,MER-0889,1,Novo dispositivo e local,21,BA,2561.02,2788,87.83,Varejo,938.9638888888888,3634.316613045767,64.92,-0.23859613270242314,1,1,8,Tuesday,2025-12,1,0,0,0,0,1,0,0,25,1,Alto,new_device_location
TX-0000984,2025-12-23 15:06:20,ACC-01021,Saque,ATM,68.34,RJ,NEW-8157544,0,Servicos,MER-1053,0,Normal,22,SP,1752.29,4672,237.48,Digital,238.52761904761905,200.56306541596243,193.6,-0.8485491518323899,1,1,15,Tuesday,2025-12,1,0,0,0,0,1,0,0,25,1,Alto,new_device_location
TX-0013544,2025-01-01 00:50:00,ACC-00418,Boleto,App,1804.35,RJ,DEV-00418-A,1,Eletronicos,MER-0549,1,Horario incomum,64,RJ,5960.18,1182,563.86,Varejo,723.0668181818181,565.0402147625581,504.28999999999996,1.9136393367551012,1,1,0,Wednesday,2025-01,0,0,0,0,1,0,0,0,20,1,Alto,unusual_hour
TX-0005663,2025-01-01 02:38:38,ACC-00211,PIX,App,1282.46,GO,DEV-00211-A,1,Restaurante,MER-0054,0,Normal,37,GO,2810.67,4996,411.66,Empresarial,427.7993333333333,395.8764391690865,245.34,2.1589076340600926,1,1,2,Wednesday,2025-01,0,0,0,0,1,0,0,0,20,1,Alto,unusual_hour
TX-0039710,2025-01-01 04:44:22,ACC-01019,Transferencia,App,499.89,MG,DEV-01019-A,1,Servicos,MER-0632,0,Normal,33,MG,5086.62,3260,158.85,Varejo,168.37800000000001,107.39722244530125,157.24,3.0867837403229226,1,1,4,Wednesday,2025-01,0,0,0,0,1,0,0,0,20,1,Alto,unusual_hour
TX-0044018,2025-01-02 00:19:34,ACC-01570,PIX,Internet Banking,299.75,SP,DEV-01570-A,1,Mercado,MER-0553,0,Normal,24,SP,3569.92,2798,98.45,Digital,123.9884,84.04770137051143,103.64,2.091212455950245,1,1,0,Thursday,2025-01,0,0,0,0,1,0,0,0,20,1,Alto,unusual_hour
TX-0028661,2025-12-18 02:17:00,ACC-00840,PIX,Internet Banking,1799.01,SP,DEV-00840-A,1,Mercado,MER-0149,1,Horario incomum,31,SP,4410.05,4609,562.19,Varejo,747.8908,761.4737029871748,315.36,1.3803749175796602,1,2,2,Thursday,2025-12,0,0,0,0,1,0,0,0,20,1,Alto,unusual_hour
TX-0045371,2025-12-19 02:09:00,ACC-02227,PIX,App,3571.04,PE,DEV-02227-A,1,Servicos,MER-0023,1,Horario incomum,68,RJ,8088.33,4007,1115.95,Varejo,1974.551111111111,3509.260198340601,994.52,0.4549360260159134,1,1,2,Friday,2025-12,1,0,0,0,1,0,0,0,20,1,Alto,unusual_hour
TX-0028473,2025-12-19 03:48:00,ACC-00224,Cartao,E-commerce,593.6,MG,DEV-00224-A,1,Eletronicos,MER-0206,1,Horario incomum,51,MG,2692.34,2783,185.5,Digital,226.1175,163.41940057371087,173.6,2.248707917847525,1,1,3,Friday,2025-12,0,0,0,0,1,0,0,0,20,1,Alto,unusual_hour
TX-0038961,2025-12-20 00:00:00,ACC-00827,PIX,Internet Banking,632.96,BA,DEV-00827-A,1,Restaurante,MER-1117,1,Horario incomum,72,BA,2064.0,3600,197.8,Varejo,224.47875,171.31688155286975,174.065,2.3843607605823687,1,1,0,Saturday,2025-12,0,0,0,0,1,0,0,0,20,1,Alto,unusual_hour
TX-0032468,2025-12-21 02:25:00,ACC-02272,Boleto,App,587.42,PR,DEV-02272-A,1,Viagem,MER-0776,1,Horario incomum,36,PR,2788.52,4913,183.57,Varejo,254.14000000000001,259.0178060674594,137.78,1.286706906602396,1,1,2,Sunday,2025-12,0,0,0,0,1,0,0,0,20,1,Alto,unusual_hour
TX-0029950,2025-12-21 02:44:50,ACC-01828,Cartao,Carteira digital,156.22,SP,DEV-01828-A,1,Restaurante,MER-0676,0,Normal,70,SP,1192.07,4960,52.27,Varejo,74.30954545454546,57.7057096685846,54.47,1.4194514722352887,1,1,2,Sunday,2025-12,0,0,0,0,1,0,0,0,20,1,Alto,unusual_hour
TX-0039477,2025-01-17 02:37:27,ACC-00341,Boleto,App,235.99,RS,DEV-00341-A,1,Transporte,MER-0045,0,Normal,72,RS,2957.37,4162,78.08,Alta renda,95.55954545454546,73.81704097211421,76.485,1.9024124063507886,1,1,2,Friday,2025-01,0,0,0,0,1,0,0,0,20,1,Alto,unusual_hour
TX-0031707,2025-01-17 03:53:00,ACC-02176,Cartao,E-commerce,4147.97,SP,DEV-02176-A,1,Servicos,MER-0664,1,Horario incomum,74,SP,9557.76,3882,1296.24,Alta renda,2044.468,1799.0972269063789,1173.87,1.1691986228098734,1,1,3,Friday,2025-01,0,0,0,0,1,0,0,0,20,1,Alto,unusual_hour
TX-0008753,2025-01-24 02:33:50,ACC-01133,PIX,Internet Banking,588.21,SP,DEV-01133-A,1,Outros,MER-0392,0,Normal,35,SP,1625.76,386,249.58,Digital,247.56444444444443,154.03292517480963,214.005,2.211511306228601,1,1,2,Friday,2025-01,0,0,0,0,1,0,0,0,20,1,Alto,unusual_hour
TX-0000891,2025-01-24 03:39:00,ACC-02290,Boleto,Internet Banking,951.01,SP,NEW-7150335,0,Outros,MER-0470,1,Horario incomum,76,SP,3213.76,4494,297.19,Varejo,421.4309090909091,472.48696379002365,278.17499999999995,1.1208332324369468,1,1,3,Friday,2025-01,0,0,0,0,1,0,0,0,20,1,Alto,unusual_hour
TX-0049113,2025-01-26 19:43:03,ACC-02195,PIX,App,15500.0,SP,DEV-02195-A,1,Eletronicos,MER-0420,1,Valor atipico,68,SP,5280.55,2874,343.96,Varejo,2515.9787499999998,5318.476854332418,370.055,2.4413044572006077,1,1,19,Sunday,2025-01,0,0,1,0,0,0,0,0,20,1,Alto,high_value
TX-0013002,2025-01-27 04:00:00,ACC-01594,Transferencia,Internet Banking,2676.29,SP,DEV-01594-A,1,Restaurante,MER-1014,1,Horario incomum,32,PE,5927.96,3448,836.34,Empresarial,1359.645238095238,1130.7200309122456,895.92,1.1644303858688303,1,1,4,Monday,2025-01,1,0,0,0,1,0,0,0,20,1,Alto,unusual_hour
TX-0014138,2025-01-27 14:00:00,ACC-01236,PIX,App,3500.0,BA,DEV-01996-A,1,Servicos,MER-0385,1,Fracionamento,43,GO,1932.0,2685,100.63,Varejo,807.1725925925925,1440.9361823443721,119.65,1.8688040736309608,2,5,14,Monday,2025-01,1,0,0,0,0,0,0,1,20,1,Alto,structuring
TX-0005407,2025-12-16 12:54:32,ACC-01549,PIX,App,15500.0,SP,DEV-01549-A,1,Viagem,MER-0435,1,Valor atipico,20,SP,2382.61,2028,264.15,Varejo,2148.2625,5213.139608707341,249.54000000000002,2.5611701397175355,1,1,12,Tuesday,2025-12,0,0,1,0,0,0,0,0,20,1,Alto,high_value
TX-0032823,2025-12-17 01:28:21,ACC-00526,PIX,App,1066.91,RS,DEV-00526-A,1,Outros,MER-0239,0,Normal,74,RS,6298.13,945,661.13,Varejo,596.5405263157895,437.254515146927,351.27,1.0757338286744877,1,1,1,Wednesday,2025-12,0,0,0,0,1,0,0,0,20,1,Alto,unusual_hour
TX-0042187,2025-12-17 02:20:00,ACC-02486,Transferencia,App,502.05,SP,DEV-02486-A,1,Restaurante,MER-0019,1,Horario incomum,72,SP,3579.62,4026,156.89,Varejo,881.5752173913044,3190.6851782676704,168.36,-0.11894787363426475,1,1,2,Wednesday,2025-12,0,0,0,0,1,0,0,0,20,1,Alto,unusual_hour
TX-0043850,2025-01-22 03:44:21,ACC-00817,Saque,ATM,584.12,RJ,DEV-00817-A,1,Transporte,MER-0249,0,Normal,18,RJ,5315.53,3171,286.77,Varejo,315.23761904761903,225.75103716051368,233.53,1.1910571235214304,1,1,3,Wednesday,2025-01,0,0,0,0,1,0,0,0,20,1,Alto,unusual_hour
TX-0032158,2025-01-22 14:00:00,ACC-00400,PIX,App,4500.0,SP,DEV-01293-A,1,Eletronicos,MER-0197,1,Fracionamento,70,RS,2077.95,4183,306.07,Varejo,1081.5382608695652,1603.948027996861,276.98,2.1312796172078494,2,5,14,Wednesday,2025-01,1,0,0,0,0,0,0,1,20,1,Alto,structuring
TX-0045055,2025-01-22 15:25:51,ACC-01890,PIX,App,15500.0,SP,DEV-01890-A,1,Outros,MER-0133,1,Valor atipico,70,SP,2755.66,3408,255.57,Varejo,1583.745,4385.256710195901,360.365,3.173418552132681,1,1,15,Wednesday,2025-01,0,0,1,0,0,0,0,0,20,1,Alto,high_value
TX-0022801,2025-01-23 00:05:11,ACC-01485,PIX,App,538.05,RJ,DEV-01485-A,1,Restaurante,MER-0638,0,Normal,64,RJ,3091.06,1171,216.27,Digital,270.0263636363636,273.4119018126567,135.47,0.9802924985587773,1,1,0,Thursday,2025-01,0,0,0,0,1,0,0,0,20,1,Alto,unusual_hour
TX-0000493,2025-01-23 02:10:00,ACC-01422,Cartao,E-commerce,2628.06,MG,NEW-5417715,0,Viagem,MER-0495,1,Horario incomum,76,MG,5955.71,2528,821.27,Digital,1249.4688235294118,1041.1961687518492,857.71,1.3240455716651327,1,1,2,Thursday,2025-01,0,0,0,0,1,0,0,0,20,1,Alto,unusual_hour
TX-0044045,2025-01-23 02:37:00,ACC-01070,Cartao,Carteira digital,112.0,SP,DEV-01070-A,1,Transporte,MER-1012,1,Horario incomum,24,SP,1324.13,1540,35.0,Varejo,45.794999999999995,23.037463062321468,40.945,2.8737973370114904,1,1,2,Thursday,2025-01,0,0,0,0,1,0,0,0,20,1,Alto,unusual_hour
TX-0030511,2025-01-23 12:02:23,ACC-01798,Cartao,Carteira digital,15500.0,SC,DEV-01798-A,1,Mercado,MER-0705,1,Valor atipico,55,SC,4101.75,237,434.77,Digital,1400.7714285714285,4063.681198903388,291.8,3.4695705399413086,1,1,12,Thursday,2025-01,0,0,1,0,0,0,0,0,20,1,Alto,high_value
TX-0028081,2025-01-23 18:37:39,ACC-01330,Cartao,POS,15500.0,SP,DEV-01330-A,1,Mercado,MER-0362,1,Valor atipico,49,SP,2966.39,3236,474.58,Alta renda,2225.3900000000003,4596.618356499185,582.9449999999999,2.8879077988345396,1,1,18,Thursday,2025-01,0,0,1,0,0,0,0,0,20,1,Alto,high_value
TX-0026935,2025-02-05 03:52:00,ACC-00516,Transferencia,App,863.46,SP,DEV-00516-A,1,Servicos,MER-0230,1,Horario incomum,35,SP,2687.28,3130,269.83,Empresarial,385.09238095238095,300.52514052745676,242.64,1.591772382862971,1,1,3,Wednesday,2025-02,0,0,0,0,1,0,0,0,20,1,Alto,unusual_hour
TX-0030793,2025-01-28 00:47:00,ACC-00702,Transferencia,App,719.42,SP,DEV-00702-A,1,Servicos,MER-0420,1,Horario incomum,40,SP,2887.23,700,224.82,Varejo,242.1485,185.79314145958415,181.515,2.5688327149784564,1,1,0,Tuesday,2025-01,0,0,0,0,1,0,0,0,20,1,Alto,unusual_hour
TX-0025493,2025-01-30 02:08:00,ACC-00826,PIX,Internet Banking,438.4,RS,DEV-00826-A,1,Viagem,MER-0095,1,Horario incomum,22,RS,3673.07,4089,137.0,Varejo,166.3447619047619,127.63159858040828,138.12,2.131566486051983,1,1,2,Thursday,2025-01,0,0,0,0,1,0,0,0,20,1,Alto,unusual_hour
TX-0012688,2025-01-30 04:46:00,ACC-02291,Boleto,Internet Banking,424.42,MG,DEV-02291-A,1,Outros,MER-0313,1,Horario incomum,26,MG,1367.78,3888,132.63,Varejo,149.6284,100.50037465435972,109.62,2.7342345831551538,1,1,4,Thursday,2025-01,0,0,0,0,1,0,0,0,20,1,Alto,unusual_hour
TX-0038167,2025-01-30 10:18:04,ACC-01379,Transferencia,App,15500.0,DF,DEV-01379-A,1,Outros,MER-0544,1,Valor atipico,60,DF,4601.41,1046,604.53,Varejo,1901.021818181818,4529.376717739027,420.83,3.002395037833487,1,1,10,Thursday,2025-01,0,0,1,0,0,0,0,0,20,1,Alto,high_value
TX-0041884,2025-02-01 04:24:00,ACC-01430,Cartao,E-commerce,5368.48,PR,DEV-01430-A,1,Servicos,MER-0666,1,Horario incomum,46,PR,14377.41,4661,1677.65,Varejo,2960.0495652173913,4519.619877496214,1722.99,0.5328834061409683,1,1,4,Saturday,2025-02,0,0,0,0,1,0,0,0,20,1,Alto,unusual_hour
TX-0008734,2025-02-01 08:39:09,ACC-01119,Saque,ATM,15500.0,RS,DEV-01119-A,1,Servicos,MER-0037,1,Valor atipico,65,RS,1705.24,4822,251.36,Varejo,2328.867272727273,5359.6357488965,246.92000000000002,2.4574678848249234,1,1,8,Saturday,2025-02,0,0,1,0,0,0,0,0,20,1,Alto,high_value
TX-0021586,2025-02-01 18:37:23,ACC-02478,Cartao,POS,15500.0,SC,DEV-02478-A,1,Outros,MER-0533,1,Valor atipico,45,SC,3641.28,2343,136.83,Varejo,1653.2105,4736.412567774625,92.105,2.923476217889066,1,1,18,Saturday,2025-02,0,0,1,0,0,0,0,0,20,1,Alto,high_value
TX-0048512,2025-09-17 17:41:53,ACC-02340,Transferencia,Internet Banking,15500.0,SP,DEV-02340-A,1,Restaurante,MER-0179,1,Valor atipico,57,SP,7708.02,1621,910.95,Varejo,2200.5184999999997,4689.782482157382,563.035,2.8358418648623562,1,1,17,Wednesday,2025-09,0,0,1,0,0,0,0,0,20,1,Alto,high_value
TX-0009748,2025-09-18 01:20:00,ACC-00654,Cartao,E-commerce,1890.46,SP,DEV-00654-A,1,Transporte,MER-0955,1,Horario incomum,75,SP,4552.22,2330,590.77,Alta renda,840.0461904761905,921.8249626934398,542.16,1.1394937781405394,1,1,1,Thursday,2025-09,0,0,0,0,1,0,0,0,20,1,Alto,unusual_hour
TX-0030987,2025-09-18 02:45:05,ACC-00336,Saque,ATM,574.54,MG,NEW-5626719,0,Eletronicos,MER-0950,0,Normal,26,MG,2865.32,4852,147.28,Digital,208.29299999999998,150.68941757626405,160.325,2.4304759145720505,1,1,2,Thursday,2025-09,0,0,0,0,1,0,0,0,20,1,Alto,unusual_hour
TX-0014182,2025-08-25 00:16:01,ACC-02461,PIX,App,307.02,RS,DEV-02461-A,1,Restaurante,MER-0794,0,Normal,29,RS,2959.39,268,183.48,Empresarial,150.460625,97.90011892868158,117.235,1.5991745128936012,1,1,0,Monday,2025-08,0,0,0,0,1,0,0,0,20,1,Alto,unusual_hour
TX-0044512,2025-08-25 00:33:05,ACC-02224,PIX,Internet Banking,3459.65,BA,DEV-02224-A,1,Viagem,MER-1029,0,Normal,54,MG,5246.68,2396,724.09,Varejo,836.0533333333333,861.663320394534,636.85,3.044804861213528,1,1,0,Monday,2025-08,1,0,0,0,1,0,0,0,20,1,Alto,unusual_hour
TX-0017977,2025-08-26 02:27:29,ACC-00990,Cartao,Carteira digital,1506.47,PR,DEV-00990-A,1,Eletronicos,MER-0475,0,Normal,36,PR,4150.4,372,548.26,Digital,833.8968421052631,1139.153266436926,417.27,0.5904149842790067,1,1,2,Tuesday,2025-08,0,0,0,0,1,0,0,0,20,1,Alto,unusual_hour
TX-0010179,2025-08-26 03:30:00,ACC-01381,PIX,Internet Banking,717.22,SP,DEV-01381-A,1,Mercado,MER-0201,1,Horario incomum,40,SP,2213.21,1108,224.13,Alta renda,235.37769230769229,191.06076579575816,175.19,2.5219322537804114,1,1,3,Tuesday,2025-08,0,0,0,0,1,0,0,0,20,1,Alto,unusual_hour
TX-0018991,2025-08-26 12:00:00,ACC-01388,PIX,App,3500.0,SC,DEV-00536-A,1,Eletronicos,MER-0323,1,Fracionamento,38,SP,3346.23,1670,531.79,Digital,1553.068,1466.4122851620841,813.95,1.3276839124304005,2,3,12,Tuesday,2025-08,1,0,0,0,0,0,0,1,20,1,Alto,structuring
TX-0032116,2025-09-14 01:04:34,ACC-00025,Cartao,Carteira digital,605.29,PR,DEV-00025-A,1,Mercado,MER-0580,0,Normal,75,PR,5809.17,1063,185.07,Digital,205.28736842105263,168.14831613925796,127.65,2.3788678992638324,1,1,1,Sunday,2025-09,0,0,0,0,1,0,0,0,20,1,Alto,unusual_hour
TX-0002463,2025-09-14 01:44:09,ACC-02146,Transferencia,App,1953.54,SP,DEV-02146-A,1,Outros,MER-0679,0,Normal,61,SP,7691.55,1655,641.81,Digital,857.6600000000001,593.673823763708,666.03,1.8459294584565988,1,1,1,Sunday,2025-09,0,0,0,0,1,0,0,0,20,1,Alto,unusual_hour
TX-0018309,2025-09-14 02:23:00,ACC-00537,Transferencia,App,1292.03,SP,DEV-00537-A,1,Restaurante,MER-0008,1,Horario incomum,51,SP,2921.52,4558,403.76,Digital,485.198125,370.13483757893334,438.27,2.1798323018646912,1,1,2,Sunday,2025-09,0,0,0,0,1,0,0,0,20,1,Alto,unusual_hour
TX-0039207,2025-09-15 01:47:00,ACC-01308,Transferencia,Internet Banking,1561.86,SP,DEV-01308-A,1,Viagem,MER-0894,1,Horario incomum,68,SP,4391.93,3581,488.08,Alta renda,585.3657575757576,370.2473467496957,470.86,2.637410506777777,1,1,1,Monday,2025-09,0,0,0,0,1,0,0,0,20,1,Alto,unusual_hour
TX-0011225,2025-09-15 04:24:00,ACC-01757,Cartao,E-commerce,1129.92,DF,DEV-01757-A,1,Mercado,MER-0067,1,Horario incomum,66,DF,2728.54,3924,353.1,Alta renda,463.4676923076923,368.2630258197223,312.88,1.8097182203096318,1,1,4,Monday,2025-09,0,0,0,0,1,0,0,0,20,1,Alto,unusual_hour
TX-0034919,2025-09-15 11:56:22,ACC-02045,PIX,Internet Banking,15500.0,BA,DEV-02045-A,1,Eletronicos,MER-1114,1,Valor atipico,65,BA,8777.23,3071,1023.7,Varejo,2335.329166666667,4124.777264244139,1070.835,3.1916076893295586,1,1,11,Monday,2025-09,0,0,1,0,0,0,0,0,20,1,Alto,high_value
TX-0014729,2025-09-16 04:07:00,ACC-01637,PIX,Internet Banking,495.33,DF,DEV-01637-A,1,Restaurante,MER-1010,1,Horario incomum,59,DF,2620.39,500,154.79,Varejo,185.47187499999998,135.109968061514,127.675,2.2933772351935215,1,1,4,Tuesday,2025-09,0,0,0,0,1,0,0,0,20,1,Alto,unusual_hour
TX-0044551,2025-09-16 04:25:00,ACC-00248,PIX,Internet Banking,186.78,SP,DEV-00248-A,1,Servicos,MER-0466,1,Horario incomum,42,SP,1611.85,1555,58.37,Varejo,76.20142857142858,80.63261308463929,44.98,1.3713876705508494,1,1,4,Tuesday,2025-09,0,0,0,0,1,0,0,0,20,1,Alto,unusual_hour
TX-0041714,2025-09-01 03:53:00,ACC-01288,PIX,App,1608.51,MG,DEV-01288-A,1,Outros,MER-0807,1,Horario incomum,27,RJ,3307.95,1142,502.66,Varejo,635.3038095238096,612.0673396814781,418.48,1.5900312390179978,1,1,3,Monday,2025-09,1,0,0,0,1,0,0,0,20,1,Alto,unusual_hour
TX-0010982,2025-09-01 04:10:00,ACC-00810,Saque,ATM,365.28,SP,DEV-00810-A,1,Mercado,MER-0144,1,Horario incomum,56,SP,3340.14,4520,114.15,Alta renda,144.546,100.6277233171853,115.31,2.193570446826385,1,1,4,Monday,2025-09,0,0,0,0,1,0,0,0,20,1,Alto,unusual_hour
TX-0042661,2025-09-03 00:00:00,ACC-00330,PIX,Internet Banking,4045.31,SP,DEV-00330-A,1,Eletronicos,MER-0263,1,Horario incomum,48,SP,10712.89,4557,1264.16,Digital,1770.0725,1024.3742677719572,1540.67,2.2210998182809742,1,1,0,Wednesday,2025-09,0,0,0,0,1,0,0,0,20,1,Alto,unusual_hour
TX-0017087,2025-09-03 02:53:00,ACC-00727,Saque,ATM,1597.47,SP,DEV-00727-A,1,Outros,MER-1020,1,Horario incomum,58,SP,3718.55,4515,499.21,Varejo,524.65,375.31026632711007,369.44,2.8584882862355805,1,1,2,Wednesday,2025-09,0,0,0,0,1,0,0,0,20,1,Alto,unusual_hour
TX-0041733,2025-09-04 04:13:00,ACC-00117,Cartao,POS,163.78,RJ,DEV-00117-A,1,Restaurante,MER-0557,1,Horario incomum,49,RJ,1868.99,85,51.18,Varejo,72.2088888888889,59.50653655532691,46.665,1.538841216644692,1,1,4,Thursday,2025-09,0,0,0,0,1,0,0,0,20,1,Alto,unusual_hour
TX-0004689,2025-09-13 12:00:00,ACC-00566,PIX,App,3500.0,RJ,DEV-01779-A,1,Viagem,MER-1096,1,Fracionamento,36,MG,4272.45,4724,259.9,Alta renda,938.96875,1320.6272787819064,353.85,1.9392536343503313,2,3,12,Saturday,2025-09,1,0,0,0,0,0,0,1,20,1,Alto,structuring
TX-0015011,2025-09-13 13:00:00,ACC-00566,PIX,App,3500.0,SP,DEV-02333-A,1,Outros,MER-1098,1,Fracionamento,36,MG,4272.45,4724,259.9,Alta renda,938.96875,1320.6272787819064,353.85,1.9392536343503313,2,4,13,Saturday,2025-09,1,0,0,0,0,0,0,1,20,1,Alto,structuring
TX-0011416,2025-09-14 00:13:02,ACC-01675,PIX,App,601.41,SP,DEV-01675-A,1,Mercado,MER-0343,0,Normal,19,SP,1536.17,1491,235.85,Varejo,1007.561,3416.8918661245953,205.77499999999998,-0.11886562873897806,1,1,0,Sunday,2025-09,0,0,0,0,1,0,0,0,20,1,Alto,unusual_hour
TX-0038958,2025-09-05 04:41:00,ACC-01308,Boleto,App,1561.86,SP,DEV-01308-A,1,Eletronicos,MER-0989,1,Horario incomum,68,SP,4391.93,3581,488.08,Alta renda,585.3657575757576,370.2473467496957,470.86,2.637410506777777,1,1,4,Friday,2025-09,0,0,0,0,1,0,0,0,20,1,Alto,unusual_hour
TX-0034639,2025-09-06 01:34:20,ACC-02116,Cartao,E-commerce,153.27,BA,DEV-02116-A,1,Outros,MER-1161,0,Normal,32,RS,605.04,4848,57.93,Varejo,66.16375000000001,50.841697568695196,44.455,1.71328366607558,1,2,1,Saturday,2025-09,1,0,0,0,1,0,0,0,20,1,Alto,unusual_hour
TX-0034772,2025-09-06 13:00:00,ACC-01474,PIX,App,3500.0,BA,DEV-02060-A,1,Eletronicos,MER-0446,1,Fracionamento,67,MG,4789.48,456,302.74,Varejo,913.4134482758622,1323.803475958238,316.36,1.953905242507262,2,4,13,Saturday,2025-09,1,0,0,0,0,0,0,1,20,1,Alto,structuring
TX-0047822,2025-09-07 13:00:00,ACC-02414,PIX,App,3500.0,SP,DEV-01506-A,1,Mercado,MER-0512,1,Fracionamento,30,GO,1999.03,4020,199.63,Varejo,1163.6852631578947,1582.220262979169,340.62,1.4766052435980364,2,4,13,Sunday,2025-09,1,0,0,0,0,0,0,1,20,1,Alto,structuring
TX-0005597,2025-09-08 04:11:26,ACC-01500,PIX,App,4194.21,RJ,DEV-01500-A,1,Servicos,MER-0746,0,Normal,62,RJ,6378.25,3458,989.1,Varejo,1289.0494117647058,893.8938283884067,1084.18,3.2500063161561172,1,1,4,Monday,2025-09,0,0,0,0,1,0,0,0,20,1,Alto,unusual_hour
TX-0036837,2025-09-09 01:37:00,ACC-00891,Boleto,App,1373.5,MG,DEV-00891-A,1,Mercado,MER-0767,1,Horario incomum,42,MG,8185.64,4505,429.22,Alta renda,625.682,550.512418671531,408.57000000000005,1.3584035066903613,1,1,1,Tuesday,2025-09,0,0,0,0,1,0,0,0,20,1,Alto,unusual_hour
TX-0034009,2025-09-09 02:12:00,ACC-02044,Cartao,POS,3591.01,SP,DEV-02044-A,1,Restaurante,MER-0539,1,Horario incomum,53,SP,7961.38,670,1122.19,Varejo,2572.391052631579,4012.0658938547062,1180.86,0.25388888774948665,1,1,2,Tuesday,2025-09,0,0,0,0,1,0,0,0,20,1,Alto,unusual_hour
TX-0022502,2025-09-01 02:29:06,ACC-00849,Transferencia,Internet Banking,522.1,BA,DEV-00849-A,1,Viagem,MER-0071,0,Normal,50,BA,1542.41,4116,234.27,Empresarial,353.4326315789474,442.7837452833318,207.72,0.3809249328091854,1,1,2,Monday,2025-09,0,0,0,0,1,0,0,0,20,1,Alto,unusual_hour
TX-0010557,2025-09-21 04:52:00,ACC-00850,Transferencia,Internet Banking,1776.7,SP,DEV-00850-A,1,Outros,MER-0823,1,Horario incomum,26,SC,7357.18,2283,555.22,Varejo,578.8295454545455,535.1796908869757,328.995,2.238258429725115,1,1,4,Sunday,2025-09,1,0,0,0,1,0,0,0,20,1,Alto,unusual_hour
TX-0043682,2025-09-22 04:46:00,ACC-01018,Cartao,POS,1269.72,RS,DEV-01018-A,1,Viagem,MER-0019,0,Normal,43,RS,2443.85,2392,282.65,Varejo,353.8317391304348,308.5257016795164,246.11,2.9685963142900547,1,1,4,Monday,2025-09,0,0,0,0,1,0,0,0,20,1,Alto,unusual_hour
TX-0024005,2025-08-15 00:52:54,ACC-00108,PIX,Internet Banking,875.22,RS,DEV-00108-A,1,Transporte,MER-1060,0,Normal,24,RS,5357.3,671,546.51,Varejo,570.6158333333334,502.9907198894702,300.275,0.6055860568035966,1,1,0,Friday,2025-08,0,0,0,0,1,0,0,0,20,1,Alto,unusual_hour
TX-0044058,2025-08-15 01:23:00,ACC-00729,Saque,ATM,1397.82,GO,DEV-00729-A,1,Transporte,MER-0964,1,Horario incomum,58,GO,5013.91,3103,436.82,Varejo,507.1578947368421,340.6444870565034,397.75,2.614638249276648,1,1,1,Friday,2025-08,0,0,0,0,1,0,0,0,20,1,Alto,unusual_hour
TX-0040643,2025-08-15 02:12:00,ACC-00821,PIX,Internet Banking,1613.44,SP,DEV-00821-A,1,Mercado,MER-0658,1,Horario incomum,77,SP,3470.37,2731,504.2,Alta renda,496.6782352941177,423.79829579110054,339.23,2.63512566189355,1,1,2,Friday,2025-08,0,0,0,0,1,0,0,0,20,1,Alto,unusual_hour
TX-0027356,2025-08-15 02:40:00,ACC-00993,PIX,App,1076.96,MG,DEV-00993-A,1,Eletronicos,MER-0466,1,Horario incomum,36,MG,7261.66,2321,336.55,Digital,318.8440740740741,237.60601373604325,204.59,3.1906428377192406,1,1,2,Friday,2025-08,0,0,0,0,1,0,0,0,20,1,Alto,unusual_hour
TX-0044178,2025-08-15 03:08:00,ACC-01873,Cartao,Carteira digital,3857.44,PE,DEV-01873-A,1,Viagem,MER-0572,1,Horario incomum,33,PE,9174.97,3943,1205.45,Empresarial,1123.8303448275863,966.5393662054727,760.2,2.828244508968388,1,2,3,Friday,2025-08,0,0,0,0,1,0,0,0,20,1,Alto,unusual_hour
TX-0028152,2025-08-16 00:04:00,ACC-01947,PIX,Internet Banking,480.13,MG,DEV-01947-A,1,Servicos,MER-0847,1,Horario incomum,22,MG,2213.58,3850,150.04,Varejo,175.55266666666665,153.78521229608646,120.72,1.9805371972106336,1,1,0,Saturday,2025-08,0,0,0,0,1,0,0,0,20,1,Alto,unusual_hour
TX-0014515,2025-09-19 01:44:00,ACC-00690,Cartao,Carteira digital,1728.29,PE,DEV-00690-A,1,Viagem,MER-0461,1,Horario incomum,75,PE,5319.28,475,540.09,Digital,1529.9416666666666,3520.96686126753,587.96,0.05633348484908176,1,1,1,Friday,2025-09,0,0,0,0,1,0,0,0,20,1,Alto,unusual_hour
TX-0015299,2025-09-19 04:53:00,ACC-01866,Cartao,E-commerce,1028.1,SC,DEV-01866-A,1,Transporte,MER-1063,1,Horario incomum,32,SC,4671.62,4203,321.28,Empresarial,411.4213043478261,351.568635265956,280.58,1.754077678703239,1,1,4,Friday,2025-09,0,0,0,0,1,0,0,0,20,1,Alto,unusual_hour
TX-0003454,2025-09-19 21:01:27,ACC-02409,Cartao,E-commerce,15500.0,BA,DEV-02409-A,1,Outros,MER-0413,1,Valor atipico,54,BA,3571.07,1255,467.14,Alta renda,1900.2233333333334,4541.313160353878,487.99,2.994679333148414,1,1,21,Friday,2025-09,0,0,1,0,0,0,0,0,20,1,Alto,high_value
TX-0034460,2025-09-20 01:46:22,ACC-02150,Cartao,E-commerce,148.53,PR,DEV-02150-A,1,Viagem,MER-0632,0,Normal,70,SP,2173.13,1898,62.58,Varejo,64.85916666666667,49.13683981001578,46.370000000000005,1.7028126688008605,1,1,1,Saturday,2025-09,1,0,0,0,1,0,0,0,20,1,Alto,unusual_hour
TX-0042949,2025-09-20 02:42:00,ACC-02297,PIX,App,1329.41,PE,DEV-02297-A,1,Outros,MER-0053,1,Horario incomum,63,PE,3331.4,3235,415.44,Alta renda,401.44545454545454,340.20064674397906,285.53,2.727697769936614,1,1,2,Saturday,2025-09,0,0,0,0,1,0,0,0,20,1,Alto,unusual_hour
TX-0009739,2025-09-20 12:00:00,ACC-02294,PIX,App,3500.0,PR,DEV-01464-A,1,Restaurante,MER-1045,1,Fracionamento,41,SP,9136.39,2521,322.47,Varejo,1089.555,1524.3021010528064,423.315,1.5813433559759258,2,3,12,Saturday,2025-09,1,0,0,0,0,0,0,1,20,1,Alto,structuring
TX-0018516,2025-09-20 14:00:00,ACC-02294,PIX,App,4500.0,SP,DEV-02276-A,1,Servicos,MER-0744,1,Fracionamento,41,SP,9136.39,2521,322.47,Varejo,1089.555,1524.3021010528064,423.315,2.2373812892106297,2,5,14,Saturday,2025-09,0,0,0,0,0,0,0,1,20,1,Alto,structuring
TX-0047793,2025-09-21 04:14:00,ACC-01082,Transferencia,Internet Banking,411.55,SC,DEV-01082-A,1,Restaurante,MER-0139,1,Horario incomum,18,SC,3997.43,2711,128.61,Varejo,141.99375,107.80545371949727,118.855,2.500395301905298,1,1,4,Sunday,2025-09,0,0,0,0,1,0,0,0,20,1,Alto,unusual_hour
TX-0018181,2025-08-20 08:43:54,ACC-00361,Cartao,POS,23611.96,SP,DEV-00361-A,1,Viagem,MER-0366,1,Valor atipico,27,SP,14152.95,421,2099.4,Empresarial,4343.3048,5671.146069248349,2272.29,3.397665121779143,1,1,8,Wednesday,2025-08,0,0,1,0,0,0,0,0,20,1,Alto,high_value
TX-0013813,2025-08-20 21:48:41,ACC-00834,PIX,Internet Banking,15500.0,BA,DEV-00834-A,1,Mercado,MER-0783,1,Valor atipico,26,BA,2077.55,4505,278.46,Digital,1384.8807142857145,4065.6867909019797,292.025,3.471767504890071,1,1,21,Wednesday,2025-08,0,0,1,0,0,0,0,0,20,1,Alto,high_value
TX-0005683,2025-08-21 01:58:00,ACC-01115,Boleto,App,644.13,PR,DEV-01115-A,1,Mercado,MER-0740,1,Horario incomum,19,PR,1485.96,4247,201.29,Varejo,223.9362962962963,157.74053381687253,219.91,2.663828335914749,1,1,1,Thursday,2025-08,0,0,0,0,1,0,0,0,20,1,Alto,unusual_hour
TX-0045109,2025-08-22 09:44:53,ACC-00132,PIX,Internet Banking,15500.0,SP,DEV-00132-A,1,Mercado,MER-0961,1,Valor atipico,64,SP,1870.74,889,204.0,Varejo,1563.8766666666668,4295.169631271517,269.915,3.2446037129406147,1,1,9,Friday,2025-08,0,0,1,0,0,0,0,0,20,1,Alto,high_value
TX-0006463,2025-08-23 01:01:00,ACC-01347,Cartao,Carteira digital,648.35,SC,DEV-01347-A,1,Viagem,MER-0254,1,Horario incomum,71,SC,4031.15,3941,202.61,Varejo,306.66692307692307,182.72515646842464,236.85,1.869929042759477,1,1,1,Saturday,2025-08,0,0,0,0,1,0,0,0,20,1,Alto,unusual_hour
TX-0007511,2025-08-23 02:43:00,ACC-00478,PIX,App,953.76,RS,DEV-00478-A,1,Servicos,MER-1193,1,Horario incomum,64,RS,2054.32,3882,298.05,Empresarial,353.5591304347826,297.257729342325,209.02,2.0191262003284027,1,1,2,Saturday,2025-08,0,0,0,0,1,0,0,0,20,1,Alto,unusual_hour
TX-0041498,2025-08-24 04:34:03,ACC-00739,Cartao,POS,1877.97,SP,DEV-00739-A,1,Viagem,MER-0159,0,Normal,50,SP,9680.03,2477,903.23,Varejo,1177.8447368421052,981.8060161048357,725.93,0.7130993818264977,1,1,4,Sunday,2025-08,0,0,0,0,1,0,0,0,20,1,Alto,unusual_hour
TX-0020024,2025-08-24 11:11:12,ACC-01909,PIX,Internet Banking,22785.27,GO,DEV-01909-A,1,Eletronicos,MER-0861,1,Valor atipico,20,GO,9731.39,3177,1460.31,Empresarial,4515.773125,7150.012503523537,1893.38,2.555169919772415,1,1,11,Sunday,2025-08,0,0,1,0,0,0,0,0,20,1,Alto,high_value
TX-0006217,2025-08-26 13:00:00,ACC-01388,PIX,App,3500.0,BA,DEV-00054-A,1,Restaurante,MER-0866,1,Fracionamento,38,SP,3346.23,1670,531.79,Digital,1553.068,1466.4122851620841,813.95,1.3276839124304005,2,4,13,Tuesday,2025-08,1,0,0,0,0,0,0,1,20,1,Alto,structuring
TX-0005708,2025-08-26 21:21:32,ACC-01767,Cartao,E-commerce,15500.0,SP,DEV-01767-A,1,Outros,MER-0540,1,Valor atipico,37,SP,9251.84,2948,1342.94,Varejo,2750.236923076923,3965.86101381189,1388.97,3.214878946216098,1,1,21,Tuesday,2025-08,0,0,1,0,0,0,0,0,20,1,Alto,high_value
TX-0011756,2025-08-27 00:34:10,ACC-00563,Cartao,POS,416.71,MG,DEV-00563-A,1,Mercado,MER-1101,0,Normal,33,MG,1081.17,3206,145.39,Alta renda,173.56130434782608,149.5230561213143,132.91,1.626161890744777,1,1,0,Wednesday,2025-08,0,0,0,0,1,0,0,0,20,1,Alto,unusual_hour
TX-0035950,2025-08-27 01:50:00,ACC-02295,PIX,App,1477.12,SP,DEV-02295-A,1,Restaurante,MER-0611,1,Horario incomum,67,SP,4411.47,1272,461.6,Varejo,664.3523809523809,484.6940799401696,489.58,1.676867229630588,1,1,1,Wednesday,2025-08,0,0,0,0,1,0,0,0,20,1,Alto,unusual_hour
TX-0023165,2025-08-28 04:52:00,ACC-00029,Cartao,Carteira digital,636.26,SP,NEW-5104976,0,Servicos,MER-1142,1,Horario incomum,73,SP,1720.71,3207,198.83,Varejo,306.27095238095234,279.63388154701073,199.82,1.1800753392023113,1,1,4,Thursday,2025-08,0,0,0,0,1,0,0,0,20,1,Alto,unusual_hour
TX-0001160,2025-08-20 02:18:00,ACC-00008,Saque,ATM,390.27,BA,DEV-00008-A,1,Restaurante,MER-0056,1,Horario incomum,76,BA,4663.37,3717,121.96,Digital,124.23470588235293,91.63242671931474,95.61,2.903287664011749,1,1,2,Wednesday,2025-08,0,0,0,0,1,0,0,0,20,1,Alto,unusual_hour
TX-0025168,2025-08-20 03:22:00,ACC-02470,Transferencia,Internet Banking,113.12,RS,DEV-02470-A,1,Mercado,MER-1091,1,Horario incomum,27,RS,1121.7,3809,35.35,Varejo,849.274347826087,1608.7516336979093,25.34,-0.45759353551296644,1,1,3,Wednesday,2025-08,0,0,0,0,1,0,0,0,20,1,Alto,unusual_hour
TX-0039101,2025-08-20 04:25:00,ACC-01107,PIX,Internet Banking,805.06,SP,DEV-01107-A,1,Transporte,MER-0534,1,Horario incomum,23,SP,4150.52,383,251.58,Empresarial,256.81945945945944,267.25936551457886,170.13,2.051342670386734,1,1,4,Wednesday,2025-08,0,0,0,0,1,0,0,0,20,1,Alto,unusual_hour
TX-0039512,2025-08-06 12:00:00,ACC-01085,PIX,App,4500.0,RS,DEV-00173-A,1,Transporte,MER-1186,1,Fracionamento,22,BA,2893.66,4080,206.48,Alta renda,1050.8565,1552.73002396382,167.14,2.221341409496934,2,3,12,Wednesday,2025-08,1,0,0,0,0,0,0,1,20,1,Alto,structuring
TX-0001178,2025-08-06 16:36:21,ACC-00655,Boleto,Internet Banking,15500.0,SP,NEW-5137168,0,Eletronicos,MER-0288,1,Valor atipico,25,SP,5835.9,4943,638.79,Digital,2245.593,4734.323165569241,568.62,2.7996413714200536,1,1,16,Wednesday,2025-08,0,0,1,0,0,0,0,0,20,1,Alto,high_value
TX-0018881,2025-08-06 16:46:10,ACC-02417,PIX,Internet Banking,15500.0,GO,DEV-02417-A,1,Mercado,MER-0651,1,Valor atipico,69,GO,5210.46,1660,195.46,Alta renda,2077.005,5240.801853270165,138.54000000000002,2.5612483310400855,1,1,16,Wednesday,2025-08,0,0,1,0,0,0,0,0,20,1,Alto,high_value
TX-0017725,2025-08-07 01:42:06,ACC-00384,PIX,App,1139.56,BA,DEV-00384-A,1,Servicos,MER-0769,0,Normal,46,BA,3773.76,4675,601.93,Varejo,546.11,522.3507137291317,313.105,1.1361140789169806,1,1,1,Thursday,2025-08,0,0,0,0,1,0,0,0,20,1,Alto,unusual_hour
TX-0034113,2025-08-07 13:03:38,ACC-00328,Cartao,POS,15500.0,GO,DEV-00328-A,1,Mercado,MER-0740,1,Valor atipico,36,GO,3410.45,3960,540.6,Varejo,3584.2813333333334,6178.206981028287,678.37,1.9286693863214406,1,1,13,Thursday,2025-08,0,0,1,0,0,0,0,0,20,1,Alto,high_value
TX-0010529,2025-08-08 03:36:00,ACC-02396,Cartao,Carteira digital,2101.66,SP,DEV-02396-A,1,Eletronicos,MER-0584,1,Horario incomum,48,SP,4297.14,3908,656.77,Alta renda,812.7416666666667,682.3210851815538,536.665,1.889020230102334,1,1,3,Friday,2025-08,0,0,0,0,1,0,0,0,20,1,Alto,unusual_hour
TX-0001714,2025-08-08 03:58:43,ACC-01266,PIX,App,612.83,PR,NEW-4021928,0,Eletronicos,MER-0616,0,Normal,52,PR,2634.33,4868,290.82,Varejo,284.90076923076924,240.98040869406574,197.68,1.3608128251850966,1,1,3,Friday,2025-08,0,0,0,0,1,0,0,0,20,1,Alto,unusual_hour
TX-0045313,2025-08-09 02:15:38,ACC-00604,PIX,Internet Banking,598.31,SC,NEW-6340168,0,Servicos,MER-0367,0,Normal,73,SC,1305.66,445,146.67,Alta renda,169.5021052631579,140.67567449748245,114.45,3.048202159105454,1,1,2,Saturday,2025-08,0,0,0,0,1,0,0,0,20,1,Alto,unusual_hour
TX-0023120,2025-09-23 04:36:00,ACC-01756,PIX,Internet Banking,591.87,PR,DEV-01756-A,1,Viagem,MER-1186,1,Horario incomum,64,PR,1710.07,2556,184.96,Varejo,256.11857142857144,177.84862791952358,192.66,1.8878494172210085,1,1,4,Tuesday,2025-09,0,0,0,0,1,0,0,0,20,1,Alto,unusual_hour
TX-0003516,2025-09-23 17:04:46,ACC-01984,PIX,App,15500.0,SP,DEV-01984-A,1,Transporte,MER-0858,1,Valor atipico,36,SP,3032.23,1086,367.15,Digital,1785.450909090909,4552.86594426292,406.26,3.0122892390870497,1,1,17,Tuesday,2025-09,0,0,1,0,0,0,0,0,20,1,Alto,high_value
TX-0019293,2025-09-23 18:45:36,ACC-00301,Cartao,E-commerce,15500.0,RJ,DEV-00301-A,1,Transporte,MER-1020,1,Valor atipico,77,RJ,3939.67,3951,473.89,Varejo,1842.9814285714285,3970.296102045901,662.085,3.4397984987545596,1,1,18,Tuesday,2025-09,0,0,1,0,0,0,0,0,20,1,Alto,high_value
TX-0048260,2025-09-24 03:55:00,ACC-00422,Transferencia,App,2062.82,PR,DEV-00422-A,1,Servicos,MER-1112,1,Horario incomum,62,PR,9862.51,1855,644.63,Varejo,811.4461538461538,569.5018274412948,735.88,2.197313135545364,1,1,3,Wednesday,2025-09,0,0,0,0,1,0,0,0,20,1,Alto,unusual_hour
TX-0030380,2025-09-24 04:16:00,ACC-01902,Transferencia,App,2825.7,PE,DEV-01902-A,1,Mercado,MER-0023,1,Horario incomum,60,PE,6252.48,1305,883.03,Alta renda,1110.6679310344828,741.3543590684903,900.54,2.313376926953596,1,2,4,Wednesday,2025-09,0,0,0,0,1,0,0,0,20,1,Alto,unusual_hour
TX-0006934,2025-09-25 00:32:00,ACC-00805,Boleto,App,1490.27,BA,DEV-00805-A,1,Transporte,MER-0138,1,Horario incomum,74,BA,5899.23,1664,465.71,Alta renda,1464.1563636363637,2832.3127937626105,422.73,0.00921989845935956,1,1,0,Thursday,2025-09,0,0,0,0,1,0,0,0,20,1,Alto,unusual_hour
TX-0027420,2025-09-25 04:27:36,ACC-01246,Cartao,E-commerce,4716.93,PE,DEV-01246-A,1,Viagem,MER-0304,0,Normal,33,PE,4860.75,3344,683.17,Digital,979.96875,1170.7519308312073,493.2,3.1919325961280647,1,1,4,Thursday,2025-09,0,0,0,0,1,0,0,0,20,1,Alto,unusual_hour
TX-0028082,2025-08-05 10:19:16,ACC-01548,PIX,Internet Banking,17085.55,SP,DEV-01548-A,1,Viagem,MER-0904,1,Valor atipico,76,SP,11341.57,668,980.67,Varejo,2366.841304347826,4453.5309233004855,964.15,3.304952620547704,1,1,10,Tuesday,2025-08,0,0,1,0,0,0,0,0,20,1,Alto,high_value
TX-0001154,2025-08-14 02:19:00,ACC-02480,PIX,Internet Banking,1095.26,BA,DEV-02480-A,1,Viagem,MER-0894,1,Horario incomum,37,BA,2321.75,1637,342.27,Empresarial,514.7966666666666,572.9356900743045,317.885,1.0131387228783961,1,1,2,Thursday,2025-08,0,0,0,0,1,0,0,0,20,1,Alto,unusual_hour
TX-0035669,2025-08-14 04:33:41,ACC-01623,Transferencia,App,330.75,MG,DEV-01623-A,1,Restaurante,MER-0033,0,Normal,67,MG,4261.29,312,126.39,Alta renda,141.51944444444445,90.15352399051574,101.25999999999999,2.098981239773421,1,1,4,Thursday,2025-08,0,0,0,0,1,0,0,0,20,1,Alto,unusual_hour
TX-0026983,2025-08-14 09:04:05,ACC-01358,Cartao,Carteira digital,15500.0,DF,DEV-01358-A,1,Servicos,MER-0328,1,Valor atipico,52,DF,7734.73,2696,848.63,Varejo,1916.6871428571428,3927.070155478859,980.39,3.458892334325139,1,1,9,Thursday,2025-08,0,0,1,0,0,0,0,0,20,1,Alto,high_value
TX-0041058,2025-09-22 14:00:00,ACC-00683,PIX,App,4500.0,PE,DEV-02313-A,1,Mercado,MER-0497,1,Fracionamento,35,RJ,4511.97,4240,253.87,Varejo,914.2790322580646,1415.5576387307697,250.75,2.5330801584010367,2,5,14,Monday,2025-09,1,0,0,0,0,0,0,1,20,1,Alto,structuring
TX-0047358,2025-09-22 15:00:00,ACC-02092,Cartao,E-commerce,15500.0,DF,DEV-02092-A,1,Transporte,MER-1191,1,Valor atipico,31,DF,1788.54,4065,121.74,Empresarial,1396.3391666666666,4344.5852722529835,106.43,3.2462617141864865,1,1,15,Monday,2025-09,0,0,1,0,0,0,0,0,20,1,Alto,high_value
TX-0049453,2025-09-22 19:19:30,ACC-00641,Transferencia,Internet Banking,15500.0,RS,DEV-00641-A,1,Mercado,MER-1168,1,Valor atipico,55,RS,3848.19,2224,250.27,Digital,1708.9081818181817,4467.042675092918,341.335,3.0872979779390515,1,1,19,Monday,2025-09,0,0,1,0,0,0,0,0,20,1,Alto,high_value
TX-0045921,2025-09-23 01:58:00,ACC-00018,Transferencia,Internet Banking,2141.34,MG,DEV-00018-A,1,Viagem,MER-1182,1,Horario incomum,23,PE,5466.36,2541,669.17,Varejo,1180.7425,1142.3748264956077,724.365,0.8408776854325172,1,1,1,Tuesday,2025-09,1,0,0,0,1,0,0,0,20,1,Alto,unusual_hour
TX-0015919,2025-09-23 03:41:00,ACC-00842,Boleto,App,973.31,SP,DEV-00842-A,1,Eletronicos,MER-0029,1,Horario incomum,70,SP,4234.64,4292,304.16,Varejo,362.23249999999996,231.07313296363895,304.885,2.6445199065880045,1,2,3,Tuesday,2025-09,0,0,0,0,1,0,0,0,20,1,Alto,unusual_hour
TX-0005092,2025-08-16 02:08:37,ACC-01787,Transferencia,App,381.45,BA,DEV-01787-A,1,Transporte,MER-1092,0,Normal,56,BA,1388.74,416,150.0,Varejo,193.2112,136.29189708489642,126.17,1.3811444702596354,1,1,2,Saturday,2025-08,0,0,0,0,1,0,0,0,20,1,Alto,unusual_hour
TX-0006916,2025-08-16 03:31:00,ACC-01799,PIX,App,1732.83,PR,DEV-01799-A,1,Transporte,MER-0083,1,Horario incomum,42,PR,3746.1,4500,541.51,Empresarial,722.7085185185185,706.673210095693,522.0,1.4294039551105913,1,1,3,Saturday,2025-08,0,0,0,0,1,0,0,0,20,1,Alto,unusual_hour
TX-0013986,2025-08-17 01:11:00,ACC-00912,PIX,App,805.22,SP,DEV-00912-A,1,Outros,MER-0961,1,Horario incomum,59,SP,2745.28,4769,251.63,Varejo,346.72,262.40219525317275,255.09500000000003,1.7473176989149302,1,1,1,Sunday,2025-08,0,0,0,0,1,0,0,0,20,1,Alto,unusual_hour
TX-0008351,2025-08-17 04:59:04,ACC-00983,Cartao,Carteira digital,1217.08,BA,DEV-00983-A,1,Servicos,MER-0494,0,Normal,60,BA,3058.45,1930,396.07,Empresarial,488.78999999999996,484.76313488430316,234.54500000000002,1.50236259234898,1,1,4,Sunday,2025-08,0,0,0,0,1,0,0,0,20,1,Alto,unusual_hour
TX-0037927,2025-08-19 00:41:00,ACC-00676,Transferencia,App,112.0,GO,DEV-00676-A,1,Outros,MER-0414,1,Horario incomum,39,GO,785.43,2639,35.0,Varejo,40.583333333333336,28.92388807628178,36.5,2.4691240153577376,1,1,0,Tuesday,2025-08,0,0,0,0,1,0,0,0,20,1,Alto,unusual_hour
TX-0009063,2025-08-10 01:31:56,ACC-00654,PIX,Internet Banking,1423.58,SP,DEV-00654-A,1,Eletronicos,MER-0151,0,Normal,75,SP,4552.22,2330,590.77,Alta renda,840.0461904761905,921.8249626934398,542.16,0.6330201861954439,1,1,1,Sunday,2025-08,0,0,0,0,1,0,0,0,20,1,Alto,unusual_hour
TX-0026732,2025-08-11 03:20:00,ACC-00531,PIX,App,2376.32,SP,DEV-00531-A,1,Viagem,MER-1057,1,Horario incomum,43,SP,9525.18,2931,742.6,Digital,1036.3726315789474,958.2268187348391,627.1,1.3983613714654792,1,1,3,Monday,2025-08,0,0,0,0,1,0,0,0,20,1,Alto,unusual_hour
TX-0043042,2025-08-11 03:46:06,ACC-02134,PIX,App,1756.28,SP,DEV-02134-A,1,Transporte,MER-0619,0,Normal,45,SP,4207.46,966,635.03,Empresarial,780.0433333333334,654.614613952362,621.23,1.4913151125246797,1,1,3,Monday,2025-08,0,0,0,0,1,0,0,0,20,1,Alto,unusual_hour
TX-0006769,2025-09-30 00:03:00,ACC-02038,PIX,Internet Banking,651.42,GO,DEV-02038-A,1,Transporte,MER-1015,1,Horario incomum,32,GO,5596.55,2945,203.57,Varejo,256.098125,175.33204659421696,199.95499999999998,2.2547040468587047,1,1,0,Tuesday,2025-09,0,0,0,0,1,0,0,0,20,1,Alto,unusual_hour
TX-0013975,2025-09-30 08:54:58,ACC-00082,Transferencia,App,15500.0,GO,DEV-00082-A,1,Servicos,MER-0557,1,Valor atipico,61,GO,2398.5,2118,191.61,Varejo,2022.4317647058822,5075.159148267219,190.71,2.6555951924967087,1,1,8,Tuesday,2025-09,0,0,1,0,0,0,0,0,20,1,Alto,high_value
TX-0047062,2025-07-26 00:28:00,ACC-01990,Transferencia,Internet Banking,711.62,SP,DEV-01990-A,1,Servicos,MER-0961,1,Horario incomum,34,SP,5280.23,3312,222.38,Digital,286.1626923076923,222.08664184156044,227.04000000000002,1.915726691908983,1,1,0,Saturday,2025-07,0,0,0,0,1,0,0,0,20,1,Alto,unusual_hour
TX-0030557,2025-07-26 00:51:00,ACC-00862,PIX,App,3016.99,SP,DEV-00862-A,1,Outros,MER-0668,1,Horario incomum,55,SP,8424.54,2103,942.81,Alta renda,1597.965,2973.8800089193246,686.7750000000001,0.4771628296178829,1,1,0,Saturday,2025-07,0,0,0,0,1,0,0,0,20,1,Alto,unusual_hour
TX-0007382,2025-07-27 01:47:19,ACC-00286,Cartao,POS,1723.51,SP,DEV-00286-A,1,Servicos,MER-0380,0,Normal,76,SP,7232.03,2019,463.0,Varejo,488.61,476.6398081943592,247.93,2.590845285621728,1,1,1,Sunday,2025-07,0,0,0,0,1,0,0,0,20,1,Alto,unusual_hour
TX-0041033,2025-07-27 02:06:41,ACC-02467,Saque,ATM,2248.87,SP,DEV-02467-A,1,Restaurante,MER-0566,0,Normal,37,MG,6197.12,3200,632.25,Varejo,605.529,495.6605045054041,495.65,3.3154568198646595,1,1,2,Sunday,2025-07,1,0,0,0,1,0,0,0,20,1,Alto,unusual_hour
TX-0036219,2025-07-27 02:07:00,ACC-01609,PIX,App,193.06,PR,DEV-01609-A,1,Servicos,MER-0508,1,Horario incomum,34,PR,871.7,4677,60.33,Varejo,79.2925,62.78962520459358,48.36,1.8118837248876742,1,1,2,Sunday,2025-07,0,0,0,0,1,0,0,0,20,1,Alto,unusual_hour
TX-0021933,2025-07-27 04:18:44,ACC-01565,Saque,ATM,679.87,SP,DEV-01565-A,1,Viagem,MER-0931,0,Normal,63,SP,2115.8,287,319.03,Alta renda,380.24,329.18578867664786,257.03499999999997,0.9102154780269694,1,1,4,Sunday,2025-07,0,0,0,0,1,0,0,0,20,1,Alto,unusual_hour
TX-0024178,2025-09-26 12:00:00,ACC-01464,PIX,App,4500.0,DF,DEV-01751-A,1,Restaurante,MER-0164,1,Fracionamento,38,PR,6054.34,4393,212.59,Varejo,1015.6974999999999,1548.485245169137,208.34,2.2501360674052915,2,3,12,Friday,2025-09,1,0,0,0,0,0,0,1,20,1,Alto,structuring
TX-0034858,2025-09-26 13:00:00,ACC-01464,PIX,App,3500.0,SP,DEV-01471-A,1,Restaurante,MER-1040,1,Fracionamento,38,PR,6054.34,4393,212.59,Varejo,1015.6974999999999,1548.485245169137,208.34,1.6043436692408692,2,4,13,Friday,2025-09,1,0,0,0,0,0,0,1,20,1,Alto,structuring
TX-0039464,2025-09-26 14:00:00,ACC-01464,PIX,App,4500.0,RJ,DEV-01393-A,1,Viagem,MER-0612,1,Fracionamento,38,PR,6054.34,4393,212.59,Varejo,1015.6974999999999,1548.485245169137,208.34,2.2501360674052915,2,5,14,Friday,2025-09,1,0,0,0,0,0,0,1,20,1,Alto,structuring
TX-0013742,2025-09-26 15:10:41,ACC-00481,Saque,ATM,15500.0,SP,DEV-00481-A,1,Transporte,MER-0788,1,Valor atipico,29,SP,1517.41,4157,129.33,Digital,1225.5507142857143,4109.64161523842,99.605,3.473404890778087,1,1,15,Friday,2025-09,0,0,1,0,0,0,0,0,20,1,Alto,high_value
TX-0023861,2025-09-27 02:45:00,ACC-01164,PIX,App,278.4,DF,DEV-01164-A,1,Restaurante,MER-1019,1,Horario incomum,73,MG,1348.58,216,87.0,Varejo,79.60882352941177,66.73083431614961,63.38,2.97900031533816,1,1,2,Saturday,2025-09,1,0,0,0,1,0,0,0,20,1,Alto,unusual_hour
TX-0033785,2025-09-28 04:01:51,ACC-02263,PIX,App,793.58,RJ,DEV-02263-A,1,Transporte,MER-0794,0,Normal,70,RJ,2443.96,1835,331.25,Empresarial,342.3330434782609,187.96044993645927,302.46,2.400754821954751,1,1,4,Sunday,2025-09,0,0,0,0,1,0,0,0,20,1,Alto,unusual_hour
TX-0047324,2025-09-29 04:27:00,ACC-00588,PIX,Internet Banking,138.85,BA,DEV-00588-A,1,Restaurante,MER-0061,1,Horario incomum,53,BA,1017.23,3459,43.39,Varejo,791.9965384615384,1555.9788802112769,42.015,-0.4197656836915753,1,1,4,Monday,2025-09,0,0,0,0,1,0,0,0,20,1,Alto,unusual_hour
TX-0032145,2025-09-29 18:58:41,ACC-00144,Cartao,Carteira digital,15500.0,MG,DEV-00144-A,1,Servicos,MER-0536,1,Valor atipico,24,MG,4407.71,926,421.61,Varejo,1810.8374999999999,4234.109289660988,419.515,3.2330678221808604,1,1,18,Monday,2025-09,0,0,1,0,0,0,0,0,20,1,Alto,high_value
TX-0040850,2025-08-03 00:52:52,ACC-01502,Cartao,POS,1038.29,GO,DEV-01502-A,1,Servicos,MER-1060,0,Normal,39,GO,4736.25,474,545.63,Digital,1304.5765000000001,3368.2701013745054,408.75,-0.07905734753615377,1,1,0,Sunday,2025-08,0,0,0,0,1,0,0,0,20,1,Alto,unusual_hour
TX-0021965,2025-08-03 02:43:00,ACC-02018,Cartao,E-commerce,1163.94,SP,DEV-02018-A,1,Restaurante,MER-0217,1,Horario incomum,75,SP,3499.04,3880,363.73,Digital,439.69300000000004,309.94025762360957,354.53,2.3367309737463122,1,1,2,Sunday,2025-08,0,0,0,0,1,0,0,0,20,1,Alto,unusual_hour
TX-0029255,2025-08-03 04:48:00,ACC-01138,PIX,Internet Banking,2651.94,SP,DEV-01138-A,1,Servicos,MER-0667,1,Horario incomum,33,SP,5537.98,3232,828.73,Digital,991.3148,895.390504175506,736.38,1.8546379398217294,1,2,4,Sunday,2025-08,0,0,0,0,1,0,0,0,20,1,Alto,unusual_hour
TX-0048268,2025-08-03 14:59:46,ACC-01909,PIX,Internet Banking,22408.27,GO,DEV-01909-A,1,Restaurante,MER-0265,1,Valor atipico,20,GO,9731.39,3177,1460.31,Empresarial,4515.773125,7150.012503523537,1893.38,2.502442739251512,1,1,14,Sunday,2025-08,0,0,1,0,0,0,0,0,20,1,Alto,high_value
TX-0012622,2025-08-04 19:56:36,ACC-00320,PIX,Internet Banking,15500.0,SC,DEV-00320-A,1,Outros,MER-0414,1,Valor atipico,58,SC,2586.09,1916,161.26,Varejo,1309.7259259259258,4091.8447440189916,147.92,3.467940491832163,1,1,19,Monday,2025-08,0,0,1,0,0,0,0,0,20,1,Alto,high_value
TX-0017613,2025-08-05 01:38:00,ACC-01565,Cartao,POS,1020.9,SP,DEV-01565-A,1,Eletronicos,MER-0323,1,Horario incomum,63,SP,2115.8,287,319.03,Alta renda,380.24,329.18578867664786,257.03499999999997,1.9461958019983254,1,1,1,Tuesday,2025-08,0,0,0,0,1,0,0,0,20,1,Alto,unusual_hour
TX-0037896,2025-09-26 03:39:00,ACC-01626,Cartao,E-commerce,256.0,SP,DEV-01626-A,1,Restaurante,MER-0690,1,Horario incomum,57,SP,2404.53,3673,80.0,Digital,127.64722222222223,102.37183124769496,83.67,1.2537899948983067,1,1,3,Friday,2025-09,0,0,0,0,1,0,0,0,20,1,Alto,unusual_hour
TX-0003505,2025-09-26 04:51:00,ACC-00072,Cartao,Carteira digital,403.58,RJ,DEV-00072-A,1,Mercado,MER-0489,1,Horario incomum,61,RJ,2430.39,3586,126.12,Empresarial,171.0321739130435,106.9712285428581,145.4,2.173928721345722,1,1,4,Friday,2025-09,0,0,0,0,1,0,0,0,20,1,Alto,unusual_hour
TX-0045447,2025-08-09 03:51:00,ACC-01974,Boleto,App,3450.4,SP,DEV-01974-A,1,Viagem,MER-0230,1,Horario incomum,70,SP,7152.11,809,1078.25,Alta renda,1479.7488235294118,1095.7492662037378,994.78,1.7984508292649644,1,1,3,Saturday,2025-08,0,0,0,0,1,0,0,0,20,1,Alto,unusual_hour
TX-0028120,2025-08-09 04:22:41,ACC-00003,Boleto,App,353.58,PR,DEV-00003-A,1,Outros,MER-0193,0,Normal,52,PR,1115.87,3883,135.89,Varejo,191.69166666666666,182.25655906054038,140.345,0.8882442100728933,1,1,4,Saturday,2025-08,0,0,0,0,1,0,0,0,20,1,Alto,unusual_hour
TX-0002407,2025-07-30 15:45:37,ACC-01042,Cartao,POS,15500.0,SP,DEV-01042-A,1,Outros,MER-0416,1,Valor atipico,46,SP,6758.22,2811,287.99,Varejo,1939.172105263158,4781.427919161782,306.11,2.836146047583658,1,1,15,Wednesday,2025-07,0,0,1,0,0,0,0,0,20,1,Alto,high_value
TX-0038690,2025-08-01 01:01:27,ACC-00898,Cartao,E-commerce,1522.7,SP,DEV-00898-A,1,Servicos,MER-0713,0,Normal,34,SP,4489.0,2800,517.19,Varejo,655.5563157894736,415.94650870314945,521.45,2.0847480771364886,1,1,1,Friday,2025-08,0,0,0,0,1,0,0,0,20,1,Alto,unusual_hour
TX-0011343,2025-08-01 12:00:00,ACC-01100,PIX,App,4500.0,RS,DEV-00670-A,1,Outros,MER-0333,1,Fracionamento,40,SP,9621.81,1104,793.09,Varejo,1842.835882352941,1424.9424824929727,1080.89,1.8647518410696013,2,4,12,Friday,2025-08,1,0,0,0,0,0,0,1,20,1,Alto,structuring
TX-0020988,2025-08-02 12:00:00,ACC-01882,PIX,App,4500.0,RJ,DEV-01825-A,1,Transporte,MER-0175,1,Fracionamento,47,SP,2581.76,3447,381.68,Digital,1585.7106666666666,1752.103153745181,497.63,1.6633092218936647,2,3,12,Saturday,2025-08,1,0,0,0,0,0,0,1,20,1,Alto,structuring
TX-0024684,2025-08-02 13:00:00,ACC-02344,PIX,App,4500.0,MG,DEV-02008-A,1,Transporte,MER-0066,1,Fracionamento,22,PE,2405.78,2220,284.85,Digital,1239.4785714285713,1656.791874712348,397.36,1.9679728506258638,2,4,13,Saturday,2025-08,1,0,0,0,0,0,0,1,20,1,Alto,structuring
TX-0030077,2025-08-02 13:00:00,ACC-01882,PIX,App,4500.0,GO,DEV-02497-A,1,Restaurante,MER-1014,1,Fracionamento,47,SP,2581.76,3447,381.68,Digital,1585.7106666666666,1752.103153745181,497.63,1.6633092218936647,2,4,13,Saturday,2025-08,1,0,0,0,0,0,0,1,20,1,Alto,structuring
TX-0003342,2025-10-02 12:24:37,ACC-01176,Cartao,POS,15500.0,SP,DEV-01176-A,1,Mercado,MER-0416,1,Valor atipico,49,SP,4476.38,3122,443.09,Digital,1643.5933333333332,4006.2397638385974,421.53,3.458706289058967,1,1,12,Thursday,2025-10,0,0,1,0,0,0,0,0,20,1,Alto,high_value
TX-0004529,2025-10-02 13:00:00,ACC-00790,PIX,App,4500.0,SP,DEV-01649-A,1,Servicos,MER-1041,1,Fracionamento,33,GO,7042.33,3181,743.05,Digital,1345.0048148148146,1323.7847241595716,667.39,2.383314392140452,2,4,13,Thursday,2025-10,1,0,0,0,0,0,0,1,20,1,Alto,structuring
TX-0042766,2025-10-03 03:14:12,ACC-01337,Boleto,App,1328.44,SC,DEV-01337-A,1,Restaurante,MER-0731,0,Normal,74,SC,2144.33,1525,339.84,Empresarial,556.8941666666667,529.9462364919386,318.025,1.4558945421345018,1,1,3,Friday,2025-10,0,0,0,0,1,0,0,0,20,1,Alto,unusual_hour
TX-0042576,2025-10-03 21:32:53,ACC-00743,Cartao,E-commerce,15500.0,MG,NEW-0604985,0,Transporte,MER-0943,1,Valor atipico,64,MG,5939.49,610,400.3,Alta renda,2237.726153846154,4894.320361961671,472.515,2.7097273707760015,1,2,21,Friday,2025-10,0,0,1,0,0,0,0,0,20,1,Alto,high_value
TX-0012897,2025-10-04 03:10:57,ACC-00723,Boleto,Internet Banking,1209.56,GO,DEV-00723-A,1,Servicos,MER-0016,0,Normal,48,GO,2449.47,606,309.09,Varejo,397.61,307.9276881834435,272.66,2.6368203677620974,1,1,3,Saturday,2025-10,0,0,0,0,1,0,0,0,20,1,Alto,unusual_hour
TX-0009140,2025-10-04 15:25:22,ACC-00385,PIX,App,15500.0,SP,DEV-00385-A,1,Viagem,MER-0299,1,Valor atipico,33,SP,4030.52,3484,577.01,Digital,1805.1583333333335,4237.212120252478,466.87,3.2320406149151317,1,1,15,Saturday,2025-10,0,0,1,0,0,0,0,0,20,1,Alto,high_value
TX-0021425,2025-07-12 02:26:00,ACC-00868,PIX,App,1265.09,SP,DEV-00868-A,1,Eletronicos,MER-0381,1,Horario incomum,60,SP,11466.19,875,395.34,Varejo,454.5438888888889,334.0758556893556,297.27,2.4262337349658902,1,1,2,Saturday,2025-07,0,0,0,0,1,0,0,0,20,1,Alto,unusual_hour
TX-0040217,2025-07-13 00:23:23,ACC-01805,PIX,Internet Banking,1025.65,MG,DEV-01805-A,1,Mercado,MER-0195,0,Normal,75,MG,3994.14,3239,447.78,Alta renda,568.3665,406.34900089604076,373.36,1.1253466822648601,1,1,0,Sunday,2025-07,0,0,0,0,1,0,0,0,20,1,Alto,unusual_hour
TX-0021315,2025-07-18 04:21:08,ACC-00857,Cartao,E-commerce,2323.77,MG,DEV-00857-A,1,Transporte,MER-1160,0,Normal,39,MG,3669.08,2257,402.14,Varejo,711.86,784.2647449044231,463.2,2.055313604841998,1,1,4,Friday,2025-07,0,0,0,0,1,0,0,0,20,1,Alto,unusual_hour
TX-0003695,2025-07-19 01:21:00,ACC-02243,Cartao,POS,772.26,RJ,DEV-02243-A,1,Restaurante,MER-0240,1,Horario incomum,50,RJ,3368.07,4964,241.33,Digital,294.40999999999997,258.84871214465676,233.38,1.846059020502119,1,1,1,Saturday,2025-07,0,0,0,0,1,0,0,0,20,1,Alto,unusual_hour
TX-0032605,2025-07-19 04:32:00,ACC-01973,Cartao,Carteira digital,388.67,GO,DEV-01973-A,1,Viagem,MER-0831,1,Horario incomum,53,GO,3031.4,3328,121.46,Alta renda,863.5513636363637,3271.6105266778745,125.715,-0.14515216886729407,1,1,4,Saturday,2025-07,0,0,0,0,1,0,0,0,20,1,Alto,unusual_hour
TX-0032444,2025-07-21 01:12:17,ACC-02300,Cartao,Carteira digital,802.12,SP,DEV-02300-A,1,Servicos,MER-0930,0,Normal,76,MG,3716.42,1225,339.34,Varejo,346.9838888888889,227.47840339996824,223.485,2.000788225644697,1,1,1,Monday,2025-07,1,0,0,0,1,0,0,0,20,1,Alto,unusual_hour
TX-0020671,2025-07-22 00:08:23,ACC-02370,PIX,Internet Banking,496.47,GO,DEV-02370-A,1,Mercado,MER-0497,0,Normal,29,GO,2629.25,4614,139.76,Varejo,262.08,265.76724276568154,144.16,0.8819371325105487,1,1,0,Tuesday,2025-07,0,0,0,0,1,0,0,0,20,1,Alto,unusual_hour
TX-0028923,2025-10-01 13:00:00,ACC-00334,PIX,App,3500.0,GO,DEV-00929-A,1,Restaurante,MER-0707,1,Fracionamento,62,SP,1850.63,3411,149.32,Varejo,802.05,1426.7863520817218,168.48,1.890927815551091,2,4,13,Wednesday,2025-10,1,0,0,0,0,0,0,1,20,1,Alto,structuring
TX-0030384,2025-10-01 14:00:00,ACC-00334,PIX,App,4500.0,PR,DEV-01429-A,1,Restaurante,MER-0052,1,Fracionamento,62,SP,1850.63,3411,149.32,Varejo,802.05,1426.7863520817218,168.48,2.5918035973673184,2,5,14,Wednesday,2025-10,1,0,0,0,0,0,0,1,20,1,Alto,structuring
TX-0020198,2025-10-02 03:01:44,ACC-00647,PIX,Internet Banking,983.18,GO,DEV-00647-A,1,Viagem,MER-1154,0,Normal,27,GO,4225.58,4655,407.01,Varejo,420.8282608695652,370.2578661082298,305.96,1.5188110519873577,1,2,3,Thursday,2025-10,0,0,0,0,1,0,0,0,20,1,Alto,unusual_hour
TX-0012028,2025-07-23 10:55:54,ACC-00426,Cartao,POS,15500.0,SP,DEV-00426-A,1,Servicos,MER-0789,1,Valor atipico,26,SP,1905.4,3412,54.82,Digital,1621.453,4877.092307968505,40.795,2.845660103116019,1,1,10,Wednesday,2025-07,0,0,1,0,0,0,0,0,20,1,Alto,high_value
TX-0019980,2025-07-24 00:07:00,ACC-01690,PIX,Internet Banking,543.9,PE,DEV-01690-A,1,Transporte,MER-0533,1,Horario incomum,37,PE,1229.18,3064,169.97,Alta renda,211.21105263157895,185.72974116814453,137.42,1.791252953221055,1,1,0,Thursday,2025-07,0,0,0,0,1,0,0,0,20,1,Alto,unusual_hour
TX-0022978,2025-07-24 01:08:06,ACC-00430,Cartao,E-commerce,13813.03,BA,DEV-00430-A,1,Mercado,MER-0091,0,Normal,23,BA,26287.3,184,3947.29,Digital,4073.9938095238094,2841.129966612714,3556.24,3.427874227833154,1,1,1,Thursday,2025-07,0,0,0,0,1,0,0,0,20,1,Alto,unusual_hour
TX-0040447,2025-07-24 02:06:08,ACC-01650,Cartao,Carteira digital,307.24,RJ,DEV-01650-A,1,Transporte,MER-0905,0,Normal,44,RJ,4483.81,4047,138.71,Varejo,131.95304347826087,89.06732614023367,102.93,1.9680276047105691,1,1,2,Thursday,2025-07,0,0,0,0,1,0,0,0,20,1,Alto,unusual_hour
TX-0013835,2025-07-24 03:12:00,ACC-00891,Transferencia,App,1373.5,MG,DEV-00891-A,1,Servicos,MER-0766,1,Horario incomum,42,MG,8185.64,4505,429.22,Alta renda,625.682,550.512418671531,408.57000000000005,1.3584035066903613,1,1,3,Thursday,2025-07,0,0,0,0,1,0,0,0,20,1,Alto,unusual_hour
TX-0032586,2025-07-24 03:17:09,ACC-00650,Boleto,App,913.31,RS,DEV-00650-A,1,Eletronicos,MER-0758,0,Normal,48,RS,2283.0,2749,298.76,Empresarial,284.57722222222225,254.32816445098354,177.615,2.472131936842382,1,1,3,Thursday,2025-07,0,0,0,0,1,0,0,0,20,1,Alto,unusual_hour
TX-0007510,2025-07-25 01:20:00,ACC-00194,Boleto,App,1243.36,SP,DEV-00194-A,1,Mercado,MER-0341,1,Horario incomum,59,SP,4549.2,3937,388.55,Alta renda,467.01,349.40251244929874,410.47,2.221935940179179,1,1,1,Friday,2025-07,0,0,0,0,1,0,0,0,20,1,Alto,unusual_hour
TX-0045304,2025-07-18 03:59:16,ACC-02207,Saque,ATM,4750.56,GO,DEV-02207-A,1,Eletronicos,MER-0061,0,Normal,70,GO,9450.97,3453,1492.43,Varejo,2675.3285714285716,3265.182905514308,1490.23,0.6355636081111216,1,1,3,Friday,2025-07,0,0,0,0,1,0,0,0,20,1,Alto,unusual_hour
TX-0038915,2025-07-28 01:14:00,ACC-00018,Boleto,Internet Banking,3655.34,PE,DEV-00018-A,1,Servicos,MER-0202,1,Horario incomum,23,PE,5466.36,2541,669.17,Varejo,1180.7425,1142.3748264956077,724.365,2.1661870015038485,1,1,1,Monday,2025-07,0,0,0,0,1,0,0,0,20,1,Alto,unusual_hour
TX-0048736,2025-07-29 00:01:00,ACC-01257,PIX,App,1642.94,SP,DEV-01257-A,1,Outros,MER-0867,1,Horario incomum,75,SP,5199.92,2532,513.42,Varejo,1175.5040740740742,2894.3507842470003,602.34,0.16149940375922156,1,1,0,Tuesday,2025-07,0,0,0,0,1,0,0,0,20,1,Alto,unusual_hour
TX-0001076,2025-07-29 00:53:57,ACC-01894,PIX,App,742.39,RS,NEW-8791244,0,Restaurante,MER-0216,0,Normal,50,RS,4896.38,1545,195.74,Varejo,1121.0305555555556,3597.8944113262432,191.535,-0.10523948517321341,1,1,0,Tuesday,2025-07,0,0,0,0,1,0,0,0,20,1,Alto,unusual_hour
TX-0046448,2025-07-29 12:00:00,ACC-00044,PIX,App,4500.0,MG,DEV-01802-A,1,Viagem,MER-0974,1,Fracionamento,28,SP,9786.96,4535,862.22,Varejo,1545.905652173913,1447.6026131499002,765.39,2.040680447100152,2,3,12,Tuesday,2025-07,1,0,0,0,0,0,0,1,20,1,Alto,structuring
TX-0046059,2025-07-29 14:00:00,ACC-00044,PIX,App,3500.0,MG,DEV-00900-A,1,Eletronicos,MER-0129,1,Fracionamento,28,SP,9786.96,4535,862.22,Varejo,1545.905652173913,1447.6026131499002,765.39,1.3498831309609822,2,5,14,Tuesday,2025-07,1,0,0,0,0,0,0,1,20,1,Alto,structuring
TX-0000537,2025-07-22 03:37:00,ACC-00909,Boleto,App,1379.1,PE,NEW-1388424,0,Outros,MER-1065,1,Horario incomum,42,PE,2826.42,575,430.97,Varejo,500.7225,526.1544410337759,336.025,1.6694290335631954,1,1,3,Tuesday,2025-07,0,0,0,0,1,0,0,0,20,1,Alto,unusual_hour
TX-0048551,2025-07-22 19:14:18,ACC-02108,Cartao,POS,15500.0,GO,DEV-02108-A,1,Viagem,MER-0754,1,Valor atipico,66,GO,2884.12,4855,229.27,Alta renda,1892.6152631578948,4799.494603850803,272.09,2.835170337711063,1,1,19,Tuesday,2025-07,0,0,1,0,0,0,0,0,20,1,Alto,high_value
TX-0002384,2025-07-23 01:13:00,ACC-01384,Cartao,Carteira digital,635.07,SC,DEV-01384-A,1,Transporte,MER-1114,1,Horario incomum,39,SC,1499.61,1860,198.46,Digital,231.52363636363637,152.149508397019,167.51,2.6523014624756436,1,1,1,Wednesday,2025-07,0,0,0,0,1,0,0,0,20,1,Alto,unusual_hour
TX-0007712,2025-10-11 02:38:00,ACC-00712,Saque,ATM,1280.74,SP,NEW-0564225,0,Mercado,MER-0374,1,Horario incomum,71,SP,8055.19,3575,400.23,Digital,455.64076923076925,353.8827575026683,314.74,2.331560985315905,1,1,2,Saturday,2025-10,0,0,0,0,1,0,0,0,20,1,Alto,unusual_hour
TX-0022943,2025-10-11 04:36:04,ACC-02216,Transferencia,Internet Banking,535.78,SP,DEV-02216-A,1,Eletronicos,MER-0025,0,Normal,50,SP,3184.97,2316,286.96,Digital,243.07346153846154,242.6321092673813,170.19,1.2063800596934802,1,1,4,Saturday,2025-10,0,0,0,0,1,0,0,0,20,1,Alto,unusual_hour
TX-0043594,2025-07-02 13:00:00,ACC-02031,PIX,App,4500.0,SP,DEV-00131-A,1,Outros,MER-1058,1,Fracionamento,72,SP,7346.04,2588,637.51,Alta renda,1536.453888888889,1611.7664904078486,717.2,1.8386944565159695,2,4,13,Wednesday,2025-07,0,0,0,0,0,0,0,1,20,1,Alto,structuring
TX-0025908,2025-07-02 13:00:00,ACC-01559,PIX,App,3500.0,PR,DEV-02456-A,1,Servicos,MER-0916,1,Fracionamento,45,SC,1598.19,1628,53.41,Alta renda,599.6054838709678,1258.209012010958,60.9,2.305177032147797,2,4,13,Wednesday,2025-07,1,0,0,0,0,0,0,1,20,1,Alto,structuring
TX-0048085,2025-07-02 14:00:00,ACC-02031,PIX,App,3500.0,SP,DEV-00988-A,1,Restaurante,MER-1060,1,Fracionamento,72,SP,7346.04,2588,637.51,Alta renda,1536.453888888889,1611.7664904078486,717.2,1.218257187251887,2,5,14,Wednesday,2025-07,0,0,0,0,0,0,0,1,20,1,Alto,structuring
TX-0046547,2025-07-02 14:00:00,ACC-02068,PIX,App,4500.0,GO,DEV-00298-A,1,Restaurante,MER-0824,1,Fracionamento,52,SP,2898.28,1686,139.21,Varejo,1044.5242857142857,1501.9717025782193,277.66,2.3006263755530116,2,5,14,Wednesday,2025-07,1,0,0,0,0,0,0,1,20,1,Alto,structuring
TX-0037685,2025-07-04 03:01:00,ACC-00721,Cartao,Carteira digital,699.1,SC,DEV-00721-A,1,Eletronicos,MER-1196,1,Horario incomum,48,SC,1736.06,958,218.47,Varejo,949.555909090909,3253.0945103007894,250.515,-0.07699005002708982,1,1,3,Friday,2025-07,0,0,0,0,1,0,0,0,20,1,Alto,unusual_hour
TX-0034237,2025-07-05 03:49:00,ACC-01990,Cartao,Carteira digital,1014.9,SP,DEV-01990-A,1,Outros,MER-0967,1,Horario incomum,34,SP,5280.23,3312,222.38,Digital,286.1626923076923,222.08664184156044,227.04000000000002,3.2813198562937367,1,1,3,Saturday,2025-07,0,0,0,0,1,0,0,0,20,1,Alto,unusual_hour
TX-0016630,2025-10-07 02:55:00,ACC-00223,Cartao,Carteira digital,734.62,GO,DEV-00223-A,1,Transporte,MER-0240,1,Horario incomum,53,GO,2659.81,4086,229.57,Digital,288.5332142857143,207.8196268857091,208.405,2.1465094149149455,1,1,2,Tuesday,2025-10,0,0,0,0,1,0,0,0,20,1,Alto,unusual_hour
TX-0018172,2025-10-08 04:54:00,ACC-01581,Cartao,Carteira digital,2140.13,MG,DEV-01581-A,1,Viagem,MER-0142,1,Horario incomum,47,MG,6297.6,2867,668.79,Digital,817.624,484.34009093654544,641.21,2.7305317580519364,1,1,4,Wednesday,2025-10,0,0,0,0,1,0,0,0,20,1,Alto,unusual_hour
TX-0012539,2025-10-08 12:00:00,ACC-01130,PIX,App,3500.0,RJ,DEV-01160-A,1,Outros,MER-0912,1,Fracionamento,29,SP,6798.41,3942,1068.27,Varejo,1785.836,1183.9064051707003,1364.4450000000002,1.4478881037499287,2,3,12,Wednesday,2025-10,1,0,0,0,0,0,0,1,20,1,Alto,structuring
TX-0018189,2025-10-08 18:54:59,ACC-02377,Cartao,Carteira digital,15500.0,SP,DEV-02377-A,1,Eletronicos,MER-1130,1,Valor atipico,18,SP,2239.66,1227,137.81,Varejo,1273.8430769230768,4274.60104151133,73.44,3.3280665926303894,1,1,18,Wednesday,2025-10,0,0,1,0,0,0,0,0,20,1,Alto,high_value
TX-0001195,2025-10-09 02:59:00,ACC-01095,PIX,Internet Banking,621.12,SP,DEV-01095-A,1,Transporte,MER-0094,1,Horario incomum,52,SP,2211.81,931,194.1,Alta renda,191.1455,166.22506193569703,131.155,2.5867007958543136,1,1,2,Thursday,2025-10,0,0,0,0,1,0,0,0,20,1,Alto,unusual_hour
TX-0037259,2025-10-10 02:55:30,ACC-01947,PIX,App,473.24,SP,DEV-01947-A,1,Viagem,MER-0363,0,Normal,22,MG,2213.58,3850,150.04,Varejo,175.55266666666665,153.78521229608646,120.72,1.9357344499430063,1,1,2,Friday,2025-10,1,0,0,0,1,0,0,0,20,1,Alto,unusual_hour
TX-0034068,2025-10-10 04:17:00,ACC-00173,Saque,ATM,545.28,RS,DEV-00173-A,1,Transporte,MER-0763,1,Horario incomum,37,RS,2467.04,233,170.4,Varejo,198.46846153846155,174.06441546384266,132.08,1.992432155287819,1,1,4,Friday,2025-10,0,0,0,0,1,0,0,0,20,1,Alto,unusual_hour
TX-0018672,2025-10-10 04:22:55,ACC-00109,Cartao,Carteira digital,623.81,SP,DEV-00109-A,1,Mercado,MER-1078,0,Normal,23,SP,5254.27,4453,357.46,Alta renda,1226.6115789473683,3508.448205858512,218.33,-0.17181430181605423,1,1,4,Friday,2025-10,0,0,0,0,1,0,0,0,20,1,Alto,unusual_hour
TX-0012319,2025-07-08 02:19:00,ACC-00576,PIX,App,415.01,RS,DEV-00576-A,1,Outros,MER-0440,1,Horario incomum,28,RS,1670.39,1920,129.69,Empresarial,158.8825,144.25906383248883,114.495,1.7754690290892978,1,1,2,Tuesday,2025-07,0,0,0,0,1,0,0,0,20,1,Alto,unusual_hour
TX-0038579,2025-07-08 03:38:00,ACC-01050,Transferencia,Internet Banking,660.32,MG,DEV-01050-A,1,Transporte,MER-0662,1,Horario incomum,26,MG,1664.75,4759,206.35,Alta renda,227.91066666666666,151.43543105262796,169.56,2.855403985234204,1,1,3,Tuesday,2025-07,0,0,0,0,1,0,0,0,20,1,Alto,unusual_hour
TX-0039195,2025-07-10 01:16:00,ACC-02326,Saque,ATM,578.72,SC,DEV-02326-A,1,Viagem,MER-0260,1,Horario incomum,47,SC,5928.45,1219,180.85,Empresarial,216.73450000000003,177.2056771834713,169.025,2.042742116129922,1,1,1,Thursday,2025-07,0,0,0,0,1,0,0,0,20,1,Alto,unusual_hour
TX-0003017,2025-07-10 01:21:00,ACC-00503,Cartao,E-commerce,955.72,RJ,DEV-00503-A,1,Restaurante,MER-0624,1,Horario incomum,26,RJ,1877.3,283,286.53,Varejo,437.19388888888886,346.2767983112539,354.075,1.497432440290237,1,1,1,Thursday,2025-07,0,0,0,0,1,0,0,0,20,1,Alto,unusual_hour
TX-0028424,2025-07-11 04:11:39,ACC-01800,PIX,App,847.36,PE,DEV-01800-A,1,Eletronicos,MER-0049,0,Normal,23,PE,3692.1,68,148.53,Varejo,233.2875,196.6269966171589,170.99,3.1230324958664,1,1,4,Friday,2025-07,0,0,0,0,1,0,0,0,20,1,Alto,unusual_hour
TX-0012385,2025-07-11 04:30:29,ACC-01498,Cartao,E-commerce,2719.97,SP,DEV-01498-A,1,Restaurante,MER-0417,0,Normal,25,SP,6705.06,1520,703.01,Empresarial,1000.061875,691.7013771006361,829.8050000000001,2.486489375240566,1,1,4,Friday,2025-07,0,0,0,0,1,0,0,0,20,1,Alto,unusual_hour
TX-0040552,2025-07-11 04:54:00,ACC-00766,Cartao,E-commerce,870.78,PE,NEW-5119958,0,Servicos,MER-0168,1,Horario incomum,76,PE,3190.27,4391,272.12,Varejo,1246.856,1706.2330114007539,284.23,-0.2204130370747285,1,1,4,Friday,2025-07,0,0,0,0,1,0,0,0,20,1,Alto,unusual_hour
TX-0029153,2025-10-06 02:13:00,ACC-00521,Boleto,App,2463.84,RS,DEV-00521-A,1,Outros,MER-1088,1,Horario incomum,28,RS,6986.38,1256,769.95,Varejo,1085.7511764705882,602.4369369266209,877.22,2.287523787236287,1,1,2,Monday,2025-10,0,0,0,0,1,0,0,0,20,1,Alto,unusual_hour
TX-0046947,2025-07-13 03:01:25,ACC-02015,PIX,Internet Banking,476.27,BA,DEV-02015-A,1,Restaurante,MER-0828,0,Normal,64,BA,1616.56,1347,188.99,Digital,237.79227272727275,169.69921381897802,184.41,1.4052965945211555,1,1,3,Sunday,2025-07,0,0,0,0,1,0,0,0,20,1,Alto,unusual_hour
TX-0032689,2025-07-14 03:40:00,ACC-00489,Cartao,POS,750.46,SC,DEV-00489-A,1,Eletronicos,MER-0369,1,Horario incomum,43,SC,2361.87,2172,234.52,Varejo,1248.9945,3462.654937328437,229.535,-0.14397464056428252,1,1,3,Monday,2025-07,0,0,0,0,1,0,0,0,20,1,Alto,unusual_hour
TX-0048749,2025-07-14 03:58:00,ACC-02245,Saque,ATM,2430.05,SP,DEV-02245-A,1,Viagem,MER-0078,1,Horario incomum,28,SP,4811.1,4705,759.39,Varejo,852.9459999999999,654.2857326517054,686.505,2.4104208930374718,1,1,3,Monday,2025-07,0,0,0,0,1,0,0,0,20,1,Alto,unusual_hour
TX-0009305,2025-07-14 04:28:20,ACC-00244,Cartao,Carteira digital,930.72,RJ,DEV-00244-A,1,Outros,MER-0693,0,Normal,47,RJ,1845.38,2863,268.06,Digital,308.78520000000003,229.33360060764466,243.43,2.711921839416968,1,2,4,Monday,2025-07,0,0,0,0,1,0,0,0,20,1,Alto,unusual_hour
TX-0039628,2025-07-15 00:25:27,ACC-02327,Boleto,Internet Banking,332.56,SP,DEV-02327-A,1,Mercado,MER-0233,0,Normal,77,SP,1357.67,2700,166.81,Empresarial,152.3742857142857,91.45589722105369,125.72,1.9701924070592847,1,1,0,Tuesday,2025-07,0,0,0,0,1,0,0,0,20,1,Alto,unusual_hour
TX-0034982,2025-07-15 03:34:00,ACC-02281,Cartao,Carteira digital,2315.62,MG,DEV-02281-A,1,Servicos,MER-0017,1,Horario incomum,69,MG,4954.96,4789,723.63,Alta renda,699.2204545454546,503.22878903070256,543.535,3.2120569822087957,1,1,3,Tuesday,2025-07,0,0,0,0,1,0,0,0,20,1,Alto,unusual_hour
TX-0027507,2025-07-07 03:48:00,ACC-00366,Cartao,Carteira digital,426.62,MG,DEV-00366-A,1,Transporte,MER-0399,1,Horario incomum,59,MG,2589.76,1052,133.32,Varejo,181.1976,159.14723529591498,139.29,1.5421091013215957,1,1,3,Monday,2025-07,0,0,0,0,1,0,0,0,20,1,Alto,unusual_hour
TX-0009072,2025-07-08 00:11:00,ACC-01273,Cartao,E-commerce,1916.48,GO,DEV-01273-A,1,Eletronicos,MER-0036,1,Horario incomum,24,GO,11334.93,4402,474.77,Varejo,873.426923076923,608.5573169305777,693.12,1.7139767247956124,1,1,0,Tuesday,2025-07,0,0,0,0,1,0,0,0,20,1,Alto,unusual_hour
TX-0041482,2025-06-21 07:07:20,ACC-02158,Cartao,Carteira digital,15500.0,SC,DEV-02158-A,1,Viagem,MER-0942,1,Valor atipico,42,SC,1472.49,1104,177.02,Varejo,1391.2392307692307,4242.010022266295,167.84,3.325961205931607,1,1,7,Saturday,2025-06,0,0,1,0,0,0,0,0,20,1,Alto,high_value
TX-0019265,2025-06-22 02:56:00,ACC-00469,Cartao,POS,774.14,PR,NEW-9315674,0,Eletronicos,MER-0393,1,Horario incomum,55,PR,1563.98,1169,241.92,Varejo,451.06944444444446,796.4176873643202,194.48,0.405654671764927,1,1,2,Sunday,2025-06,0,0,0,0,1,0,0,0,20,1,Alto,unusual_hour
TX-0004195,2025-06-23 00:20:28,ACC-00141,Cartao,Carteira digital,5470.85,SP,DEV-00141-A,1,Viagem,MER-0583,0,Normal,45,RJ,10256.3,3018,1407.58,Digital,1759.0709090909093,1356.1730250261796,1201.01,2.7369509807477836,1,1,0,Monday,2025-06,1,0,0,0,1,0,0,0,20,1,Alto,unusual_hour
TX-0033728,2025-06-24 01:24:20,ACC-00683,PIX,Internet Banking,771.46,RJ,DEV-00683-A,1,Outros,MER-0790,0,Normal,35,RJ,4511.97,4240,253.87,Varejo,914.2790322580646,1415.5576387307697,250.75,-0.10089241748299298,1,1,1,Tuesday,2025-06,0,0,0,0,1,0,0,0,20,1,Alto,unusual_hour
TX-0026183,2025-06-24 04:26:00,ACC-01537,Cartao,POS,1665.5,GO,DEV-01537-A,1,Viagem,MER-0485,1,Horario incomum,33,GO,3935.17,3516,520.47,Alta renda,577.0215384615384,436.0917581765774,552.325,2.4959849415400486,1,1,4,Tuesday,2025-06,0,0,0,0,1,0,0,0,20,1,Alto,unusual_hour
TX-0032553,2025-06-25 02:46:00,ACC-02306,Cartao,POS,602.59,SP,DEV-02306-A,1,Viagem,MER-0439,1,Horario incomum,70,SP,6483.83,1371,188.31,Varejo,1064.83,3606.9948626751197,150.81,-0.1281510003751934,1,1,2,Wednesday,2025-06,0,0,0,0,1,0,0,0,20,1,Alto,unusual_hour
TX-0004788,2025-06-26 02:31:00,ACC-00009,Cartao,POS,1105.23,SP,DEV-00009-A,1,Restaurante,MER-0363,1,Horario incomum,40,SP,3216.41,4444,316.64,Varejo,417.55117647058825,284.56088812155724,376.49,2.4166315619441443,1,1,2,Thursday,2025-06,0,0,0,0,1,0,0,0,20,1,Alto,unusual_hour
TX-0009456,2025-06-27 01:39:56,ACC-01239,PIX,App,2054.91,SP,DEV-01239-A,1,Eletronicos,MER-0200,0,Normal,75,SP,5708.96,4773,628.65,Empresarial,838.4580000000001,650.267427986363,705.12,1.8706949597135756,1,1,1,Friday,2025-06,0,0,0,0,1,0,0,0,20,1,Alto,unusual_hour
TX-0008968,2025-10-16 00:09:00,ACC-01519,Cartao,E-commerce,4126.36,MG,DEV-01519-A,1,Transporte,MER-0655,1,Horario incomum,68,MG,10496.41,540,1199.39,Empresarial,1650.8725,1366.7843510981045,1040.755,1.8111763556636706,1,1,0,Thursday,2025-10,0,0,0,0,1,0,0,0,20,1,Alto,unusual_hour
TX-0049038,2025-10-16 00:23:00,ACC-01977,Cartao,Carteira digital,4113.79,MG,DEV-01977-A,1,Outros,MER-0782,1,Horario incomum,37,MG,8127.02,2114,1285.56,Varejo,2119.6705882352944,2552.115577157191,1048.33,0.7813593669554577,1,1,0,Thursday,2025-10,0,0,0,0,1,0,0,0,20,1,Alto,unusual_hour
TX-0039066,2025-10-16 04:21:40,ACC-00382,Cartao,POS,405.84,SP,DEV-00382-A,1,Mercado,MER-0262,0,Normal,44,SP,1987.59,2626,143.06,Varejo,175.90916666666666,119.48660383041916,129.44,1.924323112067539,1,1,4,Thursday,2025-10,0,0,0,0,1,0,0,0,20,1,Alto,unusual_hour
TX-0042136,2025-10-16 04:44:00,ACC-01489,Boleto,App,1834.75,PR,DEV-01489-A,1,Servicos,MER-0280,1,Horario incomum,20,PR,3934.27,2373,573.36,Digital,570.850625,522.4845168292071,424.24,2.419017854672909,1,1,4,Thursday,2025-10,0,0,0,0,1,0,0,0,20,1,Alto,unusual_hour
TX-0023000,2025-10-17 02:42:00,ACC-00228,Cartao,Carteira digital,955.17,BA,DEV-00228-A,1,Viagem,MER-0558,1,Horario incomum,52,BA,2394.13,3592,298.49,Varejo,405.685625,343.3949656973002,263.065,1.6001526809929003,1,1,2,Friday,2025-10,0,0,0,0,1,0,0,0,20,1,Alto,unusual_hour
TX-0017808,2025-10-17 04:01:00,ACC-02346,Transferencia,Internet Banking,1993.66,PE,DEV-02346-A,1,Transporte,MER-0427,1,Horario incomum,52,PE,7416.34,3169,623.02,Varejo,1692.365,3163.048305438991,774.275,0.09525463126247898,1,1,4,Friday,2025-10,0,0,0,0,1,0,0,0,20,1,Alto,unusual_hour
TX-0022367,2025-10-17 04:25:00,ACC-02176,Cartao,POS,4147.97,SP,DEV-02176-A,1,Restaurante,MER-0665,1,Horario incomum,74,SP,9557.76,3882,1296.24,Alta renda,2044.468,1799.0972269063789,1173.87,1.1691986228098734,1,1,4,Friday,2025-10,0,0,0,0,1,0,0,0,20,1,Alto,unusual_hour
TX-0000002,2025-10-18 00:41:47,ACC-01459,Transferencia,App,733.58,DF,DEV-01459-A,1,Restaurante,MER-0798,0,Normal,54,DF,2304.73,295,368.4,Digital,449.7088235294118,466.4176673980408,257.01,0.6086201195040337,1,1,0,Saturday,2025-10,0,0,0,0,1,0,0,0,20,1,Alto,unusual_hour
TX-0030116,2025-06-29 04:35:00,ACC-02474,Cartao,Carteira digital,3122.02,SP,DEV-02474-A,1,Transporte,MER-0957,1,Horario incomum,40,SP,7046.59,4812,975.63,Digital,1328.3600000000001,895.8103084837293,1076.43,2.00227657910746,1,1,4,Sunday,2025-06,0,0,0,0,1,0,0,0,20,1,Alto,unusual_hour
TX-0045300,2025-07-01 09:55:05,ACC-00328,PIX,Internet Banking,15500.0,GO,DEV-00328-A,1,Eletronicos,MER-0120,1,Valor atipico,36,GO,3410.45,3960,540.6,Varejo,3584.2813333333334,6178.206981028287,678.37,1.9286693863214406,1,2,9,Tuesday,2025-07,0,0,1,0,0,0,0,0,20,1,Alto,high_value
TX-0036129,2025-07-02 02:40:00,ACC-00392,Boleto,App,134.98,PR,DEV-00392-A,1,Servicos,MER-0599,1,Horario incomum,22,PR,936.28,4639,42.18,Varejo,64.57444444444444,58.015340995720024,42.695,1.2135679002688202,1,1,2,Wednesday,2025-07,0,0,0,0,1,0,0,0,20,1,Alto,unusual_hour
TX-0025064,2025-07-02 03:51:49,ACC-01821,PIX,App,1007.29,SP,DEV-01821-A,1,Transporte,MER-0180,0,Normal,52,SP,7418.71,4173,360.4,Varejo,432.1586956521739,459.3083103804949,290.61,1.2521682960000928,1,1,3,Wednesday,2025-07,0,0,0,0,1,0,0,0,20,1,Alto,unusual_hour
TX-0040696,2025-10-13 04:59:00,ACC-01684,Cartao,Carteira digital,1428.03,BA,DEV-01684-A,1,Outros,MER-0003,1,Horario incomum,23,BA,4865.93,549,446.26,Digital,462.6933333333333,411.6034095380325,324.89,2.3453077508520215,1,1,4,Monday,2025-10,0,0,0,0,1,0,0,0,20,1,Alto,unusual_hour
TX-0047099,2025-10-15 00:47:00,ACC-01002,PIX,App,1886.21,DF,DEV-01002-A,1,Outros,MER-0978,1,Horario incomum,74,DF,6592.22,3556,589.44,Varejo,908.8552631578947,679.0446312231489,622.34,1.4393085401199868,1,1,0,Wednesday,2025-10,0,0,0,0,1,0,0,0,20,1,Alto,unusual_hour
TX-0033531,2025-10-15 12:00:00,ACC-00273,PIX,App,3500.0,RS,DEV-00892-A,1,Outros,MER-0716,1,Fracionamento,48,PE,3070.15,3438,231.91,Alta renda,802.9146153846153,1208.2728409998488,275.285,2.2321824120316567,2,3,12,Wednesday,2025-10,1,0,0,0,0,0,0,1,20,1,Alto,structuring
TX-0032192,2025-10-15 14:00:00,ACC-00273,PIX,App,3500.0,SP,DEV-01026-A,1,Eletronicos,MER-0774,1,Fracionamento,48,PE,3070.15,3438,231.91,Alta renda,802.9146153846153,1208.2728409998488,275.285,2.2321824120316567,2,5,14,Wednesday,2025-10,1,0,0,0,0,0,0,1,20,1,Alto,structuring
TX-0009555,2025-07-06 01:16:00,ACC-00554,Transferencia,App,306.18,SP,DEV-00554-A,1,Mercado,MER-0459,1,Horario incomum,26,SP,1464.33,77,95.68,Varejo,1073.904375,3847.581275553026,109.53,-0.19953428401318238,1,1,1,Sunday,2025-07,0,0,0,0,1,0,0,0,20,1,Alto,unusual_hour
TX-0004447,2025-07-06 01:32:00,ACC-00736,Transferencia,App,1218.98,PE,DEV-00736-A,1,Eletronicos,MER-0869,0,Normal,25,PE,6305.96,3609,451.65,Digital,533.7968181818183,327.5782140466081,464.68,2.0916628531367882,1,1,1,Sunday,2025-07,0,0,0,0,1,0,0,0,20,1,Alto,unusual_hour
TX-0025648,2025-07-06 01:57:12,ACC-02465,Cartao,E-commerce,868.36,DF,DEV-02465-A,1,Mercado,MER-1052,0,Normal,19,DF,3829.31,4093,447.96,Varejo,452.3938095238095,315.6844367161009,271.18,1.3176645475566293,1,1,1,Sunday,2025-07,0,0,0,0,1,0,0,0,20,1,Alto,unusual_hour
TX-0021604,2025-07-06 04:53:56,ACC-00929,Transferencia,Internet Banking,454.89,GO,DEV-00929-A,1,Outros,MER-0310,0,Normal,19,GO,2248.06,2355,229.23,Varejo,237.28142857142856,143.71150800425534,179.44,1.5142042168406442,1,1,4,Sunday,2025-07,0,0,0,0,1,0,0,0,20,1,Alto,unusual_hour
TX-0018730,2025-06-28 01:14:00,ACC-01537,PIX,App,1665.5,SC,DEV-01537-A,1,Viagem,MER-0474,1,Horario incomum,33,GO,3935.17,3516,520.47,Alta renda,577.0215384615384,436.0917581765774,552.325,2.4959849415400486,1,1,1,Saturday,2025-06,1,0,0,0,1,0,0,0,20,1,Alto,unusual_hour
TX-0009126,2025-06-28 12:00:00,ACC-02242,PIX,App,3500.0,GO,DEV-00396-A,1,Mercado,MER-0942,1,Fracionamento,44,MG,6050.72,4126,933.91,Varejo,2237.526956521739,3232.304488172254,1177.96,0.3905798627876614,2,3,12,Saturday,2025-06,1,0,0,0,0,0,0,1,20,1,Alto,structuring
TX-0014417,2025-06-28 13:00:00,ACC-02242,PIX,App,4500.0,DF,DEV-02464-A,1,Restaurante,MER-0889,1,Fracionamento,44,MG,6050.72,4126,933.91,Varejo,2237.526956521739,3232.304488172254,1177.96,0.6999566568549376,2,4,13,Saturday,2025-06,1,0,0,0,0,0,0,1,20,1,Alto,structuring
TX-0002308,2025-06-29 00:11:00,ACC-00698,PIX,App,1048.42,SP,DEV-00698-A,1,Transporte,MER-0877,1,Horario incomum,54,SP,3435.23,3911,327.63,Digital,421.61064516129034,304.67448003768976,276.51,2.05730835992949,1,1,0,Sunday,2025-06,0,0,0,0,1,0,0,0,20,1,Alto,unusual_hour
TX-0021089,2025-10-20 12:00:00,ACC-01322,PIX,App,3500.0,RJ,DEV-01824-A,1,Transporte,MER-0334,1,Fracionamento,48,SP,7838.13,277,1083.2,Alta renda,1609.1888461538463,1453.1978728647437,878.31,1.301138123825303,2,3,12,Monday,2025-10,1,0,0,0,0,0,0,1,20,1,Alto,structuring
TX-0027271,2025-10-20 13:00:00,ACC-01322,PIX,App,3500.0,PE,DEV-02484-A,1,Restaurante,MER-0065,1,Fracionamento,48,SP,7838.13,277,1083.2,Alta renda,1609.1888461538463,1453.1978728647437,878.31,1.301138123825303,2,4,13,Monday,2025-10,1,0,0,0,0,0,0,1,20,1,Alto,structuring
TX-0025403,2025-10-20 14:07:56,ACC-02246,PIX,Internet Banking,15500.0,PE,DEV-02246-A,1,Transporte,MER-0664,1,Valor atipico,21,PE,1679.49,3092,197.01,Alta renda,2324.5004545454544,5360.406810832887,225.595,2.4579290360627257,1,1,14,Monday,2025-10,0,0,1,0,0,0,0,0,20,1,Alto,high_value
TX-0045748,2025-10-21 00:12:57,ACC-00036,Cartao,Carteira digital,2043.08,SP,DEV-00036-A,1,Viagem,MER-0680,0,Normal,59,SP,5972.74,3189,699.91,Varejo,1605.3963157894736,3440.6972120264786,631.66,0.1272078469098251,1,1,0,Tuesday,2025-10,0,0,0,0,1,0,0,0,20,1,Alto,unusual_hour
TX-0032015,2025-10-21 03:02:00,ACC-01332,PIX,App,1719.88,RJ,DEV-01332-A,1,Transporte,MER-1102,1,Horario incomum,66,RJ,9057.18,1883,382.89,Digital,624.298,552.6208229175818,420.83,1.9825203006572119,1,1,3,Tuesday,2025-10,0,0,0,0,1,0,0,0,20,1,Alto,unusual_hour
TX-0026016,2025-10-21 16:09:27,ACC-01119,Boleto,Internet Banking,15500.0,RS,DEV-01119-A,1,Outros,MER-0175,1,Valor atipico,65,RS,1705.24,4822,251.36,Varejo,2328.867272727273,5359.6357488965,246.92000000000002,2.4574678848249234,1,1,16,Tuesday,2025-10,0,0,1,0,0,0,0,0,20,1,Alto,high_value
TX-0045744,2025-10-22 11:52:16,ACC-01176,Cartao,Carteira digital,15500.0,SP,DEV-01176-A,1,Outros,MER-0040,1,Valor atipico,49,SP,4476.38,3122,443.09,Digital,1643.5933333333332,4006.2397638385974,421.53,3.458706289058967,1,1,11,Wednesday,2025-10,0,0,1,0,0,0,0,0,20,1,Alto,high_value
TX-0049640,2025-06-03 00:10:11,ACC-01546,PIX,Internet Banking,3429.77,SP,DEV-01546-A,1,Outros,MER-0568,0,Normal,74,SP,9197.91,4228,1344.6,Varejo,1928.110588235294,1318.1905152967768,1228.99,1.1391823824696714,1,1,0,Tuesday,2025-06,0,0,0,0,1,0,0,0,20,1,Alto,unusual_hour
TX-0000680,2025-06-13 11:11:10,ACC-00311,PIX,Internet Banking,15500.0,SP,NEW-3180967,0,Transporte,MER-0526,1,Valor atipico,37,SP,3202.06,918,223.4,Varejo,2146.0412499999998,5158.749417966329,177.935,2.588603878198133,1,1,11,Friday,2025-06,0,0,1,0,0,0,0,0,20,1,Alto,high_value
TX-0033397,2025-10-18 01:42:00,ACC-00235,Boleto,Internet Banking,5791.04,MG,DEV-00235-A,1,Outros,MER-0705,1,Horario incomum,25,RJ,14787.06,650,1809.7,Empresarial,3331.43,5600.9847656004995,2052.86,0.43913884842289824,1,1,1,Saturday,2025-10,1,0,0,0,1,0,0,0,20,1,Alto,unusual_hour
TX-0011385,2025-10-18 01:58:28,ACC-02201,Cartao,E-commerce,2785.24,SP,DEV-02201-A,1,Eletronicos,MER-0628,0,Normal,18,SP,23932.71,1872,1314.84,Varejo,1043.1326666666666,730.5035052176258,748.25,2.384803523720722,1,1,1,Saturday,2025-10,0,0,0,0,1,0,0,0,20,1,Alto,unusual_hour
TX-0046962,2025-10-19 01:42:00,ACC-01389,Transferencia,App,1621.98,PE,NEW-4403560,0,Outros,MER-0124,1,Horario incomum,24,PE,4121.73,3570,506.87,Varejo,641.1503571428572,863.0706547382073,410.67499999999995,1.136441886272515,1,1,1,Sunday,2025-10,0,0,0,0,1,0,0,0,20,1,Alto,unusual_hour
TX-0036756,2025-10-20 01:31:00,ACC-02282,Cartao,POS,1659.07,SP,DEV-02282-A,1,Servicos,MER-1061,1,Horario incomum,71,SP,3983.56,4402,518.46,Varejo,1315.941,3360.5187239580487,557.8,0.10210596285440705,1,1,1,Monday,2025-10,0,0,0,0,1,0,0,0,20,1,Alto,unusual_hour
TX-0018924,2025-10-20 01:32:00,ACC-01484,PIX,App,3245.63,GO,DEV-01484-A,1,Eletronicos,MER-0631,1,Horario incomum,21,GO,8216.51,4383,1014.26,Varejo,1216.6490909090908,762.9873792996597,1052.12,2.6592588083872313,1,1,1,Monday,2025-10,0,0,0,0,1,0,0,0,20,1,Alto,unusual_hour
TX-0023387,2025-10-20 02:40:00,ACC-00146,PIX,Internet Banking,2408.03,PE,DEV-00146-A,1,Servicos,MER-0736,1,Horario incomum,61,PE,10500.85,1632,752.51,Varejo,1771.5625,3309.802161484445,950.575,0.1922977474020818,1,1,2,Monday,2025-10,0,0,0,0,1,0,0,0,20,1,Alto,unusual_hour
TX-0049255,2025-10-20 04:00:00,ACC-01980,PIX,App,560.9,MG,DEV-01980-A,1,Eletronicos,MER-0448,1,Horario incomum,75,MG,3155.5,2421,175.28,Varejo,190.20333333333332,156.58010321663903,155.85,2.3674570335017795,1,1,4,Monday,2025-10,0,0,0,0,1,0,0,0,20,1,Alto,unusual_hour
TX-0043988,2025-06-16 03:36:00,ACC-02359,PIX,Internet Banking,224.54,SP,DEV-02359-A,1,Viagem,MER-0254,1,Horario incomum,60,SP,920.17,2831,70.17,Empresarial,174.2433333333333,221.11413171969326,87.7,0.22746925434158974,1,1,3,Monday,2025-06,0,0,0,0,1,0,0,0,20,1,Alto,unusual_hour
TX-0039960,2025-06-17 18:38:43,ACC-00239,Cartao,POS,15500.0,SC,DEV-00239-A,1,Eletronicos,MER-0019,1,Valor atipico,28,SC,5216.28,2662,151.2,Varejo,1255.6835714285714,4100.863667414102,162.875,3.473491826065392,1,1,18,Tuesday,2025-06,0,0,1,0,0,0,0,0,20,1,Alto,high_value
TX-0005459,2025-06-19 00:21:00,ACC-01632,Cartao,POS,1068.26,RJ,DEV-01632-A,1,Viagem,MER-1093,1,Horario incomum,66,RJ,2470.48,1534,333.83,Digital,396.0855555555556,315.5298969748625,283.065,2.1303035017882785,1,1,0,Thursday,2025-06,0,0,0,0,1,0,0,0,20,1,Alto,unusual_hour
TX-0011838,2025-06-09 01:10:00,ACC-00048,Transferencia,App,226.21,SP,DEV-00048-A,1,Transporte,MER-0568,1,Horario incomum,36,SP,2252.26,2622,70.69,Alta renda,113.7278947368421,72.97601474905964,80.22,1.5413571931811654,1,1,1,Monday,2025-06,0,0,0,0,1,0,0,0,20,1,Alto,unusual_hour
TX-0009584,2025-06-09 20:54:07,ACC-02338,Cartao,Carteira digital,15500.0,SP,DEV-02338-A,1,Mercado,MER-0080,1,Valor atipico,41,SP,1827.26,2577,261.55,Varejo,1486.193076923077,4131.179762089051,278.79499999999996,3.3922045832230827,1,1,20,Monday,2025-06,0,0,1,0,0,0,0,0,20,1,Alto,high_value
TX-0002681,2025-06-12 02:28:00,ACC-01177,Cartao,Carteira digital,2078.4,RJ,DEV-01177-A,1,Outros,MER-0078,1,Horario incomum,57,RJ,4584.05,929,649.5,Alta renda,821.41,619.3113348383503,660.315,2.029657668591023,1,1,2,Thursday,2025-06,0,0,0,0,1,0,0,0,20,1,Alto,unusual_hour
TX-0037835,2025-06-13 00:22:06,ACC-01775,PIX,Internet Banking,1781.02,DF,DEV-01775-A,1,Outros,MER-0107,0,Normal,33,BA,6436.38,317,669.46,Varejo,745.2064,703.9241526488015,455.16,1.4714846707593838,1,1,0,Friday,2025-06,1,0,0,0,1,0,0,0,20,1,Alto,unusual_hour
TX-0043076,2025-06-13 01:34:00,ACC-00486,Cartao,E-commerce,2387.39,SP,DEV-00486-A,1,Mercado,MER-0391,1,Horario incomum,55,SP,4902.65,1033,746.06,Varejo,1049.0263636363636,901.5304979208332,812.02,1.484546157285034,1,1,1,Friday,2025-06,0,0,0,0,1,0,0,0,20,1,Alto,unusual_hour
TX-0015750,2025-06-27 03:31:17,ACC-00738,Cartao,POS,707.16,RJ,DEV-00738-A,1,Outros,MER-0323,0,Normal,21,RJ,4848.01,1511,213.45,Empresarial,865.5329166666667,3122.123536264992,163.18,-0.05072602503619342,1,1,3,Friday,2025-06,0,0,0,0,1,0,0,0,20,1,Alto,unusual_hour
TX-0010966,2025-06-13 11:29:21,ACC-00404,Cartao,POS,15500.0,DF,DEV-00404-A,1,Transporte,MER-1126,1,Valor atipico,72,DF,5791.66,4897,433.76,Varejo,2400.35125,5131.901069207362,388.56,2.5525918316315637,1,1,11,Friday,2025-06,0,0,1,0,0,0,0,0,20,1,Alto,high_value
TX-0040159,2025-06-13 13:00:00,ACC-01996,PIX,App,3500.0,SC,DEV-00374-A,1,Servicos,MER-0070,1,Fracionamento,45,BA,1003.1,3898,88.02,Digital,671.6070967741936,1367.3460343409627,87.68,2.068527521337379,2,4,13,Friday,2025-06,1,0,0,0,0,0,0,1,20,1,Alto,structuring
TX-0006516,2025-06-13 14:00:00,ACC-01996,PIX,App,4500.0,GO,DEV-01475-A,1,Restaurante,MER-0045,1,Fracionamento,45,BA,1003.1,3898,88.02,Digital,671.6070967741936,1367.3460343409627,87.68,2.799871288668363,2,5,14,Friday,2025-06,1,0,0,0,0,0,0,1,20,1,Alto,structuring
TX-0032138,2025-06-14 03:33:40,ACC-01444,Cartao,E-commerce,288.49,MG,DEV-01444-A,1,Restaurante,MER-1041,0,Normal,27,MG,2325.16,3861,125.32,Varejo,834.1686363636363,3277.237153121943,103.53999999999999,-0.16650569088166692,1,1,3,Saturday,2025-06,0,0,0,0,1,0,0,0,20,1,Alto,unusual_hour
TX-0016843,2025-06-14 08:17:17,ACC-01870,Cartao,POS,15500.0,PR,DEV-01870-A,1,Restaurante,MER-0177,1,Valor atipico,44,PR,2872.46,552,347.44,Digital,2219.4903846153848,4166.1115542169355,427.265,3.1877470016236344,1,1,8,Saturday,2025-06,0,0,1,0,0,0,0,0,20,1,Alto,high_value
TX-0044645,2025-06-15 01:43:00,ACC-01309,PIX,App,742.02,MG,DEV-01309-A,1,Servicos,MER-1079,1,Horario incomum,42,MG,3144.05,4724,231.88,Varejo,314.97444444444443,260.93456973917296,173.875,1.6366001483913195,1,1,1,Sunday,2025-06,0,0,0,0,1,0,0,0,20,1,Alto,unusual_hour
TX-0003796,2025-06-15 03:50:00,ACC-02486,PIX,App,610.22,SP,DEV-02486-A,1,Viagem,MER-0034,0,Normal,72,SP,3579.62,4026,156.89,Varejo,881.5752173913044,3190.6851782676704,168.36,-0.08504606447528996,1,1,3,Sunday,2025-06,0,0,0,0,1,0,0,0,20,1,Alto,unusual_hour
TX-0034913,2025-05-30 13:00:00,ACC-00188,PIX,App,4500.0,SP,DEV-02286-A,1,Mercado,MER-1066,1,Fracionamento,75,SP,3352.0,3989,121.89,Alta renda,917.3729629629629,1648.4333382961734,144.56,2.1733526942254477,2,4,13,Friday,2025-05,0,0,0,0,0,0,0,1,20,1,Alto,structuring
TX-0022946,2025-05-30 19:09:02,ACC-01305,PIX,App,15500.0,MG,DEV-01305-A,1,Restaurante,MER-0529,1,Valor atipico,75,MG,6303.35,487,596.11,Alta renda,1887.098,4139.274714221281,660.48,3.2887167293415525,1,1,19,Friday,2025-05,0,0,1,0,0,0,0,0,20,1,Alto,high_value
TX-0031261,2025-05-31 00:58:00,ACC-01254,Cartao,POS,593.54,RJ,DEV-01254-A,1,Mercado,MER-0957,1,Horario incomum,61,RJ,2833.69,1434,185.48,Alta renda,178.42249999999999,132.41103952525216,158.46,3.1350671476363776,1,1,0,Saturday,2025-05,0,0,0,0,1,0,0,0,20,1,Alto,unusual_hour
TX-0047724,2025-05-31 01:00:00,ACC-02203,Saque,ATM,363.46,SP,DEV-02203-A,1,Restaurante,MER-0630,1,Horario incomum,57,SP,914.64,151,113.58,Varejo,745.4671875,1395.1650998271512,140.985,-0.2738078723065302,1,2,1,Saturday,2025-05,0,0,0,0,1,0,0,0,20,1,Alto,unusual_hour
TX-0022924,2025-05-31 01:33:35,ACC-00852,PIX,App,1525.15,GO,DEV-00852-A,1,Restaurante,MER-0344,0,Normal,23,GO,12838.52,4923,473.52,Alta renda,648.9373684210526,533.3595711029609,500.19,1.6428178644417755,1,1,1,Saturday,2025-05,0,0,0,0,1,0,0,0,20,1,Alto,unusual_hour
TX-0040469,2025-06-01 02:13:08,ACC-01845,Transferencia,App,704.5,PE,DEV-01845-A,1,Restaurante,MER-0665,0,Normal,49,PE,3065.08,2734,329.69,Digital,401.102,402.11787055183567,280.73,0.7545001657937757,1,1,2,Sunday,2025-06,0,0,0,0,1,0,0,0,20,1,Alto,unusual_hour
TX-0007357,2025-06-01 02:29:00,ACC-02101,Boleto,Internet Banking,1925.7,MG,DEV-02101-A,1,Transporte,MER-0702,1,Horario incomum,35,MG,5538.65,3951,601.78,Varejo,1070.0252631578946,870.809627998683,707.91,0.9826197475659967,1,1,2,Sunday,2025-06,0,0,0,0,1,0,0,0,20,1,Alto,unusual_hour
TX-0043770,2025-06-01 03:07:00,ACC-01502,Saque,ATM,1746.02,GO,DEV-01502-A,1,Viagem,MER-0699,1,Horario incomum,39,GO,4736.25,474,545.63,Digital,1304.5765000000001,3368.2701013745054,408.75,0.13105941231371498,1,1,3,Sunday,2025-06,0,0,0,0,1,0,0,0,20,1,Alto,unusual_hour
TX-0006372,2025-10-26 04:10:19,ACC-00204,Boleto,App,1107.39,PR,DEV-00204-A,1,Servicos,MER-0351,0,Normal,52,PR,4240.99,3983,359.57,Varejo,397.92,323.1745825401497,245.89,2.1953149731750914,1,1,4,Sunday,2025-10,0,0,0,0,1,0,0,0,20,1,Alto,unusual_hour
TX-0005061,2025-10-26 20:09:44,ACC-00311,Cartao,POS,15500.0,SP,DEV-00311-A,1,Outros,MER-0905,1,Valor atipico,37,SP,3202.06,918,223.4,Varejo,2146.0412499999998,5158.749417966329,177.935,2.588603878198133,1,1,20,Sunday,2025-10,0,0,1,0,0,0,0,0,20,1,Alto,high_value
TX-0045014,2025-10-27 21:05:54,ACC-02246,Cartao,E-commerce,15500.0,SP,DEV-02246-A,1,Eletronicos,MER-1150,1,Valor atipico,21,PE,1679.49,3092,197.01,Alta renda,2324.5004545454544,5360.406810832887,225.595,2.4579290360627257,1,1,21,Monday,2025-10,1,0,1,0,0,0,0,0,20,1,Alto,high_value
TX-0019881,2025-05-30 00:03:00,ACC-00480,PIX,Internet Banking,872.58,SP,DEV-00480-A,1,Outros,MER-1124,1,Horario incomum,72,SP,5610.65,1678,272.68,Varejo,1089.8209090909093,3230.2769147491117,303.775,-0.06725148178442833,1,1,0,Friday,2025-05,0,0,0,0,1,0,0,0,20,1,Alto,unusual_hour
TX-0032400,2025-05-30 00:34:00,ACC-01103,Cartao,E-commerce,316.93,SP,DEV-01103-A,1,Transporte,MER-1065,1,Horario incomum,65,SP,2565.85,1956,99.04,Empresarial,126.5478947368421,85.58702423582595,114.52,2.2244272068459847,1,1,0,Friday,2025-05,0,0,0,0,1,0,0,0,20,1,Alto,unusual_hour
TX-0009119,2025-05-30 01:47:00,ACC-02010,Cartao,POS,969.41,PR,NEW-8331315,0,Outros,MER-0565,1,Horario incomum,58,PR,3174.92,4970,302.94,Varejo,357.3364285714286,281.9971988024306,299.005,2.170495217781914,1,1,1,Friday,2025-05,0,0,0,0,1,0,0,0,20,1,Alto,unusual_hour
TX-0034067,2025-05-30 04:51:00,ACC-00068,Transferencia,App,1313.89,RS,DEV-00068-A,1,Viagem,MER-0690,1,Horario incomum,46,RS,4523.86,1498,410.59,Varejo,460.27318181818185,263.9803805730441,454.99,3.2336373495969717,1,1,4,Friday,2025-05,0,0,0,0,1,0,0,0,20,1,Alto,unusual_hour
TX-0039985,2025-05-30 12:00:00,ACC-00188,PIX,App,4500.0,PE,DEV-01061-A,1,Eletronicos,MER-0403,1,Fracionamento,75,SP,3352.0,3989,121.89,Alta renda,917.3729629629629,1648.4333382961734,144.56,2.1733526942254477,2,3,12,Friday,2025-05,1,0,0,0,0,0,0,1,20,1,Alto,structuring
TX-0000642,2025-06-07 01:07:00,ACC-02342,Cartao,E-commerce,1444.61,SP,DEV-02342-A,1,Servicos,MER-0584,1,Horario incomum,67,SP,6737.13,4775,451.44,Varejo,563.0916666666667,381.8861834176436,509.66999999999996,2.308327380279362,1,1,1,Saturday,2025-06,0,0,0,0,1,0,0,0,20,1,Alto,unusual_hour
TX-0003654,2025-06-07 02:34:00,ACC-00418,PIX,Internet Banking,2106.22,RJ,DEV-00418-A,1,Restaurante,MER-0671,1,Horario incomum,64,RJ,5960.18,1182,563.86,Varejo,723.0668181818181,565.0402147625581,504.28999999999996,2.4478844968572933,1,1,2,Saturday,2025-06,0,0,0,0,1,0,0,0,20,1,Alto,unusual_hour
TX-0004461,2025-06-07 19:40:09,ACC-00894,PIX,Internet Banking,15500.0,PE,DEV-00894-A,1,Mercado,MER-1079,1,Valor atipico,54,PE,7724.55,1535,416.9,Alta renda,1463.7330769230769,4222.813701091142,259.74,3.323913370710638,1,1,19,Saturday,2025-06,0,0,1,0,0,0,0,0,20,1,Alto,high_value
TX-0020369,2025-06-08 00:34:40,ACC-01883,Cartao,E-commerce,3450.97,BA,DEV-01883-A,1,Restaurante,MER-0495,0,Normal,35,BA,6029.07,165,704.79,Varejo,2297.307272727273,4382.584947532115,662.595,0.2632379614050306,1,1,0,Sunday,2025-06,0,0,0,0,1,0,0,0,20,1,Alto,unusual_hour
TX-0027183,2025-10-24 01:01:37,ACC-01869,Cartao,E-commerce,617.52,DF,DEV-01869-A,1,Mercado,MER-0593,0,Normal,73,DF,12219.88,3827,355.35,Varejo,303.090625,193.51714943707185,237.43,1.6248140069996564,1,1,1,Friday,2025-10,0,0,0,0,1,0,0,0,20,1,Alto,unusual_hour
TX-0024488,2025-10-24 12:00:00,ACC-01415,PIX,App,4500.0,GO,DEV-02329-A,1,Servicos,MER-0918,1,Fracionamento,41,RS,6416.93,1389,626.12,Digital,1363.9624999999999,1585.0203756590472,648.885,1.9785471203775815,2,3,12,Friday,2025-10,1,0,0,0,0,0,0,1,20,1,Alto,structuring
TX-0023126,2025-10-24 14:00:00,ACC-01415,PIX,App,3500.0,MG,DEV-00688-A,1,Transporte,MER-0483,1,Fracionamento,41,RS,6416.93,1389,626.12,Digital,1363.9624999999999,1585.0203756590472,648.885,1.3476404043776673,2,5,14,Friday,2025-10,1,0,0,0,0,0,0,1,20,1,Alto,structuring
TX-0001243,2025-10-25 06:35:32,ACC-00404,Cartao,Carteira digital,15500.0,DF,DEV-00404-A,1,Servicos,MER-1111,1,Valor atipico,72,DF,5791.66,4897,433.76,Varejo,2400.35125,5131.901069207362,388.56,2.5525918316315637,1,1,6,Saturday,2025-10,0,0,1,0,0,0,0,0,20,1,Alto,high_value
TX-0047520,2025-06-03 02:42:00,ACC-00696,PIX,App,2454.94,SP,DEV-00696-A,1,Mercado,MER-0506,1,Horario incomum,39,SP,7123.26,994,767.17,Varejo,1663.928947368421,3412.4941930189007,628.35,0.23179850510801966,1,1,2,Tuesday,2025-06,0,0,0,0,1,0,0,0,20,1,Alto,unusual_hour
TX-0002859,2025-06-03 12:15:06,ACC-00005,PIX,App,15500.0,SP,DEV-00005-A,1,Restaurante,MER-0247,1,Valor atipico,36,SP,5795.82,2771,854.19,Empresarial,2078.580769230769,3983.7559308189784,763.505,3.369036523281702,1,1,12,Tuesday,2025-06,0,0,1,0,0,0,0,0,20,1,Alto,high_value
TX-0034178,2025-06-04 02:59:00,ACC-02192,PIX,Internet Banking,2166.88,SP,DEV-02192-A,1,Outros,MER-0755,1,Horario incomum,22,SP,6232.93,4513,677.15,Varejo,886.9415789473684,747.5233834712176,744.77,1.7122386394243334,1,1,2,Wednesday,2025-06,0,0,0,0,1,0,0,0,20,1,Alto,unusual_hour
TX-0008875,2025-06-04 02:59:00,ACC-01026,PIX,App,3736.56,SP,DEV-01026-A,1,Transporte,MER-0614,1,Horario incomum,54,SP,5963.95,363,777.18,Digital,1191.5333333333333,1434.6428533128162,653.43,1.7739792595695851,1,1,2,Wednesday,2025-06,0,0,0,0,1,0,0,0,20,1,Alto,unusual_hour
TX-0018058,2025-06-04 04:14:00,ACC-00196,PIX,App,644.32,SP,DEV-00196-A,1,Transporte,MER-0020,1,Horario incomum,42,SP,1459.23,1177,201.35,Varejo,270.92764705882354,218.5543743422164,198.6,1.7084643309701595,1,1,4,Wednesday,2025-06,0,0,0,0,1,0,0,0,20,1,Alto,unusual_hour
TX-0049973,2025-06-05 00:20:00,ACC-02085,PIX,Internet Banking,2041.66,SP,DEV-02085-A,1,Servicos,MER-0984,1,Horario incomum,65,SP,4726.56,4933,638.02,Digital,1325.7520000000002,2994.9402519012515,621.26,0.2390391593106161,1,1,0,Thursday,2025-06,0,0,0,0,1,0,0,0,20,1,Alto,unusual_hour
TX-0003289,2025-06-05 01:04:00,ACC-00098,Cartao,Carteira digital,597.7,SC,DEV-00098-A,1,Servicos,MER-0869,1,Horario incomum,70,SC,4504.91,3495,186.78,Varejo,267.39923076923077,184.40995727190452,193.97,1.7911222046635749,1,1,1,Thursday,2025-06,0,0,0,0,1,0,0,0,20,1,Alto,unusual_hour
TX-0031392,2025-06-06 04:00:00,ACC-02046,Boleto,App,527.04,SP,DEV-02046-A,1,Mercado,MER-1182,1,Horario incomum,49,SP,2065.44,1391,164.7,Digital,216.2248148148148,177.0397270360606,149.34,1.7556239516900989,1,1,4,Friday,2025-06,0,0,0,0,1,0,0,0,20,1,Alto,unusual_hour
TX-0010866,2025-10-30 14:00:00,ACC-00189,PIX,App,3500.0,RJ,DEV-00730-A,1,Outros,MER-0884,1,Fracionamento,41,SP,335.02,193,35.0,Alta renda,743.8214285714286,1514.9823713769968,34.605000000000004,1.8192809523740052,2,5,14,Thursday,2025-10,1,0,0,0,0,0,0,1,20,1,Alto,structuring
TX-0042976,2025-10-31 00:44:00,ACC-00588,Boleto,App,138.85,BA,DEV-00588-A,1,Eletronicos,MER-0581,1,Horario incomum,53,BA,1017.23,3459,43.39,Varejo,791.9965384615384,1555.9788802112769,42.015,-0.4197656836915753,1,1,0,Friday,2025-10,0,0,0,0,1,0,0,0,20,1,Alto,unusual_hour
TX-0020852,2025-10-31 12:41:20,ACC-02372,Transferencia,Internet Banking,17052.23,RJ,DEV-02372-A,1,Servicos,MER-0369,1,Valor atipico,23,RJ,9354.87,4026,1251.62,Varejo,3673.269411764706,6056.521454977757,1049.85,2.209017286191456,1,1,12,Friday,2025-10,0,0,1,0,0,0,0,0,20,1,Alto,high_value
TX-0002562,2025-11-02 01:21:31,ACC-01005,PIX,Internet Banking,552.48,SP,DEV-01005-A,1,Eletronicos,MER-0620,0,Normal,73,SP,1787.46,2445,216.87,Digital,231.715,144.413317662125,213.79,2.221159413777019,1,1,1,Sunday,2025-11,0,0,0,0,1,0,0,0,20,1,Alto,unusual_hour
TX-0039868,2025-05-12 21:31:51,ACC-00350,PIX,Internet Banking,15500.0,RS,DEV-00350-A,1,Mercado,MER-0079,1,Valor atipico,63,RS,7427.96,2007,656.77,Empresarial,1906.2162500000002,4228.843421310795,546.365,3.214539389539847,1,1,21,Monday,2025-05,0,0,1,0,0,0,0,0,20,1,Alto,high_value
TX-0037173,2025-05-13 00:23:55,ACC-00048,PIX,Internet Banking,213.74,SP,DEV-00048-A,1,Restaurante,MER-0713,0,Normal,36,SP,2252.26,2622,70.69,Alta renda,113.7278947368421,72.97601474905964,80.22,1.3704791308084776,1,1,0,Tuesday,2025-05,0,0,0,0,1,0,0,0,20,1,Alto,unusual_hour
TX-0005967,2025-05-13 02:15:00,ACC-02010,PIX,Internet Banking,969.41,PR,DEV-02010-A,1,Viagem,MER-0977,1,Horario incomum,58,PR,3174.92,4970,302.94,Varejo,357.3364285714286,281.9971988024306,299.005,2.170495217781914,1,1,2,Tuesday,2025-05,0,0,0,0,1,0,0,0,20,1,Alto,unusual_hour
TX-0046595,2025-05-13 14:00:00,ACC-02305,PIX,App,3500.0,MG,DEV-00950-A,1,Viagem,MER-0517,1,Fracionamento,73,SP,2925.15,4818,283.04,Alta renda,1420.4336666666668,2887.4213143809247,363.78,0.7202157589458679,2,5,14,Tuesday,2025-05,1,0,0,0,0,0,0,1,20,1,Alto,structuring
TX-0043365,2025-05-21 04:56:45,ACC-00684,Cartao,E-commerce,1911.46,RJ,DEV-00684-A,1,Outros,MER-0090,0,Normal,19,RJ,4274.24,4756,470.36,Empresarial,643.2823076923078,653.3059382880498,368.31,1.9411697001115253,1,1,4,Wednesday,2025-05,0,0,0,0,1,0,0,0,20,1,Alto,unusual_hour
TX-0020695,2025-05-21 12:11:16,ACC-01883,PIX,Internet Banking,15500.0,BA,DEV-01883-A,1,Viagem,MER-0184,1,Valor atipico,35,BA,6029.07,165,704.79,Varejo,2297.307272727273,4382.584947532115,662.595,3.0125354979616126,1,1,12,Wednesday,2025-05,0,0,1,0,0,0,0,0,20,1,Alto,high_value
TX-0027621,2025-05-23 03:46:00,ACC-01318,Saque,ATM,5587.33,BA,DEV-01318-A,1,Viagem,MER-0584,1,Horario incomum,51,BA,12216.73,1988,1746.04,Digital,2895.719,4183.68439801306,1584.55,0.6433589974612607,1,1,3,Friday,2025-05,0,0,0,0,1,0,0,0,20,1,Alto,unusual_hour
TX-0030481,2025-05-24 00:24:00,ACC-02117,PIX,Internet Banking,1080.48,PE,DEV-02117-A,1,Outros,MER-0316,1,Horario incomum,45,PE,4899.11,591,337.65,Varejo,423.57500000000005,283.2223081926987,345.20500000000004,2.3193970990203754,1,1,0,Saturday,2025-05,0,0,0,0,1,0,0,0,20,1,Alto,unusual_hour
TX-0002844,2025-10-30 04:51:15,ACC-00944,Saque,ATM,1252.29,PR,DEV-00944-A,1,Transporte,MER-0685,0,Normal,72,PR,4530.01,4634,384.42,Varejo,378.88722222222225,276.251883928749,301.345,3.1616174534507286,1,1,4,Thursday,2025-10,0,0,0,0,1,0,0,0,20,1,Alto,unusual_hour
TX-0040683,2025-10-30 04:54:59,ACC-02338,Transferencia,Internet Banking,734.41,SP,DEV-02338-A,1,Transporte,MER-0251,0,Normal,41,SP,1827.26,2577,261.55,Varejo,1486.193076923077,4131.179762089051,278.79499999999996,-0.18197781752854927,1,1,4,Thursday,2025-10,0,0,0,0,1,0,0,0,20,1,Alto,unusual_hour
TX-0025829,2025-10-30 12:00:00,ACC-00189,PIX,App,4500.0,SP,DEV-01682-A,1,Transporte,MER-0914,1,Fracionamento,41,SP,335.02,193,35.0,Alta renda,743.8214285714286,1514.9823713769968,34.605000000000004,2.479354639628254,2,3,12,Thursday,2025-10,0,0,0,0,0,0,0,1,20,1,Alto,structuring
TX-0013345,2025-10-30 13:00:00,ACC-00189,PIX,App,3500.0,PE,DEV-02346-A,1,Restaurante,MER-0603,1,Fracionamento,41,SP,335.02,193,35.0,Alta renda,743.8214285714286,1514.9823713769968,34.605000000000004,1.8192809523740052,2,4,13,Thursday,2025-10,1,0,0,0,0,0,0,1,20,1,Alto,structuring
TX-0040257,2025-05-28 04:13:00,ACC-01996,PIX,Internet Banking,281.66,BA,DEV-01996-A,1,Restaurante,MER-0576,1,Horario incomum,45,BA,1003.1,3898,88.02,Digital,671.6070967741936,1367.3460343409627,87.68,-0.2851853788146183,1,1,4,Wednesday,2025-05,0,0,0,0,1,0,0,0,20,1,Alto,unusual_hour
TX-0012644,2025-05-28 04:26:00,ACC-00845,Cartao,E-commerce,1807.46,MG,NEW-8267024,0,Restaurante,MER-1062,1,Horario incomum,43,MG,5831.01,2424,564.83,Varejo,726.1254166666668,495.0838126583625,595.04,2.184144493691049,1,1,4,Wednesday,2025-05,0,0,0,0,1,0,0,0,20,1,Alto,unusual_hour
TX-0041939,2025-05-19 11:40:43,ACC-00361,Cartao,E-commerce,20411.51,SP,DEV-00361-A,1,Outros,MER-0913,1,Valor atipico,27,SP,14152.95,421,2099.4,Empresarial,4343.3048,5671.146069248349,2272.29,2.833325928092286,1,1,11,Monday,2025-05,0,0,1,0,0,0,0,0,20,1,Alto,high_value
TX-0012138,2025-05-19 12:34:32,ACC-00320,Cartao,POS,15500.0,SC,DEV-00320-A,1,Mercado,MER-0886,1,Valor atipico,58,SC,2586.09,1916,161.26,Varejo,1309.7259259259258,4091.8447440189916,147.92,3.467940491832163,1,1,12,Monday,2025-05,0,0,1,0,0,0,0,0,20,1,Alto,high_value
TX-0037966,2025-05-20 02:40:00,ACC-01256,Transferencia,App,1425.12,PR,DEV-01256-A,1,Transporte,MER-0038,1,Horario incomum,69,PR,5847.55,4821,445.35,Digital,524.9016666666666,351.9478520404441,443.575,2.5578173815076575,1,1,2,Tuesday,2025-05,0,0,0,0,1,0,0,0,20,1,Alto,unusual_hour
TX-0040747,2025-05-20 10:29:39,ACC-00977,Cartao,E-commerce,15500.0,MG,DEV-00977-A,1,Viagem,MER-0292,1,Valor atipico,52,MG,3745.52,4377,585.01,Digital,1659.2364285714286,4044.582156461059,403.53499999999997,3.4220502974129237,1,1,10,Tuesday,2025-05,0,0,1,0,0,0,0,0,20,1,Alto,high_value
TX-0017885,2025-05-21 00:02:00,ACC-01382,PIX,Internet Banking,757.7,RJ,DEV-01382-A,1,Outros,MER-0749,1,Horario incomum,41,RJ,2862.01,3284,236.78,Varejo,213.100625,159.72923908784932,171.45,3.409515866412388,1,1,0,Wednesday,2025-05,0,0,0,0,1,0,0,0,20,1,Alto,unusual_hour
TX-0035816,2025-05-21 04:52:00,ACC-01645,PIX,Internet Banking,3509.63,SP,DEV-01645-A,1,Mercado,MER-1170,1,Horario incomum,23,SP,7279.02,3546,1096.76,Digital,1288.61,1390.6594808339437,606.35,1.5970983771441376,1,1,4,Wednesday,2025-05,0,0,0,0,1,0,0,0,20,1,Alto,unusual_hour
TX-0027744,2025-06-02 04:57:00,ACC-01410,Transferencia,App,560.58,SP,DEV-01410-A,1,Restaurante,MER-0767,1,Horario incomum,36,SP,2577.16,3667,175.18,Alta renda,235.36769230769232,253.16468940683959,149.73,1.2845879433434197,1,1,4,Monday,2025-06,0,0,0,0,1,0,0,0,20,1,Alto,unusual_hour
TX-0007134,2025-05-25 01:36:00,ACC-01327,PIX,Internet Banking,648.67,GO,DEV-01327-A,1,Viagem,MER-0907,1,Horario incomum,22,GO,1776.31,1254,202.71,Digital,865.0460869565217,3194.9889594698125,143.65,-0.06772357892354905,1,1,1,Sunday,2025-05,0,0,0,0,1,0,0,0,20,1,Alto,unusual_hour
TX-0030448,2025-05-25 03:00:00,ACC-00684,PIX,App,937.66,RJ,DEV-00684-A,1,Transporte,MER-0566,1,Alta velocidade,19,RJ,4274.24,4756,470.36,Empresarial,643.2823076923078,653.3059382880498,368.31,0.45059699453994223,1,1,3,Sunday,2025-05,0,0,0,0,1,0,0,0,20,1,Alto,unusual_hour
TX-0012675,2025-05-26 04:25:00,ACC-00039,Saque,ATM,2144.19,RJ,DEV-00039-A,1,Outros,MER-0545,1,Horario incomum,51,RJ,5320.11,2965,670.06,Digital,742.9448148148149,481.35955056302106,693.3,2.911015650455511,1,1,4,Monday,2025-05,0,0,0,0,1,0,0,0,20,1,Alto,unusual_hour
TX-0046338,2025-05-26 04:57:24,ACC-01879,Boleto,App,112.17,GO,DEV-01879-A,1,Viagem,MER-0647,0,Normal,60,GO,1811.31,1851,50.24,Empresarial,60.39782608695653,57.49861492059231,44.42,0.9004073225858178,1,1,4,Monday,2025-05,0,0,0,0,1,0,0,0,20,1,Alto,unusual_hour
TX-0041845,2025-05-26 09:09:12,ACC-00530,Cartao,E-commerce,15500.0,GO,DEV-00530-A,1,Viagem,MER-0751,1,Valor atipico,62,GO,3919.5,2937,371.73,Empresarial,1743.9261538461537,4148.714084055722,534.07,3.3157440034301207,1,1,9,Monday,2025-05,0,0,1,0,0,0,0,0,20,1,Alto,high_value
TX-0001542,2025-05-27 01:53:00,ACC-00429,Cartao,E-commerce,1901.7,PE,DEV-00429-A,1,Servicos,MER-1186,1,Horario incomum,61,PE,6105.46,2523,594.28,Empresarial,752.9752631578948,394.3476211044772,684.66,2.912974937251532,1,1,1,Tuesday,2025-05,0,0,0,0,1,0,0,0,20,1,Alto,unusual_hour
TX-0034947,2025-05-28 00:07:00,ACC-00410,Cartao,POS,771.14,PR,DEV-00410-A,1,Transporte,MER-0117,1,Horario incomum,71,PR,2051.78,3235,240.98,Digital,375.6,242.5550293026306,287.98,1.6307227318156052,1,1,0,Wednesday,2025-05,0,0,0,0,1,0,0,0,20,1,Alto,unusual_hour
TX-0019515,2025-11-05 00:16:15,ACC-00836,Transferencia,App,115.05,RJ,DEV-00836-A,1,Outros,MER-0347,0,Normal,65,RJ,777.89,1745,40.65,Digital,49.50090909090909,35.17058807868964,39.870000000000005,1.863747366476594,1,1,0,Wednesday,2025-11,0,0,0,0,1,0,0,0,20,1,Alto,unusual_hour
TX-0038004,2025-11-06 00:23:00,ACC-02050,Cartao,POS,1264.45,PR,DEV-02050-A,1,Servicos,MER-0113,1,Horario incomum,68,PR,4186.76,4403,395.14,Empresarial,442.66,320.81656237378604,311.9,2.5615572772160236,1,1,0,Thursday,2025-11,0,0,0,0,1,0,0,0,20,1,Alto,unusual_hour
TX-0041100,2025-11-06 03:16:00,ACC-00274,PIX,Internet Banking,2611.14,SP,DEV-00274-A,1,Transporte,MER-0392,1,Horario incomum,45,SP,5191.76,1541,815.98,Varejo,1016.6049999999999,860.029789389206,702.2950000000001,1.854046243133555,1,1,3,Thursday,2025-11,0,0,0,0,1,0,0,0,20,1,Alto,unusual_hour
TX-0006445,2025-11-07 14:08:13,ACC-00641,PIX,Internet Banking,15500.0,RS,DEV-00641-A,1,Servicos,MER-0238,1,Valor atipico,55,RS,3848.19,2224,250.27,Digital,1708.9081818181817,4467.042675092918,341.335,3.0872979779390515,1,2,14,Friday,2025-11,0,0,1,0,0,0,0,0,20,1,Alto,high_value
TX-0011762,2025-04-29 00:16:00,ACC-01934,Cartao,E-commerce,490.14,GO,DEV-01934-A,1,Viagem,MER-0970,1,Horario incomum,25,GO,5278.75,2431,153.17,Varejo,1470.9566666666667,4422.383424334014,127.425,-0.22178462891068115,1,1,0,Tuesday,2025-04,0,0,0,0,1,0,0,0,20,1,Alto,unusual_hour
TX-0049241,2025-04-29 01:15:00,ACC-01027,Cartao,POS,1878.53,BA,NEW-4852733,0,Outros,MER-0180,1,Horario incomum,69,BA,4838.58,2019,587.04,Varejo,739.143,469.38099534442836,592.745,2.427424653535293,1,3,1,Tuesday,2025-04,0,0,0,0,1,0,0,0,20,1,Alto,unusual_hour
TX-0047060,2025-04-29 03:49:36,ACC-00243,Cartao,Carteira digital,5874.7,RJ,DEV-00243-A,1,Eletronicos,MER-0814,0,Normal,28,RJ,5852.04,645,867.81,Varejo,1965.2878260869566,3227.635105589845,850.96,1.2112311478898123,1,1,3,Tuesday,2025-04,0,0,0,0,1,0,0,0,20,1,Alto,unusual_hour
TX-0017641,2025-04-29 12:00:00,ACC-00291,PIX,App,4500.0,GO,DEV-00139-A,1,Eletronicos,MER-0695,1,Fracionamento,69,SP,4601.42,2887,218.32,Digital,1320.8200000000002,1810.8790717737713,259.265,1.7556003874328097,2,3,12,Tuesday,2025-04,1,0,0,0,0,0,0,1,20,1,Alto,structuring
TX-0021295,2025-05-06 04:40:00,ACC-01656,Transferencia,Internet Banking,955.68,SP,DEV-01656-A,1,Outros,MER-0601,1,Horario incomum,67,SP,3227.27,4717,298.65,Varejo,947.0699999999999,2988.0758704223026,242.71499999999997,0.0028814529394071806,1,1,4,Tuesday,2025-05,0,0,0,0,1,0,0,0,20,1,Alto,unusual_hour
TX-0030656,2025-05-07 01:20:10,ACC-00401,Cartao,POS,548.95,GO,DEV-00401-A,1,Mercado,MER-0925,0,Normal,71,GO,1415.72,495,180.0,Empresarial,229.25318181818182,192.46600598760944,197.06,1.6610560215106227,1,1,1,Wednesday,2025-05,0,0,0,0,1,0,0,0,20,1,Alto,unusual_hour
TX-0026008,2025-11-03 04:37:56,ACC-00826,Transferencia,Internet Banking,361.84,RS,DEV-00826-A,1,Viagem,MER-0575,0,Normal,22,RS,3673.07,4089,137.0,Varejo,166.3447619047619,127.63159858040828,138.12,1.5317150319329074,1,1,4,Monday,2025-11,0,0,0,0,1,0,0,0,20,1,Alto,unusual_hour
TX-0037638,2025-11-03 09:08:43,ACC-00350,PIX,App,15500.0,RS,DEV-00350-A,1,Transporte,MER-0954,1,Valor atipico,63,RS,7427.96,2007,656.77,Empresarial,1906.2162500000002,4228.843421310795,546.365,3.214539389539847,1,1,9,Monday,2025-11,0,0,1,0,0,0,0,0,20,1,Alto,high_value
TX-0024468,2025-11-04 00:46:40,ACC-00474,PIX,App,1895.57,RS,DEV-00474-A,1,Outros,MER-0272,0,Normal,50,RS,7688.24,1274,996.51,Varejo,905.3410526315789,731.0089611161848,673.9,1.354605757303482,1,1,0,Tuesday,2025-11,0,0,0,0,1,0,0,0,20,1,Alto,unusual_hour
TX-0019122,2025-11-04 01:37:32,ACC-00232,Boleto,App,6477.07,SC,DEV-00232-A,1,Transporte,MER-0705,0,Normal,58,SC,10992.0,2235,1508.64,Varejo,2931.3205263157893,4504.742892292615,1190.84,0.7871147274022691,1,1,1,Tuesday,2025-11,0,0,0,0,1,0,0,0,20,1,Alto,unusual_hour
TX-0012681,2025-11-04 19:14:04,ACC-01028,PIX,App,15500.0,SP,DEV-01028-A,1,Restaurante,MER-0909,1,Valor atipico,60,SP,7264.79,144,312.9,Varejo,1559.57,4200.825728218997,330.91,3.3184975768824034,1,1,19,Tuesday,2025-11,0,0,1,0,0,0,0,0,20,1,Alto,high_value
TX-0010674,2025-11-05 00:08:00,ACC-00378,Boleto,Internet Banking,1729.76,RS,DEV-00378-A,1,Transporte,MER-0189,1,Horario incomum,38,RS,6756.96,4140,540.55,Varejo,669.7061904761905,454.18834091680725,640.46,2.33395205034111,1,1,0,Wednesday,2025-11,0,0,0,0,1,0,0,0,20,1,Alto,unusual_hour
TX-0022096,2025-05-12 11:16:09,ACC-01647,Cartao,E-commerce,15500.0,SP,DEV-01647-A,1,Restaurante,MER-0124,1,Valor atipico,73,SP,8086.09,3787,841.34,Digital,1831.0107692307693,4125.030408420163,568.98,3.3136699314670723,1,2,11,Monday,2025-05,0,0,1,0,0,0,0,0,20,1,Alto,high_value
TX-0007758,2025-05-04 00:39:00,ACC-02466,PIX,Internet Banking,1614.72,RJ,DEV-02466-A,1,Outros,MER-0045,1,Horario incomum,60,RJ,3807.52,449,504.6,Digital,557.019,453.5486803538178,338.78499999999997,2.332056173495813,1,1,0,Sunday,2025-05,0,0,0,0,1,0,0,0,20,1,Alto,unusual_hour
TX-0014339,2025-05-04 04:24:59,ACC-00518,PIX,Internet Banking,591.29,PR,DEV-00518-A,1,Servicos,MER-0414,0,Normal,72,PR,5036.25,4335,297.67,Varejo,402.1215,375.50268683985126,228.9,0.5037740251394758,1,1,4,Sunday,2025-05,0,0,0,0,1,0,0,0,20,1,Alto,unusual_hour
TX-0012057,2025-05-04 04:58:00,ACC-00029,PIX,App,636.26,SP,DEV-00029-A,1,Eletronicos,MER-0690,1,Horario incomum,73,SP,1720.71,3207,198.83,Varejo,306.27095238095234,279.63388154701073,199.82,1.1800753392023113,1,1,4,Sunday,2025-05,0,0,0,0,1,0,0,0,20,1,Alto,unusual_hour
TX-0021767,2025-05-04 14:56:43,ACC-00258,Transferencia,App,34766.82,RJ,DEV-00258-A,1,Restaurante,MER-0868,1,Valor atipico,70,GO,15894.24,2276,1960.54,Varejo,4688.150000000001,8701.358066594737,1767.165,3.4567787889886525,1,1,14,Sunday,2025-05,1,0,1,0,0,0,0,0,20,1,Alto,high_value
TX-0031723,2025-05-05 01:28:00,ACC-01738,Transferencia,Internet Banking,365.73,PR,DEV-01738-A,1,Servicos,MER-0850,1,Horario incomum,23,PR,724.24,3250,114.29,Varejo,132.2223529411765,95.77833122172073,107.83,2.4380007886989405,1,1,1,Monday,2025-05,0,0,0,0,1,0,0,0,20,1,Alto,unusual_hour
TX-0003822,2025-05-05 14:14:18,ACC-01549,Transferencia,Internet Banking,15500.0,SP,DEV-01549-A,1,Outros,MER-0895,1,Valor atipico,20,SP,2382.61,2028,264.15,Varejo,2148.2625,5213.139608707341,249.54000000000002,2.5611701397175355,1,2,14,Monday,2025-05,0,0,1,0,0,0,0,0,20,1,Alto,high_value
TX-0030712,2025-05-06 00:57:00,ACC-00460,PIX,Internet Banking,1108.22,GO,DEV-00460-A,1,Mercado,MER-0368,1,Horario incomum,39,GO,2603.74,4597,346.32,Digital,1039.1913636363636,3239.995399391642,275.75,0.021305164932208735,1,1,0,Tuesday,2025-05,0,0,0,0,1,0,0,0,20,1,Alto,unusual_hour
TX-0013749,2025-05-17 03:46:00,ACC-00478,Transferencia,App,953.76,RS,DEV-00478-A,1,Servicos,MER-0411,1,Horario incomum,64,RS,2054.32,3882,298.05,Empresarial,353.5591304347826,297.257729342325,209.02,2.0191262003284027,1,1,3,Saturday,2025-05,0,0,0,0,1,0,0,0,20,1,Alto,unusual_hour
TX-0014317,2025-05-18 02:05:08,ACC-00919,PIX,App,890.3,BA,DEV-00919-A,1,Restaurante,MER-0731,0,Normal,23,BA,3140.7,3548,230.92,Alta renda,1044.9885,3409.6213021702897,226.52999999999997,-0.04536823485398152,1,1,2,Sunday,2025-05,0,0,0,0,1,0,0,0,20,1,Alto,unusual_hour
TX-0049146,2025-05-18 19:47:12,ACC-01667,Cartao,Carteira digital,15500.0,SP,DEV-01667-A,1,Viagem,MER-1050,1,Valor atipico,26,SP,1641.76,857,158.35,Digital,2676.9966666666664,5989.873558227379,119.03,2.1407803034039548,1,1,19,Sunday,2025-05,0,0,1,0,0,0,0,0,20,1,Alto,high_value
TX-0040876,2025-05-19 00:21:00,ACC-01399,Cartao,Carteira digital,545.38,SP,DEV-01399-A,1,Outros,MER-0277,1,Horario incomum,73,SP,1572.99,2930,170.43,Varejo,901.695,3263.7672237020683,177.965,-0.10917292060915865,1,1,0,Monday,2025-05,0,0,0,0,1,0,0,0,20,1,Alto,unusual_hour
TX-0042627,2025-05-08 03:06:00,ACC-00142,Cartao,Carteira digital,397.57,RS,DEV-00142-A,1,Transporte,MER-0520,1,Horario incomum,21,RS,1523.84,4654,124.24,Alta renda,159.4625,136.02430408175567,113.08500000000001,1.7504776194766525,1,1,3,Thursday,2025-05,0,0,0,0,1,0,0,0,20,1,Alto,unusual_hour
TX-0006286,2025-05-09 14:00:00,ACC-02203,PIX,App,3500.0,GO,DEV-01182-A,1,Viagem,MER-0667,1,Fracionamento,57,SP,914.64,151,113.58,Varejo,745.4671875,1395.1650998271512,140.985,1.9743418272441469,2,5,14,Friday,2025-05,1,0,0,0,0,0,0,1,20,1,Alto,structuring
TX-0020281,2025-05-09 14:46:59,ACC-00550,PIX,Internet Banking,15500.0,SP,DEV-00550-A,1,Transporte,MER-1122,1,Valor atipico,72,SP,1133.17,2924,109.08,Varejo,1405.4775,4439.369694853549,117.07,3.174892714238111,1,1,14,Friday,2025-05,0,0,1,0,0,0,0,0,20,1,Alto,high_value
TX-0010248,2025-05-11 04:48:23,ACC-00249,PIX,App,969.43,MG,DEV-00249-A,1,Restaurante,MER-0192,0,Normal,22,MG,3531.17,3567,237.04,Digital,271.21294117647057,218.5188141146177,240.75,3.195226285903693,1,1,4,Sunday,2025-05,0,0,0,0,1,0,0,0,20,1,Alto,unusual_hour
TX-0036083,2025-04-19 03:32:00,ACC-01402,Cartao,Carteira digital,321.09,SP,DEV-01402-A,1,Transporte,MER-0217,1,Horario incomum,71,SP,2618.46,1585,100.34,Empresarial,152.967,104.32953581396733,112.75,1.6114612097937866,1,1,3,Saturday,2025-04,0,0,0,0,1,0,0,0,20,1,Alto,unusual_hour
TX-0044336,2025-04-20 00:08:00,ACC-01335,Cartao,E-commerce,407.26,MG,DEV-01335-A,1,Servicos,MER-0055,1,Horario incomum,67,MG,3884.63,698,127.27,Varejo,167.94434782608695,121.87332692841692,133.79,1.9636425640080921,1,1,0,Sunday,2025-04,0,0,0,0,1,0,0,0,20,1,Alto,unusual_hour
TX-0021058,2025-04-21 00:17:00,ACC-01457,PIX,App,1699.65,RJ,DEV-01457-A,1,Eletronicos,MER-0914,1,Horario incomum,44,RJ,4948.55,2469,531.14,Digital,741.6482352941176,488.7920618503753,674.26,1.959937240141059,1,1,0,Monday,2025-04,0,0,0,0,1,0,0,0,20,1,Alto,unusual_hour
TX-0044387,2025-04-21 00:46:24,ACC-01824,PIX,Internet Banking,889.94,SP,NEW-2472988,0,Restaurante,MER-0779,0,Normal,77,SP,3628.47,316,227.52,Varejo,269.9177777777778,193.78432719226672,210.595,3.199547823117066,1,1,0,Monday,2025-04,0,0,0,0,1,0,0,0,20,1,Alto,unusual_hour
TX-0019170,2025-04-21 12:00:00,ACC-01612,PIX,App,3500.0,RJ,DEV-02477-A,1,Transporte,MER-0785,1,Fracionamento,19,PR,1269.47,956,59.91,Digital,995.4004545454546,1733.7107139874927,78.185,1.444646748299794,2,3,12,Monday,2025-04,1,0,0,0,0,0,0,1,20,1,Alto,structuring
TX-0028929,2025-04-21 13:00:00,ACC-01612,PIX,App,4500.0,RS,DEV-02194-A,1,Restaurante,MER-0718,1,Fracionamento,19,PR,1269.47,956,59.91,Digital,995.4004545454546,1733.7107139874927,78.185,2.021444245097875,2,4,13,Monday,2025-04,1,0,0,0,0,0,0,1,20,1,Alto,structuring
TX-0041155,2025-04-22 02:33:00,ACC-01610,PIX,Internet Banking,263.14,BA,DEV-01610-A,1,Transporte,MER-0962,1,Horario incomum,32,BA,2036.29,3231,82.23,Empresarial,86.95545454545454,69.65431793702905,64.51,2.529413117128288,1,1,2,Tuesday,2025-04,0,0,0,0,1,0,0,0,20,1,Alto,unusual_hour
TX-0007017,2025-04-22 02:37:00,ACC-02491,Boleto,Internet Banking,1231.68,SC,DEV-02491-A,1,Eletronicos,MER-0774,1,Horario incomum,44,SC,5374.79,4438,384.9,Empresarial,473.3446666666667,341.16470215732346,411.43,2.222783683476251,1,1,2,Tuesday,2025-04,0,0,0,0,1,0,0,0,20,1,Alto,unusual_hour
TX-0007729,2025-11-08 14:28:11,ACC-00593,Cartao,Carteira digital,15500.0,MG,DEV-00593-A,1,Restaurante,MER-0353,1,Valor atipico,23,MG,8153.3,4414,583.24,Varejo,1847.4089655172413,3933.256627715353,651.33,3.471065411364455,1,1,14,Saturday,2025-11,0,0,1,0,0,0,0,0,20,1,Alto,high_value
TX-0015209,2025-11-10 01:07:00,ACC-00754,Cartao,POS,465.95,DF,NEW-3049700,0,Eletronicos,MER-0858,1,Horario incomum,55,DF,1911.78,2393,145.61,Varejo,1270.2367857142856,4020.176930514979,157.025,-0.2000625344644365,1,1,1,Monday,2025-11,0,0,0,0,1,0,0,0,20,1,Alto,unusual_hour
TX-0007628,2025-11-10 12:38:12,ACC-02338,Saque,ATM,15500.0,SP,DEV-02338-A,1,Mercado,MER-0587,1,Valor atipico,41,SP,1827.26,2577,261.55,Varejo,1486.193076923077,4131.179762089051,278.79499999999996,3.3922045832230827,1,1,12,Monday,2025-11,0,0,1,0,0,0,0,0,20,1,Alto,high_value
TX-0042557,2025-11-11 01:53:00,ACC-00349,Cartao,E-commerce,282.43,SP,DEV-00349-A,1,Outros,MER-0640,1,Horario incomum,55,SP,856.64,3548,88.26,Varejo,90.96823529411765,68.84788515590859,71.93,2.780938939116432,1,1,1,Tuesday,2025-11,0,0,0,0,1,0,0,0,20,1,Alto,unusual_hour
TX-0035940,2025-11-11 13:00:00,ACC-02194,PIX,App,3500.0,PE,DEV-00661-A,1,Viagem,MER-0307,1,Fracionamento,28,RS,3497.64,3300,278.43,Digital,809.0903571428571,1239.7388120875155,235.225,2.170545615431766,2,4,13,Tuesday,2025-11,1,0,0,0,0,0,0,1,20,1,Alto,structuring
TX-0027428,2025-11-11 14:00:00,ACC-02194,PIX,App,3500.0,PR,DEV-00100-A,1,Transporte,MER-0248,1,Fracionamento,28,RS,3497.64,3300,278.43,Digital,809.0903571428571,1239.7388120875155,235.225,2.170545615431766,2,5,14,Tuesday,2025-11,1,0,0,0,0,0,0,1,20,1,Alto,structuring
TX-0038520,2025-11-12 20:15:22,ACC-00042,PIX,Internet Banking,15500.0,RS,DEV-00042-A,1,Outros,MER-0753,1,Valor atipico,18,RS,2544.8,915,255.67,Digital,1893.9205263157894,4798.778910935426,253.79,2.8353211777852,1,1,20,Wednesday,2025-11,0,0,1,0,0,0,0,0,20,1,Alto,high_value
TX-0036450,2025-11-13 01:24:05,ACC-00031,PIX,App,610.34,PR,DEV-00031-A,1,Servicos,MER-0099,0,Normal,73,PR,1789.7,1142,137.66,Varejo,185.25,204.76209978085953,89.45,2.076018952994425,1,1,1,Thursday,2025-11,0,0,0,0,1,0,0,0,20,1,Alto,unusual_hour
TX-0019070,2025-04-26 15:36:09,ACC-01394,Cartao,E-commerce,15919.9,SP,DEV-01394-A,1,Servicos,MER-1185,1,Valor atipico,41,BA,16856.61,3214,1249.39,Varejo,2942.848,5250.06423773893,832.7750000000001,2.471789184352702,1,1,15,Saturday,2025-04,1,0,1,0,0,0,0,0,20,1,Alto,high_value
TX-0040545,2025-04-27 13:46:04,ACC-02372,Transferencia,Internet Banking,16346.44,RJ,DEV-02372-A,1,Servicos,MER-0159,1,Valor atipico,23,RJ,9354.87,4026,1251.62,Varejo,3673.269411764706,6056.521454977757,1049.85,2.0924833970198224,1,1,13,Sunday,2025-04,0,0,1,0,0,0,0,0,20,1,Alto,high_value
TX-0016939,2025-04-28 01:48:00,ACC-00666,Boleto,Internet Banking,1843.57,RJ,DEV-00666-A,1,Eletronicos,MER-0218,1,Horario incomum,35,RJ,3262.57,2202,383.16,Varejo,634.6845454545455,641.255533938907,384.68,1.8851852195643213,1,1,1,Monday,2025-04,0,0,0,0,1,0,0,0,20,1,Alto,unusual_hour
TX-0044604,2025-11-08 00:18:00,ACC-01763,PIX,App,272.22,MG,DEV-01763-A,1,Mercado,MER-0653,1,Horario incomum,57,MG,944.85,823,85.07,Varejo,964.62,3628.157780298588,101.91499999999999,-0.19084065300572933,1,1,0,Saturday,2025-11,0,0,0,0,1,0,0,0,20,1,Alto,unusual_hour
TX-0011752,2025-11-08 09:16:10,ACC-01667,PIX,App,15500.0,SP,DEV-01667-A,1,Mercado,MER-0541,1,Valor atipico,26,SP,1641.76,857,158.35,Digital,2676.9966666666664,5989.873558227379,119.03,2.1407803034039548,1,1,9,Saturday,2025-11,0,0,1,0,0,0,0,0,20,1,Alto,high_value
TX-0044862,2025-11-08 12:00:00,ACC-00403,PIX,App,3500.0,RS,DEV-02079-A,1,Servicos,MER-0274,1,Fracionamento,40,RS,4128.8,3964,515.84,Varejo,1208.6461538461538,1457.8373963321887,556.3,1.5717485721787103,2,3,12,Saturday,2025-11,0,0,0,0,0,0,0,1,20,1,Alto,structuring
TX-0046434,2025-11-08 13:00:00,ACC-00403,PIX,App,4500.0,RJ,DEV-01233-A,1,Restaurante,MER-0832,1,Fracionamento,40,RS,4128.8,3964,515.84,Varejo,1208.6461538461538,1457.8373963321887,556.3,2.257696128823866,2,4,13,Saturday,2025-11,1,0,0,0,0,0,0,1,20,1,Alto,structuring
TX-0015557,2025-11-08 14:00:00,ACC-00403,PIX,App,3500.0,PR,DEV-01429-A,1,Outros,MER-0811,1,Fracionamento,40,RS,4128.8,3964,515.84,Varejo,1208.6461538461538,1457.8373963321887,556.3,1.5717485721787103,2,5,14,Saturday,2025-11,1,0,0,0,0,0,0,1,20,1,Alto,structuring
TX-0030432,2025-04-29 13:00:00,ACC-00601,PIX,App,3500.0,PR,DEV-01904-A,1,Transporte,MER-0189,1,Fracionamento,56,SP,6954.05,815,716.58,Varejo,1367.9508333333333,1253.7164134299364,852.01,1.7005832769101061,2,4,13,Tuesday,2025-04,1,0,0,0,0,0,0,1,20,1,Alto,structuring
TX-0026100,2025-04-29 19:25:19,ACC-00005,Cartao,POS,15500.0,SP,DEV-00005-A,1,Restaurante,MER-0577,1,Valor atipico,36,SP,5795.82,2771,854.19,Empresarial,2078.580769230769,3983.7559308189784,763.505,3.369036523281702,1,1,19,Tuesday,2025-04,0,0,1,0,0,0,0,0,20,1,Alto,high_value
TX-0002502,2025-04-30 00:04:00,ACC-00586,Boleto,Internet Banking,803.62,PE,DEV-00586-A,1,Mercado,MER-0483,1,Horario incomum,36,PE,4443.72,4250,251.13,Alta renda,325.53633333333335,303.2973234017136,248.43,1.5762871274450738,1,1,0,Wednesday,2025-04,0,0,0,0,1,0,0,0,20,1,Alto,unusual_hour
TX-0014782,2025-04-30 02:48:00,ACC-01707,PIX,App,426.21,RJ,DEV-01707-A,1,Transporte,MER-0013,1,Horario incomum,23,BA,3199.16,932,133.19,Varejo,134.77592592592592,104.56784118306453,105.07,2.7870334777579187,1,1,2,Wednesday,2025-04,1,0,0,0,1,0,0,0,20,1,Alto,unusual_hour
TX-0033166,2025-04-24 04:03:00,ACC-00424,Cartao,Carteira digital,249.73,SP,DEV-00424-A,1,Outros,MER-0952,1,Horario incomum,40,MG,2425.47,2510,78.04,Varejo,109.35321428571429,108.3180834754947,55.959999999999994,1.2959681450239449,1,1,4,Thursday,2025-04,1,0,0,0,1,0,0,0,20,1,Alto,unusual_hour
TX-0046047,2025-04-25 08:46:50,ACC-02417,Transferencia,App,15500.0,GO,DEV-02417-A,1,Viagem,MER-0620,1,Valor atipico,69,GO,5210.46,1660,195.46,Alta renda,2077.005,5240.801853270165,138.54000000000002,2.5612483310400855,1,1,8,Friday,2025-04,0,0,1,0,0,0,0,0,20,1,Alto,high_value
TX-0023584,2025-04-26 00:25:00,ACC-00626,Cartao,Carteira digital,508.03,BA,DEV-00626-A,1,Transporte,MER-0159,1,Horario incomum,62,BA,2653.74,2058,158.76,Empresarial,230.67071428571427,165.61347912739868,178.985,1.6747385972184439,1,1,0,Saturday,2025-04,0,0,0,0,1,0,0,0,20,1,Alto,unusual_hour
TX-0011076,2025-04-26 12:50:46,ACC-00517,PIX,Internet Banking,15500.0,SC,NEW-6304861,0,Restaurante,MER-0776,1,Valor atipico,25,SC,1873.34,4156,274.57,Varejo,1788.9785,4690.608374775993,257.81,2.923079567616811,1,1,12,Saturday,2025-04,0,0,1,0,0,0,0,0,20,1,Alto,high_value
TX-0010646,2025-04-09 03:50:59,ACC-00097,Saque,ATM,930.59,PR,DEV-00097-A,1,Restaurante,MER-0240,0,Normal,42,PR,2985.34,333,208.89,Alta renda,414.30916666666667,693.0440227557959,213.995,0.7449466648314956,1,1,3,Wednesday,2025-04,0,0,0,0,1,0,0,0,20,1,Alto,unusual_hour
TX-0020719,2025-04-09 13:46:11,ACC-01361,Cartao,Carteira digital,15500.0,PR,DEV-01361-A,1,Transporte,MER-0399,1,Valor atipico,72,PR,5135.86,1829,147.59,Varejo,1414.726,4241.686316561885,148.85,3.320677897609569,1,1,13,Wednesday,2025-04,0,0,1,0,0,0,0,0,20,1,Alto,high_value
TX-0039607,2025-04-10 02:11:00,ACC-01505,Cartao,Carteira digital,1488.9,MG,DEV-01505-A,1,Outros,MER-0186,1,Horario incomum,35,MG,3108.22,1766,465.28,Varejo,821.2933333333334,758.3756462614185,382.515,0.8803113205939329,1,1,2,Thursday,2025-04,0,0,0,0,1,0,0,0,20,1,Alto,unusual_hour
TX-0043522,2025-04-10 11:36:30,ACC-01934,Saque,ATM,15500.0,GO,DEV-01934-A,1,Eletronicos,MER-1067,1,Valor atipico,25,GO,5278.75,2431,153.17,Varejo,1470.9566666666667,4422.383424334014,127.425,3.172281095334023,1,1,11,Thursday,2025-04,0,0,1,0,0,0,0,0,20,1,Alto,high_value
TX-0034114,2025-04-11 00:17:09,ACC-01110,Cartao,POS,147.05,PE,DEV-01110-A,1,Restaurante,MER-0747,0,Normal,55,PE,1570.25,2286,39.57,Alta renda,45.28380952380952,30.343325044594323,40.74,3.3538246163407917,1,1,0,Friday,2025-04,0,0,0,0,1,0,0,0,20,1,Alto,unusual_hour
TX-0034825,2025-04-11 01:29:26,ACC-01755,Cartao,POS,905.52,BA,DEV-01755-A,1,Outros,MER-1001,0,Normal,38,BA,10289.01,4459,449.61,Alta renda,420.3647368421053,310.45371616695354,323.61,1.5627297658018415,1,1,1,Friday,2025-04,0,0,0,0,1,0,0,0,20,1,Alto,unusual_hour
TX-0005847,2025-04-11 20:07:35,ACC-01184,Cartao,Carteira digital,15500.0,SP,DEV-01184-A,1,Restaurante,MER-0196,1,Valor atipico,29,SP,3593.24,3109,223.05,Digital,1339.8657142857141,4079.1047544297007,233.525,3.4713828494688936,1,1,20,Friday,2025-04,0,0,1,0,0,0,0,0,20,1,Alto,high_value
TX-0009917,2025-04-12 02:00:00,ACC-00117,Cartao,Carteira digital,163.78,RJ,DEV-00117-A,1,Outros,MER-1080,1,Horario incomum,49,RJ,1868.99,85,51.18,Varejo,72.2088888888889,59.50653655532691,46.665,1.538841216644692,1,1,2,Saturday,2025-04,0,0,0,0,1,0,0,0,20,1,Alto,unusual_hour
TX-0029995,2025-11-18 02:38:00,ACC-01352,PIX,App,956.9,RS,DEV-01352-A,1,Restaurante,MER-0172,1,Horario incomum,22,RS,5056.0,1151,299.03,Varejo,309.97727272727275,252.68867943779617,204.75,2.560157141633956,1,1,2,Tuesday,2025-11,0,0,0,0,1,0,0,0,20,1,Alto,unusual_hour
TX-0004842,2025-11-18 02:55:37,ACC-02279,Transferencia,Internet Banking,393.89,BA,DEV-02279-A,1,Eletronicos,MER-0678,0,Normal,25,BA,2208.43,544,92.33,Alta renda,116.55045454545456,106.41656237354503,63.105,2.6061689953958855,1,1,2,Tuesday,2025-11,0,0,0,0,1,0,0,0,20,1,Alto,unusual_hour
TX-0008333,2025-11-18 11:06:56,ACC-01119,Cartao,POS,15500.0,RS,DEV-01119-A,1,Outros,MER-0061,1,Valor atipico,65,RS,1705.24,4822,251.36,Varejo,2328.867272727273,5359.6357488965,246.92000000000002,2.4574678848249234,1,1,11,Tuesday,2025-11,0,0,1,0,0,0,0,0,20,1,Alto,high_value
TX-0043003,2025-11-19 02:04:00,ACC-01442,PIX,Internet Banking,2086.34,BA,DEV-01442-A,1,Viagem,MER-0359,1,Horario incomum,37,BA,6320.79,4641,651.98,Varejo,732.508125,576.6750843611302,523.0699999999999,2.347651063336374,1,1,2,Wednesday,2025-11,0,0,0,0,1,0,0,0,20,1,Alto,unusual_hour
TX-0044951,2025-11-20 00:05:00,ACC-00255,Transferencia,App,2087.81,PE,DEV-00255-A,1,Restaurante,MER-0881,1,Horario incomum,39,PE,4283.13,388,652.44,Alta renda,892.7394736842105,860.8840734286126,684.11,1.3881898425141312,1,1,0,Thursday,2025-11,0,0,0,0,1,0,0,0,20,1,Alto,unusual_hour
TX-0004816,2025-04-08 01:31:51,ACC-00054,Cartao,Carteira digital,2786.83,BA,DEV-00054-A,1,Viagem,MER-0769,0,Normal,41,BA,7305.74,3891,916.14,Varejo,1591.9540000000002,2721.236254649333,981.7850000000001,0.43909307689051613,1,1,1,Tuesday,2025-04,0,0,0,0,1,0,0,0,20,1,Alto,unusual_hour
TX-0045745,2025-04-08 02:24:48,ACC-01218,Transferencia,Internet Banking,278.61,SP,DEV-01218-A,1,Outros,MER-0077,0,Normal,60,SP,3702.28,2971,129.02,Varejo,124.80250000000001,100.21543424963096,86.145,1.53476858282003,1,1,2,Tuesday,2025-04,0,0,0,0,1,0,0,0,20,1,Alto,unusual_hour
TX-0044543,2025-04-08 04:04:22,ACC-01483,Cartao,E-commerce,1474.68,SP,DEV-01483-A,1,Restaurante,MER-0915,0,Normal,46,SP,6062.89,4326,490.22,Empresarial,532.067619047619,423.1395276372176,360.74,2.227663263264164,1,1,4,Tuesday,2025-04,0,0,0,0,1,0,0,0,20,1,Alto,unusual_hour
TX-0047846,2025-04-18 07:49:01,ACC-01741,PIX,App,15500.0,RJ,DEV-01741-A,1,Eletronicos,MER-0822,1,Valor atipico,73,RJ,1223.37,4460,61.98,Varejo,1885.5158823529412,5124.562826617578,67.95,2.6567113289999758,1,1,7,Friday,2025-04,0,0,1,0,0,0,0,0,20,1,Alto,high_value
TX-0035598,2025-04-18 12:39:21,ACC-00385,Cartao,POS,15500.0,SP,DEV-00385-A,1,Outros,MER-0426,1,Valor atipico,33,SP,4030.52,3484,577.01,Digital,1805.1583333333335,4237.212120252478,466.87,3.2320406149151317,1,1,12,Friday,2025-04,0,0,1,0,0,0,0,0,20,1,Alto,high_value
TX-0020590,2025-11-14 02:43:00,ACC-00319,Transferencia,Internet Banking,2517.22,GO,DEV-00319-A,1,Mercado,MER-1046,1,Horario incomum,26,GO,6748.26,3584,786.63,Varejo,1008.1486666666666,628.5422623688955,892.88,2.4009067069664276,1,1,2,Friday,2025-11,0,0,0,0,1,0,0,0,20,1,Alto,unusual_hour
TX-0005162,2025-11-15 03:27:00,ACC-00940,PIX,Internet Banking,193.18,RJ,DEV-00940-A,1,Transporte,MER-1071,1,Horario incomum,53,MG,1260.93,3754,60.37,Alta renda,66.07958333333333,52.75333457246558,43.019999999999996,2.4093342666722397,1,1,3,Saturday,2025-11,1,0,0,0,1,0,0,0,20,1,Alto,unusual_hour
TX-0040913,2025-11-15 03:42:00,ACC-00646,Boleto,Internet Banking,791.62,SP,DEV-00646-A,1,Viagem,MER-0071,1,Horario incomum,36,SP,1555.03,3676,247.38,Empresarial,290.225,217.10082906200927,252.445,2.3095029262038858,1,1,3,Saturday,2025-11,0,0,0,0,1,0,0,0,20,1,Alto,unusual_hour
TX-0045677,2025-11-16 01:18:00,ACC-00570,PIX,App,650.24,SP,DEV-00570-A,1,Restaurante,MER-0749,1,Horario incomum,48,SP,7578.09,3708,203.2,Alta renda,201.1325,169.81713167172072,134.69,2.64465366702922,1,1,1,Sunday,2025-11,0,0,0,0,1,0,0,0,20,1,Alto,unusual_hour
TX-0007250,2025-11-17 01:50:00,ACC-00590,PIX,App,1237.92,RJ,DEV-00590-A,1,Restaurante,MER-0180,1,Horario incomum,72,RJ,2424.32,2029,386.85,Varejo,437.9746666666667,260.9468817558379,447.67,3.065548543637414,1,1,1,Monday,2025-11,0,0,0,0,1,0,0,0,20,1,Alto,unusual_hour
TX-0008362,2025-11-18 02:22:00,ACC-00914,Cartao,Carteira digital,1055.94,SP,DEV-00914-A,1,Servicos,MER-0171,1,Horario incomum,53,SP,4887.3,3216,329.98,Digital,443.41181818181815,329.35747012914425,311.235,1.8597670840075486,1,1,2,Tuesday,2025-11,0,0,0,0,1,0,0,0,20,1,Alto,unusual_hour
TX-0041205,2025-04-22 02:57:13,ACC-00894,Cartao,POS,907.41,PE,DEV-00894-A,1,Viagem,MER-0408,0,Normal,54,PE,7724.55,1535,416.9,Alta renda,1463.7330769230769,4222.813701091142,259.74,-0.13174227335184768,1,1,2,Tuesday,2025-04,0,0,0,0,1,0,0,0,20,1,Alto,unusual_hour
TX-0019576,2025-04-22 13:00:00,ACC-01704,PIX,App,4500.0,PE,DEV-01800-A,1,Restaurante,MER-1110,1,Fracionamento,66,GO,3092.17,437,155.63,Varejo,952.8366666666667,1547.1535864752834,111.44,2.2927027829308537,2,4,13,Tuesday,2025-04,1,0,0,0,0,0,0,1,20,1,Alto,structuring
TX-0009973,2025-04-23 04:51:38,ACC-00617,Boleto,App,1214.94,SP,DEV-00617-A,1,Restaurante,MER-1042,0,Normal,55,SP,8436.1,1647,328.15,Alta renda,419.0196666666667,442.13683570371285,258.92,1.8001674347411756,1,1,4,Wednesday,2025-04,0,0,0,0,1,0,0,0,20,1,Alto,unusual_hour
TX-0033831,2025-04-14 01:27:00,ACC-01433,Transferencia,Internet Banking,196.34,MG,DEV-01433-A,1,Servicos,MER-1078,1,Horario incomum,58,MG,626.39,1492,45.79,Varejo,60.0348,52.044758871571304,39.04,2.6189995487606104,1,1,1,Monday,2025-04,0,0,0,0,1,0,0,0,20,1,Alto,unusual_hour
TX-0048001,2025-04-14 03:29:00,ACC-00906,Boleto,Internet Banking,430.37,PE,DEV-00906-A,1,Restaurante,MER-1135,1,Horario incomum,22,PE,1119.51,3213,134.49,Digital,199.46421052631578,170.22674787587778,114.0,1.3564600884113176,1,1,3,Monday,2025-04,0,0,0,0,1,0,0,0,20,1,Alto,unusual_hour
TX-0003666,2025-04-15 01:38:00,ACC-00176,PIX,App,553.89,SP,DEV-00176-A,1,Restaurante,MER-1122,1,Horario incomum,27,SP,1204.17,1295,173.09,Alta renda,254.5411111111111,190.717753234178,165.935,1.569591104197443,1,1,1,Tuesday,2025-04,0,0,0,0,1,0,0,0,20,1,Alto,unusual_hour
TX-0001813,2025-04-15 19:16:49,ACC-02083,PIX,App,15500.0,SP,DEV-02083-A,1,Eletronicos,MER-0523,1,Valor atipico,56,SP,6489.45,560,464.24,Varejo,1933.6257142857144,4521.215639833575,476.35,3.0006032373659717,1,1,19,Tuesday,2025-04,0,0,1,0,0,0,0,0,20,1,Alto,high_value
TX-0034634,2025-04-16 01:17:00,ACC-00412,PIX,Internet Banking,486.21,PR,DEV-00412-A,1,Transporte,MER-0834,1,Horario incomum,77,PR,3595.56,1649,151.94,Varejo,152.21714285714285,121.94267129892015,117.02,2.7389334150646474,1,1,1,Wednesday,2025-04,0,0,0,0,1,0,0,0,20,1,Alto,unusual_hour
TX-0005525,2025-11-23 02:52:32,ACC-00109,Transferencia,Internet Banking,730.66,SP,NEW-0305143,0,Servicos,MER-0610,0,Normal,23,SP,5254.27,4453,357.46,Alta renda,1226.6115789473683,3508.448205858512,218.33,-0.14135924199171973,1,1,2,Sunday,2025-11,0,0,0,0,1,0,0,0,20,1,Alto,unusual_hour
TX-0018296,2025-11-24 02:11:00,ACC-01137,Cartao,Carteira digital,845.34,PE,DEV-01137-A,1,Outros,MER-0558,1,Horario incomum,51,PE,3259.9,403,264.17,Varejo,261.5314285714286,235.5675404979721,171.485,2.4783065196267873,1,1,2,Monday,2025-11,0,0,0,0,1,0,0,0,20,1,Alto,unusual_hour
TX-0041167,2025-11-25 02:16:00,ACC-02188,Cartao,Carteira digital,1990.82,SP,NEW-7263743,0,Outros,MER-0220,1,Horario incomum,66,SP,4798.22,1565,622.13,Varejo,759.0139999999999,581.6308536201094,586.49,2.1178484468854375,1,1,2,Tuesday,2025-11,0,0,0,0,1,0,0,0,20,1,Alto,unusual_hour
TX-0031035,2025-11-25 04:32:53,ACC-01453,PIX,App,1370.16,BA,DEV-01453-A,1,Outros,MER-0007,0,Normal,63,BA,7311.33,2709,412.17,Digital,486.1654545454545,351.2552923136604,371.375,2.51667253077333,1,1,4,Tuesday,2025-11,0,0,0,0,1,0,0,0,20,1,Alto,unusual_hour
TX-0005467,2025-03-23 03:47:00,ACC-00562,Transferencia,App,1998.24,BA,DEV-00562-A,1,Outros,MER-0634,1,Horario incomum,65,BA,5272.73,1748,624.45,Alta renda,697.8776190476191,516.4732113372847,584.58,2.517773143713304,1,1,3,Sunday,2025-03,0,0,0,0,1,0,0,0,20,1,Alto,unusual_hour
TX-0042232,2025-03-23 18:02:44,ACC-01906,Cartao,POS,15500.0,SP,DEV-01906-A,1,Outros,MER-0302,1,Valor atipico,41,SP,2831.42,1294,450.24,Varejo,1602.1615384615386,4195.7507547455,289.2,3.31236035549053,1,1,18,Sunday,2025-03,0,0,1,0,0,0,0,0,20,1,Alto,high_value
TX-0001025,2025-03-24 01:41:00,ACC-00273,Cartao,E-commerce,742.11,PE,DEV-00273-A,1,Eletronicos,MER-1200,1,Horario incomum,48,PE,3070.15,3438,231.91,Alta renda,802.9146153846153,1208.2728409998488,275.285,-0.05032358033827802,1,1,1,Monday,2025-03,0,0,0,0,1,0,0,0,20,1,Alto,unusual_hour
TX-0024682,2025-03-24 02:01:00,ACC-00966,Cartao,POS,562.75,SP,DEV-00966-A,1,Mercado,MER-0001,1,Horario incomum,30,SP,6313.35,796,175.86,Varejo,251.75055555555556,154.21392416236466,195.99,2.01667551184942,1,1,2,Monday,2025-03,0,0,0,0,1,0,0,0,20,1,Alto,unusual_hour
TX-0001298,2025-04-01 03:12:00,ACC-02480,Cartao,POS,1095.26,BA,DEV-02480-A,1,Restaurante,MER-0807,1,Horario incomum,37,BA,2321.75,1637,342.27,Empresarial,514.7966666666666,572.9356900743045,317.885,1.0131387228783961,1,1,3,Tuesday,2025-04,0,0,0,0,1,0,0,0,20,1,Alto,unusual_hour
TX-0048081,2025-04-01 04:25:49,ACC-01709,PIX,App,613.51,SP,NEW-7754686,0,Eletronicos,MER-1085,0,Normal,31,SP,1325.41,2772,98.12,Alta renda,135.49217391304347,138.2744028095295,102.64,3.4570232550229667,1,1,4,Tuesday,2025-04,0,0,0,0,1,0,0,0,20,1,Alto,unusual_hour
TX-0046069,2025-04-02 01:48:06,ACC-01993,Cartao,POS,253.43,SP,DEV-01993-A,1,Servicos,MER-0586,0,Normal,58,BA,2745.38,1702,109.54,Digital,619.7409677419355,2763.4568717789616,101.3,-0.1325553409147741,1,1,1,Wednesday,2025-04,1,0,0,0,1,0,0,0,20,1,Alto,unusual_hour
TX-0000685,2025-04-02 04:21:00,ACC-00409,PIX,App,788.99,SP,NEW-6582711,0,Restaurante,MER-0714,1,Horario incomum,29,SP,2310.4,4844,246.56,Alta renda,249.61263157894737,251.36071419911679,178.03,2.145830028131532,1,1,4,Wednesday,2025-04,0,0,0,0,1,0,0,0,20,1,Alto,unusual_hour
TX-0005628,2025-11-20 14:00:00,ACC-01079,PIX,App,3500.0,PR,DEV-00412-A,1,Viagem,MER-0518,1,Fracionamento,18,SP,5037.85,1129,566.29,Digital,1617.0778260869565,1487.110074207251,903.36,1.2661619382255829,2,5,14,Thursday,2025-11,1,0,0,0,0,0,0,1,20,1,Alto,structuring
TX-0025022,2025-11-21 02:20:00,ACC-01147,Saque,ATM,1632.99,SC,DEV-01147-A,1,Eletronicos,MER-0852,1,Horario incomum,57,SC,4372.47,4803,510.31,Alta renda,611.9395238095237,545.2490093111238,452.95,1.8726315110237202,1,1,2,Friday,2025-11,0,0,0,0,1,0,0,0,20,1,Alto,unusual_hour
TX-0040497,2025-11-21 04:13:15,ACC-02249,Boleto,App,1892.24,SP,DEV-02249-A,1,Viagem,MER-0988,0,Normal,23,SP,3660.98,4293,479.2,Empresarial,1116.3728571428571,2850.629174527197,493.0,0.2721739992666102,1,1,4,Friday,2025-11,0,0,0,0,1,0,0,0,20,1,Alto,unusual_hour
TX-0011898,2025-11-22 00:35:32,ACC-00568,Transferencia,App,2540.56,SP,DEV-00568-A,1,Servicos,MER-1022,0,Normal,57,SP,7875.99,1017,696.96,Digital,962.1535714285714,1107.0897948683514,550.005,1.4257257504203833,1,1,0,Saturday,2025-11,0,0,0,0,1,0,0,0,20,1,Alto,unusual_hour
TX-0002931,2025-04-06 00:29:33,ACC-01997,Transferencia,App,655.16,RS,DEV-01997-A,1,Transporte,MER-0495,0,Normal,63,RS,6108.65,3025,158.47,Digital,898.23,3264.8143535247073,150.105,-0.07445140019602667,1,1,0,Sunday,2025-04,0,0,0,0,1,0,0,0,20,1,Alto,unusual_hour
TX-0017308,2025-04-07 00:01:00,ACC-01262,PIX,App,564.03,SC,DEV-01262-A,1,Viagem,MER-0810,1,Horario incomum,49,SC,1453.46,4689,176.26,Empresarial,224.7027272727273,178.2888920314953,181.86,1.903244048806638,1,1,0,Monday,2025-04,0,0,0,0,1,0,0,0,20,1,Alto,unusual_hour
TX-0044845,2025-03-28 05:16:22,ACC-02108,Cartao,E-commerce,15500.0,GO,DEV-02108-A,1,Restaurante,MER-0905,1,Valor atipico,66,GO,2884.12,4855,229.27,Alta renda,1892.6152631578948,4799.494603850803,272.09,2.835170337711063,1,1,5,Friday,2025-03,0,0,1,0,0,0,0,0,20,1,Alto,high_value
TX-0038270,2025-03-29 00:28:00,ACC-02149,PIX,App,3482.21,SP,DEV-02149-A,1,Mercado,MER-1142,1,Horario incomum,35,SP,6885.1,274,1088.19,Empresarial,1461.9622222222224,1469.8470545272946,735.27,1.3744612213598597,1,1,0,Saturday,2025-03,0,0,0,0,1,0,0,0,20,1,Alto,unusual_hour
TX-0043694,2025-03-29 02:13:00,ACC-01278,PIX,App,528.9,BA,DEV-01278-A,1,Transporte,MER-0388,1,Horario incomum,46,BA,2474.32,107,165.28,Digital,178.02965517241378,138.8251604275464,143.87,2.527426179425936,1,1,2,Saturday,2025-03,0,0,0,0,1,0,0,0,20,1,Alto,unusual_hour
TX-0037592,2025-03-29 02:58:00,ACC-00217,Transferencia,Internet Banking,889.79,SP,DEV-00217-A,1,Viagem,MER-0272,1,Horario incomum,57,SP,2490.45,1375,278.06,Empresarial,979.4120833333333,3099.7403486855774,290.06,-0.02891277115237633,1,1,2,Saturday,2025-03,0,0,0,0,1,0,0,0,20,1,Alto,unusual_hour
TX-0024870,2025-03-31 00:03:00,ACC-00080,Saque,ATM,825.86,SP,DEV-00080-A,1,Transporte,MER-0649,1,Horario incomum,73,SP,3410.8,2882,246.97,Varejo,304.5280769230769,289.99239596953896,193.64,1.7977434247333997,1,1,0,Monday,2025-03,0,0,0,0,1,0,0,0,20,1,Alto,unusual_hour
TX-0019943,2025-03-31 01:22:00,ACC-00167,Transferencia,Internet Banking,2775.94,SP,NEW-9805554,0,Restaurante,MER-0477,1,Horario incomum,62,SP,6391.22,4546,867.48,Alta renda,1491.21,1930.433595375128,636.17,0.6655136975847891,1,1,1,Monday,2025-03,0,0,0,0,1,0,0,0,20,1,Alto,unusual_hour
TX-0002842,2025-04-13 03:36:55,ACC-01636,PIX,App,799.27,SP,DEV-01636-A,1,Viagem,MER-1040,0,Normal,25,SP,2957.75,4135,297.36,Varejo,1031.5570833333334,1539.300552409322,265.545,-0.1509043071346634,1,1,3,Sunday,2025-04,0,0,0,0,1,0,0,0,20,1,Alto,unusual_hour
TX-0045288,2025-04-13 11:00:00,ACC-01636,PIX,App,4500.0,MG,DEV-01305-A,1,Eletronicos,MER-0912,1,Fracionamento,25,SP,2957.75,4135,297.36,Varejo,1031.5570833333334,1539.300552409322,265.545,2.2532590605764677,2,3,11,Sunday,2025-04,1,0,0,0,0,0,0,1,20,1,Alto,structuring
TX-0013729,2025-04-13 12:00:00,ACC-01636,PIX,App,3500.0,MG,DEV-01326-A,1,Outros,MER-0615,1,Fracionamento,25,SP,2957.75,4135,297.36,Varejo,1031.5570833333334,1539.300552409322,265.545,1.603613350754046,2,4,12,Sunday,2025-04,1,0,0,0,0,0,0,1,20,1,Alto,structuring
TX-0044255,2025-04-13 13:00:00,ACC-01636,PIX,App,4500.0,RS,DEV-01415-A,1,Transporte,MER-0227,1,Fracionamento,25,SP,2957.75,4135,297.36,Varejo,1031.5570833333334,1539.300552409322,265.545,2.2532590605764677,2,5,13,Sunday,2025-04,1,0,0,0,0,0,0,1,20,1,Alto,structuring
TX-0049785,2025-04-04 01:57:00,ACC-00825,Saque,ATM,541.98,GO,NEW-4600963,0,Eletronicos,MER-0334,1,Horario incomum,57,GO,3487.63,189,169.37,Digital,201.4590476190476,117.94475074816862,181.39,2.8871225740942084,1,1,1,Friday,2025-04,0,0,0,0,1,0,0,0,20,1,Alto,unusual_hour
TX-0016028,2025-04-04 02:15:00,ACC-02199,Cartao,Carteira digital,2546.69,SP,DEV-02199-A,1,Servicos,MER-0002,1,Horario incomum,43,SP,5313.09,2157,795.84,Varejo,895.1039130434782,772.0759557649466,676.03,2.139149748965031,1,1,2,Friday,2025-04,0,0,0,0,1,0,0,0,20,1,Alto,unusual_hour
TX-0000992,2025-04-04 02:27:44,ACC-02289,PIX,App,1003.34,SP,DEV-02289-A,1,Outros,MER-0793,0,Normal,56,SP,3738.35,2615,508.33,Varejo,516.1089655172414,338.46667171171504,386.68,1.43952440581137,1,1,2,Friday,2025-04,0,0,0,0,1,0,0,0,20,1,Alto,unusual_hour
TX-0002246,2025-04-04 15:15:31,ACC-01723,PIX,Internet Banking,15500.0,BA,DEV-01723-A,1,Mercado,MER-0486,1,Valor atipico,60,SC,1911.23,2803,181.26,Digital,1371.2764285714286,4068.1618677247025,245.90499999999997,3.4729993620756976,1,1,15,Friday,2025-04,1,0,1,0,0,0,0,0,20,1,Alto,high_value
TX-0032486,2025-11-28 19:14:15,ACC-00918,Cartao,Carteira digital,15500.0,SP,DEV-00918-A,1,Viagem,MER-0261,1,Valor atipico,59,MG,6725.8,4796,1039.81,Varejo,2370.7149999999997,4626.956104131647,900.615,2.8375642008525186,1,1,19,Friday,2025-11,1,0,1,0,0,0,0,0,20,1,Alto,high_value
TX-0016396,2025-11-29 00:09:00,ACC-01833,Cartao,Carteira digital,515.33,PE,DEV-01833-A,1,Eletronicos,MER-0296,1,Horario incomum,53,PE,3644.92,4362,161.04,Digital,244.0384210526316,152.60012404477112,197.14,1.7777939608212545,1,1,0,Saturday,2025-11,0,0,0,0,1,0,0,0,20,1,Alto,unusual_hour
TX-0036543,2025-03-15 06:32:36,ACC-00743,Cartao,POS,15500.0,MG,DEV-00743-A,1,Outros,MER-0886,1,Valor atipico,64,MG,5939.49,610,400.3,Alta renda,2237.726153846154,4894.320361961671,472.515,2.7097273707760015,1,1,6,Saturday,2025-03,0,0,1,0,0,0,0,0,20,1,Alto,high_value
TX-0006080,2025-03-16 01:11:00,ACC-00328,Transferencia,Internet Banking,1729.92,GO,DEV-00328-A,1,Restaurante,MER-0269,1,Horario incomum,36,GO,3410.45,3960,540.6,Varejo,3584.2813333333334,6178.206981028287,678.37,-0.3001455501616583,1,1,1,Sunday,2025-03,0,0,0,0,1,0,0,0,20,1,Alto,unusual_hour
TX-0043832,2025-03-16 11:00:00,ACC-01334,PIX,App,3500.0,SP,DEV-02352-A,1,Viagem,MER-0144,1,Fracionamento,73,MG,1790.82,2992,189.21,Varejo,957.0588,1571.4398491121663,191.21,1.6182236955723845,2,3,11,Sunday,2025-03,1,0,0,0,0,0,0,1,20,1,Alto,structuring
TX-0001712,2025-03-16 13:00:00,ACC-01334,PIX,App,3500.0,RJ,DEV-01605-A,1,Outros,MER-0532,1,Fracionamento,73,MG,1790.82,2992,189.21,Varejo,957.0588,1571.4398491121663,191.21,1.6182236955723845,2,5,13,Sunday,2025-03,1,0,0,0,0,0,0,1,20,1,Alto,structuring
TX-0034422,2025-03-16 14:00:00,ACC-01334,PIX,App,4500.0,RJ,DEV-01073-A,1,Outros,MER-0089,1,Fracionamento,73,MG,1790.82,2992,189.21,Varejo,957.0588,1571.4398491121663,191.21,2.254582764972961,2,6,14,Sunday,2025-03,1,0,0,0,0,0,0,1,20,1,Alto,structuring
TX-0031543,2025-03-17 02:55:00,ACC-01462,Cartao,Carteira digital,907.04,SP,DEV-01462-A,1,Servicos,MER-0399,1,Horario incomum,19,SP,1803.16,4480,283.45,Varejo,330.56,271.32848518355013,295.105,2.1246571277247908,1,1,2,Monday,2025-03,0,0,0,0,1,0,0,0,20,1,Alto,unusual_hour
TX-0043476,2025-03-23 01:54:00,ACC-01037,PIX,App,1909.47,SP,DEV-01037-A,1,Servicos,MER-1036,1,Horario incomum,59,SP,7042.58,3347,596.71,Digital,646.2993749999999,540.922593950604,374.385,2.3352151289789727,1,1,1,Sunday,2025-03,0,0,0,0,1,0,0,0,20,1,Alto,unusual_hour
TX-0014276,2025-11-26 01:58:00,ACC-01466,Cartao,Carteira digital,762.3,RJ,DEV-01466-A,1,Transporte,MER-1157,1,Horario incomum,23,RJ,3163.94,4474,238.22,Varejo,320.4559259259259,219.49217939912785,261.89,2.0130287798118682,1,1,1,Wednesday,2025-11,0,0,0,0,1,0,0,0,20,1,Alto,unusual_hour
TX-0045146,2025-11-26 03:22:00,ACC-01426,Transferencia,Internet Banking,630.05,RS,DEV-01426-A,1,Mercado,MER-0005,1,Horario incomum,65,RS,5008.06,3256,196.89,Digital,885.3799999999999,3189.9782607010748,150.19,-0.0800412978187146,1,1,3,Wednesday,2025-11,0,0,0,0,1,0,0,0,20,1,Alto,unusual_hour
TX-0002439,2025-11-28 04:11:00,ACC-00474,PIX,App,3188.83,RS,DEV-00474-A,1,Transporte,MER-0421,1,Horario incomum,50,RS,7688.24,1274,996.51,Varejo,905.3410526315789,731.0089611161848,673.9,3.123749596559992,1,2,4,Friday,2025-11,0,0,0,0,1,0,0,0,20,1,Alto,unusual_hour
TX-0012621,2025-11-28 04:49:00,ACC-00395,PIX,App,2580.64,DF,DEV-00395-A,1,Transporte,MER-0432,1,Horario incomum,33,DF,5683.54,1808,806.45,Varejo,1011.7577777777777,755.3230765826638,960.62,2.077100873602822,1,1,4,Friday,2025-11,0,0,0,0,1,0,0,0,20,1,Alto,unusual_hour
TX-0039819,2025-11-28 04:58:00,ACC-00865,PIX,App,890.43,BA,DEV-00865-A,1,Mercado,MER-0446,1,Horario incomum,43,BA,3572.49,3782,278.26,Varejo,296.3395652173913,280.5288873065281,162.16,2.117751367735111,1,1,4,Friday,2025-11,0,0,0,0,1,0,0,0,20,1,Alto,unusual_hour
TX-0001112,2025-11-28 14:00:00,ACC-02425,PIX,App,3500.0,SP,DEV-00748-A,1,Restaurante,MER-0670,1,Fracionamento,34,BA,4828.03,164,611.2,Digital,1786.4203846153846,3102.511948033697,665.925,0.5523200697005032,2,5,14,Friday,2025-11,1,0,0,0,0,0,0,1,20,1,Alto,structuring
TX-0017047,2025-11-28 18:53:15,ACC-02481,PIX,App,15500.0,BA,DEV-02481-A,1,Restaurante,MER-0392,1,Valor atipico,43,BA,776.15,1269,52.39,Varejo,1357.6825000000001,4454.2002701314,49.49,3.175052005369933,1,1,18,Friday,2025-11,0,0,1,0,0,0,0,0,20,1,Alto,high_value
TX-0045011,2025-03-18 20:53:46,ACC-02184,Cartao,POS,15500.0,PR,DEV-02184-A,1,Outros,MER-0724,1,Valor atipico,32,PR,2547.98,704,349.34,Empresarial,1716.080909090909,4575.078133764395,364.47,3.0128270354953743,1,1,20,Tuesday,2025-03,0,0,1,0,0,0,0,0,20,1,Alto,high_value
TX-0011725,2025-03-19 03:23:00,ACC-01134,Transferencia,App,1336.67,SP,DEV-01134-A,1,Restaurante,MER-1038,1,Horario incomum,75,SP,2701.65,2538,417.71,Varejo,478.49625,316.6626339458131,391.78,2.710056880745992,1,1,3,Wednesday,2025-03,0,0,0,0,1,0,0,0,20,1,Alto,unusual_hour
TX-0012932,2025-03-20 00:35:00,ACC-01469,Cartao,E-commerce,950.5,RJ,DEV-01469-A,1,Transporte,MER-0052,1,Horario incomum,58,RJ,5626.66,162,297.03,Varejo,1615.198695652174,4385.990869413147,251.62,-0.15155040569911438,1,1,0,Thursday,2025-03,0,0,0,0,1,0,0,0,20,1,Alto,unusual_hour
TX-0046066,2025-03-20 02:41:00,ACC-00438,PIX,App,185.27,MG,DEV-00438-A,1,Viagem,MER-0322,0,Normal,18,MG,1272.42,1213,76.49,Varejo,57.096923076923076,43.27723870285153,42.64,2.9616740985517556,1,1,2,Thursday,2025-03,0,0,0,0,1,0,0,0,20,1,Alto,unusual_hour
TX-0003011,2025-03-20 04:09:00,ACC-00458,PIX,App,1749.63,RJ,DEV-00458-A,1,Mercado,MER-0359,1,Horario incomum,57,RJ,3444.27,441,546.76,Alta renda,649.7875,579.2944321533853,421.03,1.8985897998563612,1,1,4,Thursday,2025-03,0,0,0,0,1,0,0,0,20,1,Alto,unusual_hour
TX-0036302,2025-03-21 03:10:00,ACC-02453,Cartao,POS,495.94,MG,NEW-6076288,0,Eletronicos,MER-0060,1,Horario incomum,30,MG,5341.06,613,154.98,Varejo,197.2025925925926,114.44031906472179,186.44,2.6104209587047404,1,1,3,Friday,2025-03,0,0,0,0,1,0,0,0,20,1,Alto,unusual_hour
TX-0038272,2025-03-22 00:37:40,ACC-01899,PIX,Internet Banking,848.3,SP,DEV-01899-A,1,Restaurante,MER-0024,0,Normal,62,SP,3204.9,986,333.98,Alta renda,393.8019047619048,321.61708957421786,283.67,1.413165251385726,1,1,0,Saturday,2025-03,0,0,0,0,1,0,0,0,20,1,Alto,unusual_hour
TX-0037911,2025-03-22 22:25:44,ACC-01330,Transferencia,App,15500.0,SP,DEV-01330-A,1,Restaurante,MER-0673,1,Valor atipico,49,SP,2966.39,3236,474.58,Alta renda,2225.3900000000003,4596.618356499185,582.9449999999999,2.8879077988345396,1,1,22,Saturday,2025-03,0,0,1,0,0,0,0,0,20,1,Alto,high_value
TX-0037500,2025-03-24 03:41:00,ACC-02007,Cartao,Carteira digital,128.16,SC,DEV-02007-A,1,Servicos,MER-1144,1,Horario incomum,62,SC,1380.73,2918,40.05,Alta renda,45.74333333333333,30.271885034292332,35.585,2.722548218365131,1,1,3,Monday,2025-03,0,0,0,0,1,0,0,0,20,1,Alto,unusual_hour
TX-0014745,2025-03-25 01:35:00,ACC-01106,Transferencia,Internet Banking,480.45,MG,DEV-01106-A,1,Outros,MER-0115,1,Horario incomum,38,MG,3643.43,3551,150.14,Varejo,213.22523809523807,186.93232161985918,108.37,1.4295267912425729,1,1,1,Tuesday,2025-03,0,0,0,0,1,0,0,0,20,1,Alto,unusual_hour
TX-0034244,2025-03-26 03:01:00,ACC-00898,PIX,App,1655.01,SP,DEV-00898-A,1,Viagem,MER-0424,1,Horario incomum,34,SP,4489.0,2800,517.19,Varejo,655.5563157894736,415.94650870314945,521.45,2.402841863793143,1,1,3,Wednesday,2025-03,0,0,0,0,1,0,0,0,20,1,Alto,unusual_hour
TX-0027461,2025-03-26 12:05:42,ACC-02364,Cartao,POS,15500.0,RS,DEV-02364-A,1,Servicos,MER-0079,1,Valor atipico,63,RS,7883.7,3019,1132.67,Varejo,2581.013,4330.789634397065,983.92,2.9830557682579726,1,1,12,Wednesday,2025-03,0,0,1,0,0,0,0,0,20,1,Alto,high_value
TX-0014638,2025-03-26 13:00:00,ACC-01128,PIX,App,3500.0,SP,DEV-00807-A,1,Viagem,MER-0127,1,Fracionamento,71,BA,5945.38,469,487.48,Varejo,1175.8627586206896,1379.4397125409193,603.55,1.6848414760354147,2,4,13,Wednesday,2025-03,1,0,0,0,0,0,0,1,20,1,Alto,structuring
TX-0033910,2025-03-26 14:00:00,ACC-01128,PIX,App,4500.0,RJ,DEV-01773-A,1,Servicos,MER-1082,1,Fracionamento,71,BA,5945.38,469,487.48,Varejo,1175.8627586206896,1379.4397125409193,603.55,2.4097734835082214,2,5,14,Wednesday,2025-03,1,0,0,0,0,0,0,1,20,1,Alto,structuring
TX-0025710,2025-03-27 01:36:17,ACC-01707,Transferencia,Internet Banking,335.75,BA,DEV-01707-A,1,Outros,MER-0930,0,Normal,23,BA,3199.16,932,133.19,Varejo,134.77592592592592,104.56784118306453,105.07,1.9219491556895907,1,1,1,Thursday,2025-03,0,0,0,0,1,0,0,0,20,1,Alto,unusual_hour
TX-0045467,2025-03-28 01:01:00,ACC-01116,PIX,App,680.35,SP,DEV-01116-A,1,Eletronicos,MER-0594,1,Horario incomum,71,SP,2291.6,3615,212.61,Varejo,236.045,177.7946319225533,181.515,2.4989787104120094,1,1,1,Friday,2025-03,0,0,0,0,1,0,0,0,20,1,Alto,unusual_hour
TX-0000327,2025-12-03 02:16:00,ACC-00914,Transferencia,App,1055.94,SP,DEV-00914-A,1,Eletronicos,MER-0388,1,Horario incomum,53,SP,4887.3,3216,329.98,Digital,443.41181818181815,329.35747012914425,311.235,1.8597670840075486,1,1,2,Wednesday,2025-12,0,0,0,0,1,0,0,0,20,1,Alto,unusual_hour
TX-0004222,2025-12-03 02:44:00,ACC-00017,Saque,ATM,948.48,RJ,DEV-00017-A,1,Viagem,MER-0994,1,Horario incomum,23,RJ,2944.11,2535,296.4,Varejo,370.4010526315789,368.1387758998672,240.88,1.5702745410487728,1,1,2,Wednesday,2025-12,0,0,0,0,1,0,0,0,20,1,Alto,unusual_hour
TX-0036316,2025-03-02 04:08:00,ACC-00512,Cartao,E-commerce,3014.88,SP,DEV-00512-A,1,Restaurante,MER-1065,1,Horario incomum,64,SP,31368.24,713,942.15,Digital,1091.8405263157895,779.5224741074478,835.93,2.466945518005864,1,1,4,Sunday,2025-03,0,0,0,0,1,0,0,0,20,1,Alto,unusual_hour
TX-0006662,2025-03-03 00:53:00,ACC-01182,PIX,Internet Banking,1545.06,PE,DEV-01182-A,1,Mercado,MER-0008,1,Horario incomum,50,PE,3233.76,4413,482.83,Varejo,517.2495833333334,379.29830085336994,368.365,2.70976804893202,1,1,0,Monday,2025-03,0,0,0,0,1,0,0,0,20,1,Alto,unusual_hour
TX-0017029,2025-03-04 10:43:44,ACC-01741,Cartao,POS,15500.0,SP,DEV-01741-A,1,Servicos,MER-0854,1,Valor atipico,73,RJ,1223.37,4460,61.98,Varejo,1885.5158823529412,5124.562826617578,67.95,2.6567113289999758,1,1,10,Tuesday,2025-03,1,0,1,0,0,0,0,0,20,1,Alto,high_value
TX-0022262,2025-03-05 07:45:37,ACC-02045,Cartao,E-commerce,15500.0,BA,NEW-4303398,0,Transporte,MER-0536,1,Valor atipico,65,BA,8777.23,3071,1023.7,Varejo,2335.329166666667,4124.777264244139,1070.835,3.1916076893295586,1,1,7,Wednesday,2025-03,0,0,1,0,0,0,0,0,20,1,Alto,high_value
TX-0011055,2025-03-05 15:43:49,ACC-00743,Cartao,POS,15500.0,MG,DEV-00743-A,1,Viagem,MER-0063,1,Valor atipico,64,MG,5939.49,610,400.3,Alta renda,2237.726153846154,4894.320361961671,472.515,2.7097273707760015,1,1,15,Wednesday,2025-03,0,0,1,0,0,0,0,0,20,1,Alto,high_value
TX-0028243,2025-03-06 01:30:00,ACC-01301,Cartao,Carteira digital,1607.52,MG,NEW-3270459,0,Transporte,MER-0761,1,Horario incomum,54,MG,4137.36,4223,502.35,Alta renda,592.9072222222222,509.9451897283905,480.24,1.9896506491573844,1,1,1,Thursday,2025-03,0,0,0,0,1,0,0,0,20,1,Alto,unusual_hour
TX-0037378,2025-12-01 00:55:00,ACC-01992,Cartao,Carteira digital,1145.31,MG,DEV-01992-A,1,Transporte,MER-0340,1,Horario incomum,54,MG,4025.92,2406,357.91,Empresarial,554.8666666666667,426.2025996691079,437.81,1.3853583572501373,1,1,0,Monday,2025-12,0,0,0,0,1,0,0,0,20,1,Alto,unusual_hour
TX-0046025,2025-12-01 02:22:00,ACC-00291,PIX,App,698.62,SP,DEV-00291-A,1,Transporte,MER-0295,1,Horario incomum,69,SP,4601.42,2887,218.32,Digital,1320.8200000000002,1810.8790717737713,259.265,-0.3435900329835664,1,2,2,Monday,2025-12,0,0,0,0,1,0,0,0,20,1,Alto,unusual_hour
TX-0012604,2025-12-01 12:00:00,ACC-00588,PIX,App,3500.0,SP,DEV-02319-A,1,Servicos,MER-0870,1,Fracionamento,53,BA,1017.23,3459,43.39,Varejo,791.9965384615384,1555.9788802112769,42.015,1.7403857442915667,2,3,12,Monday,2025-12,1,0,0,0,0,0,0,1,20,1,Alto,structuring
TX-0040202,2025-12-01 13:00:00,ACC-00588,PIX,App,4500.0,RJ,DEV-00365-A,1,Transporte,MER-0003,1,Fracionamento,53,BA,1017.23,3459,43.39,Varejo,791.9965384615384,1555.9788802112769,42.015,2.3830679893514843,2,4,13,Monday,2025-12,1,0,0,0,0,0,0,1,20,1,Alto,structuring
TX-0024454,2025-12-01 14:00:00,ACC-00588,PIX,App,3500.0,PR,DEV-00045-A,1,Viagem,MER-0978,1,Fracionamento,53,BA,1017.23,3459,43.39,Varejo,791.9965384615384,1555.9788802112769,42.015,1.7403857442915667,2,5,14,Monday,2025-12,1,0,0,0,0,0,0,1,20,1,Alto,structuring
TX-0025162,2025-12-02 00:22:17,ACC-01996,PIX,App,265.3,BA,DEV-01996-A,1,Eletronicos,MER-0557,0,Normal,45,BA,1003.1,3898,88.02,Digital,671.6070967741936,1367.3460343409627,87.68,-0.2971501628481532,1,1,0,Tuesday,2025-12,0,0,0,0,1,0,0,0,20,1,Alto,unusual_hour
TX-0042471,2025-12-02 01:18:00,ACC-01223,Cartao,Carteira digital,636.26,MG,DEV-01223-A,1,Servicos,MER-0601,1,Horario incomum,38,MG,2393.77,1512,198.83,Digital,293.7754166666667,209.2312751993783,222.82,1.6368708884796348,1,1,1,Tuesday,2025-12,0,0,0,0,1,0,0,0,20,1,Alto,unusual_hour
TX-0047576,2025-12-02 06:28:54,ACC-02321,Cartao,E-commerce,15500.0,MG,DEV-02321-A,1,Eletronicos,MER-0011,1,Valor atipico,33,MG,2107.21,3076,140.51,Alta renda,1264.3707142857143,4098.179495371581,168.615,3.4736470917859457,1,1,6,Tuesday,2025-12,0,0,1,0,0,0,0,0,20,1,Alto,high_value
TX-0003682,2025-03-09 13:00:34,ACC-01883,PIX,Internet Banking,15500.0,BA,DEV-01883-A,1,Servicos,MER-0455,1,Valor atipico,35,BA,6029.07,165,704.79,Varejo,2297.307272727273,4382.584947532115,662.595,3.0125354979616126,1,1,13,Sunday,2025-03,0,0,1,0,0,0,0,0,20,1,Alto,high_value
TX-0015230,2025-03-11 21:19:13,ACC-01469,PIX,App,15500.0,RJ,DEV-01469-A,1,Mercado,MER-0894,1,Valor atipico,58,RJ,5626.66,162,297.03,Varejo,1615.198695652174,4385.990869413147,251.62,3.1657159619681643,1,1,21,Tuesday,2025-03,0,0,1,0,0,0,0,0,20,1,Alto,high_value
TX-0009270,2025-03-14 03:11:00,ACC-00097,Boleto,App,668.45,PR,DEV-00097-A,1,Restaurante,MER-0338,1,Horario incomum,42,PR,2985.34,333,208.89,Alta renda,414.30916666666667,693.0440227557959,213.995,0.3667022944989507,1,1,3,Friday,2025-03,0,0,0,0,1,0,0,0,20,1,Alto,unusual_hour
TX-0034207,2025-11-29 11:21:03,ACC-02320,Cartao,POS,15500.0,SP,DEV-02320-A,1,Outros,MER-0866,1,Valor atipico,71,SP,2557.56,1895,250.11,Varejo,1561.6116666666667,4392.622736083831,309.21500000000003,3.1731357712180555,1,1,11,Saturday,2025-11,0,0,1,0,0,0,0,0,20,1,Alto,high_value
TX-0002830,2025-11-29 12:00:00,ACC-01705,PIX,App,4500.0,SP,DEV-00580-A,1,Eletronicos,MER-0551,1,Fracionamento,76,SP,1867.5,957,69.83,Varejo,920.4148,1728.9047687243121,61.85,2.070435147588394,2,3,12,Saturday,2025-11,0,0,0,0,0,0,0,1,20,1,Alto,structuring
TX-0009025,2025-11-29 13:00:00,ACC-01705,PIX,App,4500.0,SP,DEV-01930-A,1,Viagem,MER-1129,1,Fracionamento,76,SP,1867.5,957,69.83,Varejo,920.4148,1728.9047687243121,61.85,2.070435147588394,2,4,13,Saturday,2025-11,0,0,0,0,0,0,0,1,20,1,Alto,structuring
TX-0012871,2025-11-30 01:54:49,ACC-00189,Cartao,POS,95.59,SP,DEV-00189-A,1,Servicos,MER-0442,0,Normal,41,SP,335.02,193,35.0,Alta renda,743.8214285714286,1514.9823713769968,34.605000000000004,-0.42788050925123206,1,1,1,Sunday,2025-11,0,0,0,0,1,0,0,0,20,1,Alto,unusual_hour
TX-0047566,2025-11-30 03:03:00,ACC-01204,Cartao,POS,1337.11,SP,DEV-01204-A,1,Eletronicos,MER-0381,1,Horario incomum,36,SP,3436.47,702,359.75,Varejo,440.3527272727273,378.48752101441386,313.92999999999995,2.369317937679434,1,1,3,Sunday,2025-11,0,0,0,0,1,0,0,0,20,1,Alto,unusual_hour
TX-0028013,2025-03-17 04:06:35,ACC-02101,PIX,App,2165.92,MG,NEW-2524464,0,Mercado,MER-0912,0,Normal,35,MG,5538.65,3951,601.78,Varejo,1070.0252631578946,870.809627998683,707.91,1.2584779745266699,1,1,4,Monday,2025-03,0,0,0,0,1,0,0,0,20,1,Alto,unusual_hour
TX-0015027,2025-03-17 04:15:00,ACC-00182,Boleto,Internet Banking,1776.9,MG,NEW-3123504,0,Restaurante,MER-0754,1,Horario incomum,73,MG,5774.81,3292,555.28,Alta renda,600.8526315789474,451.2694457963632,447.13,2.6060868498323906,1,1,4,Monday,2025-03,0,0,0,0,1,0,0,0,20,1,Alto,unusual_hour
TX-0048255,2025-03-18 01:07:19,ACC-01404,Boleto,App,465.28,BA,DEV-01404-A,1,Outros,MER-0632,0,Normal,76,BA,1462.32,4511,161.77,Digital,166.29466666666667,155.47954784503088,98.12,1.9229881838306933,1,1,1,Tuesday,2025-03,0,0,0,0,1,0,0,0,20,1,Alto,unusual_hour
TX-0025794,2025-03-18 01:39:00,ACC-02284,PIX,Internet Banking,1195.65,SP,DEV-02284-A,1,Restaurante,MER-0508,1,Horario incomum,47,SP,4897.0,4404,373.64,Digital,383.05807692307695,247.09428942036246,342.51,3.2885904606824936,1,1,1,Tuesday,2025-03,0,0,0,0,1,0,0,0,20,1,Alto,unusual_hour
TX-0033468,2025-03-18 02:46:49,ACC-02400,PIX,App,686.05,PR,DEV-02400-A,1,Eletronicos,MER-0936,0,Normal,47,PR,2777.29,4144,245.5,Alta renda,929.5123076923077,2984.5981130735945,234.54500000000002,-0.08157289473107175,1,2,2,Tuesday,2025-03,0,0,0,0,1,0,0,0,20,1,Alto,unusual_hour
TX-0012618,2025-03-09 00:05:00,ACC-01584,Cartao,E-commerce,494.85,BA,DEV-01584-A,1,Outros,MER-0876,1,Horario incomum,19,BA,1875.41,2006,154.64,Empresarial,227.9088235294118,148.66794522031105,186.98,1.7955530095946914,1,1,0,Sunday,2025-03,0,0,0,0,1,0,0,0,20,1,Alto,unusual_hour
TX-0006452,2025-03-09 02:08:00,ACC-00881,Cartao,POS,285.34,SP,DEV-00881-A,1,Eletronicos,MER-0979,1,Horario incomum,62,SP,3300.92,3326,89.17,Varejo,140.70695652173913,182.48908885028473,88.02,0.7925572119926511,1,1,2,Sunday,2025-03,0,0,0,0,1,0,0,0,20,1,Alto,unusual_hour
TX-0033130,2025-03-09 04:41:00,ACC-02400,Cartao,E-commerce,785.6,PR,DEV-02400-A,1,Viagem,MER-0352,1,Horario incomum,47,PR,2777.29,4144,245.5,Alta renda,929.5123076923077,2984.5981130735945,234.54500000000002,-0.04821832026962722,1,1,4,Sunday,2025-03,0,0,0,0,1,0,0,0,20,1,Alto,unusual_hour
TX-0009540,2025-12-08 00:42:42,ACC-00118,Cartao,POS,4450.14,RJ,DEV-00118-A,1,Outros,MER-1171,0,Normal,59,RJ,6292.53,1283,915.99,Varejo,1060.1961111111111,1034.0764076680946,626.24,3.2782334687756967,1,1,0,Monday,2025-12,0,0,0,0,1,0,0,0,20,1,Alto,unusual_hour
TX-0034593,2025-12-09 10:18:56,ACC-00132,Cartao,Carteira digital,15500.0,SP,DEV-00132-A,1,Mercado,MER-0145,1,Valor atipico,64,SP,1870.74,889,204.0,Varejo,1563.8766666666668,4295.169631271517,269.915,3.2446037129406147,1,1,10,Tuesday,2025-12,0,0,1,0,0,0,0,0,20,1,Alto,high_value
TX-0004328,2025-12-10 03:08:00,ACC-00207,PIX,Internet Banking,415.66,RS,DEV-00207-A,1,Transporte,MER-0851,1,Horario incomum,46,RS,2739.29,3933,99.25,Digital,162.3635294117647,197.80818217850523,83.8,1.280515637920663,1,1,3,Wednesday,2025-12,0,0,0,0,1,0,0,0,20,1,Alto,unusual_hour
TX-0041317,2025-02-16 00:29:00,ACC-02118,Cartao,Carteira digital,783.62,GO,DEV-02118-A,1,Outros,MER-0079,1,Horario incomum,67,GO,1850.56,4195,244.88,Varejo,243.56739130434784,209.6575017242384,182.06,2.575880205831991,1,1,0,Sunday,2025-02,0,0,0,0,1,0,0,0,20,1,Alto,unusual_hour
TX-0044244,2025-02-18 04:22:00,ACC-01893,PIX,Internet Banking,679.26,SC,DEV-01893-A,1,Viagem,MER-0821,1,Horario incomum,37,SC,2575.9,1721,212.27,Varejo,259.66625,168.0051048777983,214.22,2.4975059555791446,1,1,4,Tuesday,2025-02,0,0,0,0,1,0,0,0,20,1,Alto,unusual_hour
TX-0031982,2025-02-18 18:14:41,ACC-02163,Cartao,POS,15500.0,DF,DEV-02163-A,1,Outros,MER-0307,1,Valor atipico,72,DF,2417.1,642,284.33,Empresarial,1592.7783333333334,4387.394640470963,274.06,3.1698132505294305,1,1,18,Tuesday,2025-02,0,0,1,0,0,0,0,0,20,1,Alto,high_value
TX-0011400,2025-02-19 01:39:00,ACC-01434,Cartao,POS,591.68,SP,DEV-01434-A,1,Outros,MER-1118,1,Horario incomum,43,SP,6089.39,2328,184.9,Varejo,973.817619047619,3333.048671587177,211.37,-0.11465107674699737,1,1,1,Wednesday,2025-02,0,0,0,0,1,0,0,0,20,1,Alto,unusual_hour
TX-0038712,2025-02-20 02:59:00,ACC-02397,PIX,App,905.76,SP,DEV-02397-A,1,Servicos,MER-0423,1,Horario incomum,50,SP,2015.79,3893,283.05,Varejo,362.5022222222222,322.05748757116885,242.67000000000002,1.6868348004414204,1,1,2,Thursday,2025-02,0,0,0,0,1,0,0,0,20,1,Alto,unusual_hour
TX-0024607,2025-02-27 02:24:00,ACC-01840,Cartao,Carteira digital,413.47,SP,DEV-01840-A,1,Transporte,MER-0044,1,Horario incomum,58,SP,3966.07,648,129.21,Varejo,161.04352941176472,136.08895385652986,94.14,1.8548637742807024,1,1,2,Thursday,2025-02,0,0,0,0,1,0,0,0,20,1,Alto,unusual_hour
TX-0013080,2025-03-02 03:35:00,ACC-01874,PIX,App,641.09,SP,DEV-01874-A,1,Outros,MER-0986,1,Horario incomum,54,SP,1956.48,527,200.34,Digital,278.62111111111113,316.3845593374928,176.47,1.1456592244826878,1,2,3,Sunday,2025-03,0,0,0,0,1,0,0,0,20,1,Alto,unusual_hour
TX-0045645,2025-12-04 11:26:48,ACC-01533,PIX,Internet Banking,15500.0,SC,DEV-01533-A,1,Viagem,MER-1140,1,Valor atipico,32,SC,4542.18,3582,613.22,Empresarial,1939.0676,4132.928152646216,722.02,3.2811923893032726,1,1,11,Thursday,2025-12,0,0,1,0,0,0,0,0,20,1,Alto,high_value
TX-0009897,2025-12-05 02:16:00,ACC-00415,Cartao,Carteira digital,1273.34,SP,DEV-00415-A,1,Mercado,MER-0120,1,Horario incomum,24,SP,8951.92,3214,397.92,Varejo,421.0747826086956,408.54761280184584,322.65,2.0860854174288637,1,1,2,Friday,2025-12,0,0,0,0,1,0,0,0,20,1,Alto,unusual_hour
TX-0028648,2025-12-06 01:16:00,ACC-02375,Transferencia,App,1642.08,SP,DEV-02375-A,1,Servicos,MER-0757,1,Horario incomum,29,SP,7220.44,3237,513.15,Digital,757.4136842105263,459.89223973557745,591.65,1.9236382773019327,1,1,1,Saturday,2025-12,0,0,0,0,1,0,0,0,20,1,Alto,unusual_hour
TX-0049816,2025-12-06 03:48:00,ACC-01922,Transferencia,Internet Banking,210.14,SP,DEV-01922-A,1,Viagem,MER-0476,1,Horario incomum,64,SP,2216.5,549,65.67,Varejo,1060.039375,3851.1460185776195,69.635,-0.22068739302538873,1,1,3,Saturday,2025-12,0,0,0,0,1,0,0,0,20,1,Alto,unusual_hour
TX-0025982,2025-12-07 02:13:06,ACC-02186,PIX,Internet Banking,1914.4,MG,DEV-02186-A,1,Servicos,MER-0363,0,Normal,71,MG,12091.88,1063,701.55,Digital,723.7228,553.098886717074,613.76,2.1527383775210267,1,1,2,Sunday,2025-12,0,0,0,0,1,0,0,0,20,1,Alto,unusual_hour
TX-0034224,2025-12-07 13:00:00,ACC-01714,PIX,App,3500.0,MG,DEV-00012-A,1,Mercado,MER-0806,1,Fracionamento,50,MG,14820.02,4620,1930.7,Varejo,2249.837894736842,1642.048052130763,1677.15,0.761343191900454,2,4,13,Sunday,2025-12,0,0,0,0,0,0,0,1,20,1,Alto,structuring
TX-0019054,2025-02-23 01:50:24,ACC-00767,Transferencia,Internet Banking,1023.85,SP,DEV-00767-A,1,Mercado,MER-0776,0,Normal,51,SP,3073.67,4646,189.39,Varejo,263.7607142857143,255.27940012899546,177.95,2.977479911540862,1,1,1,Sunday,2025-02,0,0,0,0,1,0,0,0,20,1,Alto,unusual_hour
TX-0033642,2025-02-23 07:58:01,ACC-00593,PIX,Internet Banking,15500.0,MG,DEV-00593-A,1,Eletronicos,MER-0883,1,Valor atipico,23,MG,8153.3,4414,583.24,Varejo,1847.4089655172413,3933.256627715353,651.33,3.471065411364455,1,1,7,Sunday,2025-02,0,0,1,0,0,0,0,0,20,1,Alto,high_value
TX-0047736,2025-02-23 14:04:45,ACC-00047,PIX,Internet Banking,3700.94,SP,DEV-00047-A,1,Mercado,MER-0124,0,Normal,42,SP,15823.75,1243,2455.44,Digital,3120.8370588235293,2107.2494251979424,2546.99,0.27528916806892917,1,3,14,Sunday,2025-02,0,0,0,0,0,0,0,1,20,1,Alto,structuring
TX-0036192,2025-02-24 12:05:18,ACC-01361,Saque,ATM,15500.0,PR,DEV-01361-A,1,Viagem,MER-0425,1,Valor atipico,72,PR,5135.86,1829,147.59,Varejo,1414.726,4241.686316561885,148.85,3.320677897609569,1,1,12,Monday,2025-02,0,0,1,0,0,0,0,0,20,1,Alto,high_value
TX-0001655,2025-02-26 01:11:40,ACC-01158,Boleto,App,434.72,RS,DEV-01158-A,1,Mercado,MER-0099,0,Normal,47,RS,4101.68,3574,151.91,Varejo,765.0251851851853,2947.4069362268647,173.19,-0.1120663662439591,1,1,1,Wednesday,2025-02,0,0,0,0,1,0,0,0,20,1,Alto,unusual_hour
TX-0035931,2025-02-26 01:14:07,ACC-01858,Cartao,E-commerce,611.37,MG,DEV-01858-A,1,Viagem,MER-0814,0,Normal,66,MG,2221.97,1568,229.48,Alta renda,215.3011111111111,170.80409682677538,179.91500000000002,2.3188488815380732,1,1,1,Wednesday,2025-02,0,0,0,0,1,0,0,0,20,1,Alto,unusual_hour
TX-0042713,2025-02-26 16:34:39,ACC-02240,PIX,App,15500.0,SP,DEV-02240-A,1,Transporte,MER-0955,1,Valor atipico,70,SP,4586.14,3963,510.55,Varejo,2111.7154545454546,4467.386658574258,612.55,2.9968940610409,1,2,16,Wednesday,2025-02,0,0,1,0,0,0,0,0,20,1,Alto,high_value
TX-0019163,2025-02-26 18:56:28,ACC-00144,Transferencia,App,15500.0,MG,DEV-00144-A,1,Restaurante,MER-0161,1,Valor atipico,24,MG,4407.71,926,421.61,Varejo,1810.8374999999999,4234.109289660988,419.515,3.2330678221808604,1,1,18,Wednesday,2025-02,0,0,1,0,0,0,0,0,20,1,Alto,high_value
TX-0008250,2025-03-06 13:00:00,ACC-00672,PIX,App,3500.0,MG,DEV-01396-A,1,Eletronicos,MER-0875,1,Fracionamento,77,PE,1381.84,1472,43.0,Varejo,1179.6948275862069,3060.282404480976,56.83,0.758199690661332,2,4,13,Thursday,2025-03,1,0,0,0,0,0,0,1,20,1,Alto,structuring
TX-0033835,2025-03-07 10:28:42,ACC-01548,Boleto,Internet Banking,15500.0,SP,NEW-4854915,0,Outros,MER-0932,1,Valor atipico,76,SP,11341.57,668,980.67,Varejo,2366.841304347826,4453.5309233004855,964.15,2.9489317401930757,1,1,10,Friday,2025-03,0,0,1,0,0,0,0,0,20,1,Alto,high_value
TX-0049954,2025-03-07 17:50:13,ACC-01865,PIX,App,15500.0,MG,DEV-01865-A,1,Transporte,MER-0893,1,Valor atipico,40,MG,2045.53,4367,274.46,Digital,1581.1608333333334,4388.5538054278895,328.78999999999996,3.171623223452666,1,1,17,Friday,2025-03,0,0,1,0,0,0,0,0,20,1,Alto,high_value
TX-0026145,2025-03-08 03:51:00,ACC-00931,PIX,App,2177.06,RJ,NEW-7157695,0,Transporte,MER-0734,1,Horario incomum,68,RJ,4481.42,1217,680.33,Varejo,733.9,720.0555373818645,388.24,2.0042342917705445,1,1,3,Saturday,2025-03,0,0,0,0,1,0,0,0,20,1,Alto,unusual_hour
TX-0008891,2025-02-21 01:10:00,ACC-00121,Cartao,POS,4028.42,MG,DEV-00121-A,1,Eletronicos,MER-0580,1,Horario incomum,65,MG,7919.08,4308,1258.88,Varejo,1100.7108695652173,856.1438196615474,915.13,3.4196463995875965,1,1,1,Friday,2025-02,0,0,0,0,1,0,0,0,20,1,Alto,unusual_hour
TX-0009590,2025-02-21 01:41:10,ACC-00392,Cartao,Carteira digital,218.48,PR,DEV-00392-A,1,Mercado,MER-0563,0,Normal,22,PR,936.28,4639,42.18,Varejo,64.57444444444444,58.015340995720024,42.695,2.6528423846876925,1,1,1,Friday,2025-02,0,0,0,0,1,0,0,0,20,1,Alto,unusual_hour
TX-0031421,2025-02-21 02:32:00,ACC-00093,Boleto,Internet Banking,568.51,RJ,NEW-4176804,0,Servicos,MER-1063,1,Horario incomum,58,RJ,1183.92,3055,177.66,Digital,217.97608695652173,168.66035805561023,158.06,2.078342042460868,1,1,2,Friday,2025-02,0,0,0,0,1,0,0,0,20,1,Alto,unusual_hour
TX-0017969,2025-02-22 03:09:00,ACC-01308,PIX,Internet Banking,1561.86,SP,DEV-01308-A,1,Servicos,MER-0658,1,Horario incomum,68,SP,4391.93,3581,488.08,Alta renda,585.3657575757576,370.2473467496957,470.86,2.637410506777777,1,1,3,Saturday,2025-02,0,0,0,0,1,0,0,0,20,1,Alto,unusual_hour
TX-0018240,2025-02-02 00:01:00,ACC-01006,Cartao,POS,2566.56,DF,DEV-01006-A,1,Eletronicos,MER-0160,1,Horario incomum,74,DF,5120.84,3606,802.05,Varejo,1339.0264705882353,1761.393613129747,926.15,0.6969104010946261,1,2,0,Sunday,2025-02,0,0,0,0,1,0,0,0,20,1,Alto,unusual_hour
TX-0037084,2025-02-02 02:53:00,ACC-00768,Cartao,Carteira digital,625.63,PR,DEV-00768-A,1,Eletronicos,MER-1046,1,Horario incomum,73,PR,5451.85,4140,195.51,Varejo,218.18285714285713,146.96225917553807,189.77499999999998,2.772461073631635,1,1,2,Sunday,2025-02,0,0,0,0,1,0,0,0,20,1,Alto,unusual_hour
TX-0010421,2025-02-02 15:41:41,ACC-01305,Boleto,Internet Banking,15500.0,MG,DEV-01305-A,1,Mercado,MER-1177,1,Valor atipico,75,MG,6303.35,487,596.11,Alta renda,1887.098,4139.274714221281,660.48,3.2887167293415525,1,1,15,Sunday,2025-02,0,0,1,0,0,0,0,0,20,1,Alto,high_value
TX-0002771,2025-02-02 17:00:43,ACC-02372,Cartao,Carteira digital,15500.0,RJ,DEV-02372-A,1,Eletronicos,MER-0489,1,Valor atipico,23,RJ,9354.87,4026,1251.62,Varejo,3673.269411764706,6056.521454977757,1049.85,1.9527266065432818,1,1,17,Sunday,2025-02,0,0,1,0,0,0,0,0,20,1,Alto,high_value
TX-0027445,2025-02-02 17:33:29,ACC-02478,PIX,App,15500.0,SC,DEV-02478-A,1,Restaurante,MER-0150,1,Valor atipico,45,SC,3641.28,2343,136.83,Varejo,1653.2105,4736.412567774625,92.105,2.923476217889066,1,2,17,Sunday,2025-02,0,0,1,0,0,0,0,0,20,1,Alto,high_value
TX-0042613,2025-02-03 01:35:00,ACC-01092,Cartao,Carteira digital,1461.57,RS,DEV-01092-A,1,Mercado,MER-0168,1,Horario incomum,18,RS,4898.15,3343,456.74,Varejo,450.852,362.5568167684386,349.58000000000004,2.7877506455644316,1,1,1,Monday,2025-02,0,0,0,0,1,0,0,0,20,1,Alto,unusual_hour
TX-0016881,2025-02-04 01:37:00,ACC-01437,PIX,App,2578.82,SP,DEV-01437-A,1,Restaurante,MER-0332,1,Horario incomum,48,SP,5234.21,722,805.88,Varejo,1189.3642857142859,685.7730618183499,1000.65,2.026115914500238,1,1,1,Tuesday,2025-02,0,0,0,0,1,0,0,0,20,1,Alto,unusual_hour
TX-0030701,2025-02-04 02:49:00,ACC-00534,Cartao,E-commerce,1400.61,SC,DEV-00534-A,1,Restaurante,MER-0765,1,Horario incomum,38,SC,6061.98,4700,437.69,Alta renda,1128.2195454545456,3222.161618463572,407.685,0.08453655862096038,1,1,2,Tuesday,2025-02,0,0,0,0,1,0,0,0,20,1,Alto,unusual_hour
TX-0009335,2025-12-11 02:10:00,ACC-01706,Cartao,POS,2239.97,SP,DEV-01706-A,1,Outros,MER-1194,1,Horario incomum,24,SP,7709.92,2712,699.99,Varejo,793.6659999999999,703.2589581250693,594.075,2.0565738740903257,1,1,2,Thursday,2025-12,0,0,0,0,1,0,0,0,20,1,Alto,unusual_hour
TX-0005668,2025-12-12 02:42:00,ACC-01277,Saque,ATM,791.2,SP,DEV-01277-A,1,Transporte,MER-0544,1,Horario incomum,39,SP,2027.77,3609,247.25,Empresarial,321.2057142857143,282.3911560862243,258.84,1.664337836312336,1,1,2,Friday,2025-12,0,0,0,0,1,0,0,0,20,1,Alto,unusual_hour
TX-0020848,2025-12-12 03:45:00,ACC-00367,PIX,Internet Banking,1163.84,RJ,DEV-00367-A,1,Mercado,MER-0336,1,Horario incomum,28,RJ,2592.25,2896,363.7,Varejo,464.426875,273.6582775827973,393.745,2.5557901305886404,1,1,3,Friday,2025-12,0,0,0,0,1,0,0,0,20,1,Alto,unusual_hour
TX-0002479,2025-12-12 04:26:33,ACC-02139,PIX,Internet Banking,2022.2,RJ,DEV-02139-A,1,Servicos,MER-0146,0,Normal,50,RJ,3330.49,3110,441.21,Varejo,505.8069565217391,446.54405961414363,319.96,3.395841935034514,1,1,4,Friday,2025-12,0,0,0,0,1,0,0,0,20,1,Alto,unusual_hour
TX-0039226,2025-12-12 04:48:05,ACC-00812,Saque,ATM,423.68,RS,DEV-00812-A,1,Viagem,MER-0518,0,Normal,22,RS,3588.8,3570,100.55,Alta renda,752.3173076923077,3015.988500397915,91.685,-0.1089650400354474,1,1,4,Friday,2025-12,0,0,0,0,1,0,0,0,20,1,Alto,unusual_hour
TX-0026004,2025-12-13 01:20:00,ACC-00187,PIX,App,2454.18,MG,DEV-00187-A,1,Transporte,MER-0710,1,Horario incomum,19,MG,6254.3,1177,766.93,Empresarial,1491.3156521739131,3118.07741294481,678.05,0.3088006551180291,1,1,1,Saturday,2025-12,0,0,0,0,1,0,0,0,20,1,Alto,unusual_hour
TX-0002591,2025-12-14 02:29:29,ACC-00268,PIX,App,402.34,MG,DEV-00268-A,1,Mercado,MER-0870,0,Normal,62,MG,1677.73,1054,177.17,Digital,182.91,120.05744935932407,131.85,1.8277083277295054,1,1,2,Sunday,2025-12,0,0,0,0,1,0,0,0,20,1,Alto,unusual_hour
TX-0000427,2025-12-15 17:57:34,ACC-01870,Cartao,E-commerce,15500.0,PR,DEV-01870-A,1,Mercado,MER-0349,1,Valor atipico,44,PR,2872.46,552,347.44,Digital,2219.4903846153848,4166.1115542169355,427.265,3.1877470016236344,1,1,17,Monday,2025-12,0,0,1,0,0,0,0,0,20,1,Alto,high_value
TX-0040680,2025-02-08 00:14:00,ACC-02088,Cartao,POS,4427.49,SC,DEV-02088-A,1,Viagem,MER-0712,1,Horario incomum,44,SC,9666.26,2021,1383.59,Digital,1698.757894736842,1118.2869550720022,1495.5,2.4401000949594955,1,1,0,Saturday,2025-02,0,0,0,0,1,0,0,0,20,1,Alto,unusual_hour
TX-0042423,2025-02-08 01:05:03,ACC-00868,PIX,App,875.31,SP,DEV-00868-A,1,Mercado,MER-0320,0,Normal,60,SP,11466.19,875,395.34,Varejo,454.5438888888889,334.0758556893556,297.27,1.2594927288081705,1,1,1,Saturday,2025-02,0,0,0,0,1,0,0,0,20,1,Alto,unusual_hour
TX-0037651,2025-02-08 13:21:40,ACC-01042,PIX,App,15500.0,SP,DEV-01042-A,1,Servicos,MER-0730,1,Valor atipico,46,SP,6758.22,2811,287.99,Varejo,1939.172105263158,4781.427919161782,306.11,2.836146047583658,1,1,13,Saturday,2025-02,0,0,1,0,0,0,0,0,20,1,Alto,high_value
TX-0047522,2025-02-09 00:45:00,ACC-00756,Cartao,Carteira digital,1588.07,PR,DEV-00756-A,1,Servicos,MER-1033,1,Horario incomum,29,PR,3277.58,3205,451.59,Empresarial,510.97115384615387,366.2601498206096,412.095,2.940802723641646,1,1,0,Sunday,2025-02,0,0,0,0,1,0,0,0,20,1,Alto,unusual_hour
TX-0032933,2025-02-09 03:56:51,ACC-01189,Cartao,POS,1088.94,MG,DEV-01189-A,1,Eletronicos,MER-1071,0,Normal,32,MG,3731.08,3288,514.44,Empresarial,523.547,288.52645025333373,432.35,1.95958810536632,1,1,3,Sunday,2025-02,0,0,0,0,1,0,0,0,20,1,Alto,unusual_hour
TX-0008693,2025-02-10 02:09:00,ACC-02381,Cartao,E-commerce,1495.07,SC,NEW-6720855,0,Transporte,MER-0492,1,Horario incomum,36,SC,4602.87,2523,467.21,Digital,551.4890909090909,435.824869511652,429.315,2.16504604280202,1,1,2,Monday,2025-02,0,0,0,0,1,0,0,0,20,1,Alto,unusual_hour
TX-0038651,2025-02-10 04:30:00,ACC-00978,PIX,Internet Banking,1428.06,SP,DEV-00978-A,1,Outros,MER-1150,1,Horario incomum,53,SP,4306.17,3261,446.27,Alta renda,568.580625,532.6564617395687,403.935,1.6135716671737748,1,1,4,Monday,2025-02,0,0,0,0,1,0,0,0,20,1,Alto,unusual_hour
TX-0027948,2025-02-11 01:40:00,ACC-00418,Cartao,E-commerce,1804.35,RJ,DEV-00418-A,1,Servicos,MER-1200,1,Horario incomum,64,RJ,5960.18,1182,563.86,Varejo,723.0668181818181,565.0402147625581,504.28999999999996,1.9136393367551012,1,1,1,Tuesday,2025-02,0,0,0,0,1,0,0,0,20,1,Alto,unusual_hour
TX-0005167,2025-02-20 04:34:00,ACC-00861,Cartao,POS,178.56,GO,DEV-00861-A,1,Eletronicos,MER-0932,1,Horario incomum,50,GO,996.97,1498,55.8,Empresarial,66.96894736842106,41.52855963667746,64.89,2.6870918136304263,1,1,4,Thursday,2025-02,0,0,0,0,1,0,0,0,20,1,Alto,unusual_hour
TX-0033656,2025-02-20 12:35:19,ACC-01156,PIX,App,15500.0,SP,DEV-01156-A,1,Eletronicos,MER-0606,1,Valor atipico,18,SP,4168.33,1858,457.63,Digital,1602.4723076923076,4184.445069765631,344.55,3.3212355427301827,1,1,12,Thursday,2025-02,0,0,1,0,0,0,0,0,20,1,Alto,high_value
TX-0041196,2025-02-12 06:35:06,ACC-00328,Transferencia,Internet Banking,15500.0,PR,DEV-00328-A,1,Outros,MER-0606,1,Valor atipico,36,GO,3410.45,3960,540.6,Varejo,3584.2813333333334,6178.206981028287,678.37,1.9286693863214406,1,1,6,Wednesday,2025-02,1,0,1,0,0,0,0,0,20,1,Alto,high_value
TX-0042038,2025-02-13 00:24:00,ACC-00372,Cartao,Carteira digital,669.5,SC,DEV-00372-A,1,Mercado,MER-0126,1,Horario incomum,46,SC,2886.16,3763,209.22,Varejo,283.8342105263158,206.2312510081769,188.51,1.8700647335858562,1,1,0,Thursday,2025-02,0,0,0,0,1,0,0,0,20,1,Alto,unusual_hour
TX-0024351,2025-02-13 01:58:30,ACC-00919,Boleto,App,722.59,BA,DEV-00919-A,1,Eletronicos,MER-1185,0,Normal,23,BA,3140.7,3548,230.92,Alta renda,1044.9885,3409.6213021702897,226.52999999999997,-0.09455551553329017,1,1,1,Thursday,2025-02,0,0,0,0,1,0,0,0,20,1,Alto,unusual_hour
TX-0012179,2025-02-13 04:09:00,ACC-01195,Cartao,Carteira digital,1462.4,MG,DEV-01195-A,1,Transporte,MER-0235,1,Horario incomum,63,MG,2940.65,1220,457.0,Varejo,399.9347368421053,351.9875802002177,291.03,3.018473727264874,1,1,4,Thursday,2025-02,0,0,0,0,1,0,0,0,20,1,Alto,unusual_hour
TX-0042457,2025-02-15 02:36:00,ACC-01603,Boleto,Internet Banking,6262.53,PR,DEV-01603-A,1,Mercado,MER-0527,1,Horario incomum,62,DF,13699.63,755,1957.04,Varejo,2256.654285714286,1766.7308231379545,1880.6,2.2673944790133524,1,1,2,Saturday,2025-02,1,0,0,0,1,0,0,0,20,1,Alto,unusual_hour
TX-0036902,2025-02-06 01:46:00,ACC-02030,PIX,App,661.5,PE,DEV-02030-A,1,Mercado,MER-0524,1,Horario incomum,35,PE,4390.84,4886,206.72,Varejo,221.39454545454547,163.46657412004893,164.24,2.692326898722693,1,1,1,Thursday,2025-02,0,0,0,0,1,0,0,0,20,1,Alto,unusual_hour
TX-0029243,2025-12-24 04:30:00,ACC-01061,PIX,App,944.83,PE,DEV-01061-A,1,Servicos,MER-0452,1,Horario incomum,74,PE,9792.23,4699,295.26,Digital,377.34055555555557,308.02398131375924,305.525,1.8423547479129185,1,1,4,Wednesday,2025-12,0,0,0,0,1,0,0,0,20,1,Alto,unusual_hour
TX-0034590,2025-12-25 02:40:00,ACC-00130,PIX,App,714.11,BA,DEV-00130-A,1,Servicos,MER-0187,1,Horario incomum,33,BA,1921.36,3564,223.16,Varejo,260.13,193.06806151660035,193.08,2.351398757691292,1,1,2,Thursday,2025-12,0,0,0,0,1,0,0,0,20,1,Alto,unusual_hour
TX-0035205,2025-12-25 12:30:59,ACC-01469,Transferencia,Internet Banking,15500.0,RJ,DEV-01469-A,1,Transporte,MER-1036,1,Valor atipico,58,RJ,5626.66,162,297.03,Varejo,1615.198695652174,4385.990869413147,251.62,3.1657159619681643,1,1,12,Thursday,2025-12,0,0,1,0,0,0,0,0,20,1,Alto,high_value
TX-0030000,2025-12-26 02:22:00,ACC-00817,Boleto,Internet Banking,917.66,RJ,DEV-00817-A,1,Restaurante,MER-0351,1,Horario incomum,18,RJ,5315.53,3171,286.77,Varejo,315.23761904761903,225.75103716051368,233.53,2.6685254186630654,1,1,2,Friday,2025-12,0,0,0,0,1,0,0,0,20,1,Alto,unusual_hour
TX-0015907,2025-12-26 03:00:00,ACC-02159,PIX,App,1167.33,SP,NEW-9545607,0,Eletronicos,MER-0978,1,Horario incomum,36,SP,5339.41,3091,364.79,Alta renda,400.4105,313.97245956117666,306.615,2.4426330292532166,1,1,3,Friday,2025-12,0,0,0,0,1,0,0,0,20,1,Alto,unusual_hour
TX-0049004,2025-12-26 04:34:00,ACC-01862,Transferencia,App,1562.4,SC,DEV-01862-A,1,Servicos,MER-1159,1,Horario incomum,36,SC,3579.02,4035,488.25,Digital,577.0904761904761,308.5179702622878,536.29,3.1936860046494506,1,1,4,Friday,2025-12,0,0,0,0,1,0,0,0,20,1,Alto,unusual_hour
TX-0043299,2025-12-27 01:40:00,ACC-01900,Saque,ATM,614.02,RS,DEV-01900-A,1,Outros,MER-0825,1,Horario incomum,64,RS,5858.93,2307,191.88,Alta renda,256.18896551724134,216.37524852415913,204.56,1.6537521593779032,1,1,1,Saturday,2025-12,0,0,0,0,1,0,0,0,20,1,Alto,unusual_hour
TX-0027168,2025-01-02 19:03:48,ACC-00311,PIX,App,15500.0,SP,DEV-00311-A,1,Eletronicos,MER-1183,1,Valor atipico,37,SP,3202.06,918,223.4,Varejo,2146.0412499999998,5158.749417966329,177.935,2.588603878198133,1,2,19,Thursday,2025-01,0,0,1,0,0,0,0,0,20,1,Alto,high_value
TX-0010003,2025-01-09 17:02:27,ACC-02092,PIX,Internet Banking,15500.0,DF,DEV-02092-A,1,Viagem,MER-0684,1,Valor atipico,31,DF,1788.54,4065,121.74,Empresarial,1396.3391666666666,4344.5852722529835,106.43,3.2462617141864865,1,1,17,Thursday,2025-01,0,0,1,0,0,0,0,0,20,1,Alto,high_value
TX-0023439,2025-01-10 02:12:50,ACC-02352,PIX,App,3408.94,SP,NEW-2415035,0,Viagem,MER-1122,0,Normal,55,SP,9691.89,1884,1194.06,Digital,2499.0547368421053,4689.505404738411,1054.59,0.19402584806459985,1,1,2,Friday,2025-01,0,0,0,0,1,0,0,0,20,1,Alto,unusual_hour
TX-0007882,2025-01-11 04:32:00,ACC-02240,Boleto,App,1633.76,SP,DEV-02240-A,1,Viagem,MER-0543,1,Horario incomum,70,SP,4586.14,3963,510.55,Varejo,2111.7154545454546,4467.386658574258,612.55,-0.10698770692438596,1,1,4,Saturday,2025-01,0,0,0,0,1,0,0,0,20,1,Alto,unusual_hour
TX-0019925,2025-01-11 18:54:51,ACC-02083,Boleto,Internet Banking,15500.0,SP,DEV-02083-A,1,Eletronicos,MER-0817,1,Valor atipico,56,SP,6489.45,560,464.24,Varejo,1933.6257142857144,4521.215639833575,476.35,3.0006032373659717,1,1,18,Saturday,2025-01,0,0,1,0,0,0,0,0,20,1,Alto,high_value
TX-0042504,2025-01-12 01:33:00,ACC-00206,PIX,Internet Banking,3545.18,GO,DEV-00206-A,1,Viagem,MER-0387,1,Horario incomum,75,GO,7003.16,3709,1107.87,Digital,1245.0073684210527,829.0764112743643,986.2,2.7743795388453725,1,1,1,Sunday,2025-01,0,0,0,0,1,0,0,0,20,1,Alto,unusual_hour
TX-0000434,2025-12-22 12:00:00,ACC-00214,PIX,App,3500.0,RJ,DEV-00081-A,1,Viagem,MER-0749,1,Fracionamento,48,PR,1903.15,930,57.16,Alta renda,858.5592,1616.6736234753755,81.12,1.6338738763620542,2,3,12,Monday,2025-12,1,0,0,0,0,0,0,1,20,1,Alto,structuring
TX-0009462,2025-12-22 14:00:00,ACC-00214,PIX,App,4500.0,PR,NEW-3410859,0,Viagem,MER-0633,1,Fracionamento,48,PR,1903.15,930,57.16,Alta renda,858.5592,1616.6736234753755,81.12,2.2524279156432123,2,5,14,Monday,2025-12,0,0,0,0,0,0,0,1,20,1,Alto,structuring
TX-0040867,2025-12-23 01:16:00,ACC-02475,PIX,App,722.56,SP,DEV-02475-A,1,Viagem,MER-0908,1,Horario incomum,77,SP,3120.41,4030,225.8,Alta renda,283.1245833333333,195.30572731376307,238.07,2.249987354240276,1,1,1,Tuesday,2025-12,0,0,0,0,1,0,0,0,20,1,Alto,unusual_hour
TX-0025272,2025-01-13 16:49:52,ACC-00828,PIX,Internet Banking,15500.0,SP,DEV-00828-A,1,Viagem,MER-0185,1,Valor atipico,58,SP,1942.92,4694,67.68,Alta renda,1342.2925,4458.725352760331,47.144999999999996,3.1752813595560836,1,1,16,Monday,2025-01,0,0,1,0,0,0,0,0,20,1,Alto,high_value
TX-0020606,2025-01-15 01:53:00,ACC-01266,Boleto,App,930.62,PR,DEV-01266-A,1,Restaurante,MER-0090,1,Horario incomum,52,PR,2634.33,4868,290.82,Varejo,284.90076923076924,240.98040869406574,197.68,2.679550733059786,1,1,1,Wednesday,2025-01,0,0,0,0,1,0,0,0,20,1,Alto,unusual_hour
TX-0042032,2025-01-16 01:37:00,ACC-01234,PIX,App,331.17,RJ,DEV-01234-A,1,Mercado,MER-0803,1,Horario incomum,25,RJ,3356.43,280,103.49,Digital,137.97655172413795,108.74401426140534,89.62,1.7765892641359748,1,2,1,Thursday,2025-01,0,0,0,0,1,0,0,0,20,1,Alto,unusual_hour
TX-0009589,2025-01-16 01:40:44,ACC-02440,PIX,App,331.88,RJ,DEV-02440-A,1,Outros,MER-0432,0,Normal,44,RJ,939.66,2073,124.34,Digital,92.81384615384614,70.43439978175,72.22999999999999,3.3941675457863045,1,1,1,Thursday,2025-01,0,0,0,0,1,0,0,0,20,1,Alto,unusual_hour
TX-0048748,2025-01-16 04:38:00,ACC-00033,PIX,Internet Banking,968.26,PR,DEV-00033-A,1,Eletronicos,MER-1021,1,Horario incomum,37,PR,6581.71,2342,302.58,Varejo,409.1947619047619,282.1744675483423,356.74,1.9812750705357802,1,1,4,Thursday,2025-01,0,0,0,0,1,0,0,0,20,1,Alto,unusual_hour
TX-0048329,2025-01-06 17:56:08,ACC-02340,Cartao,E-commerce,16218.81,SP,DEV-02340-A,1,Outros,MER-0579,1,Valor atipico,57,SP,7708.02,1621,910.95,Varejo,2200.5184999999997,4689.782482157382,563.035,2.989113365776261,1,1,17,Monday,2025-01,0,0,1,0,0,0,0,0,20,1,Alto,high_value
TX-0020567,2025-01-07 02:29:18,ACC-01940,Cartao,Carteira digital,613.54,RJ,DEV-01940-A,1,Mercado,MER-1146,0,Normal,68,RJ,6802.75,3674,267.13,Empresarial,313.76863636363635,240.35750779868476,240.83999999999997,1.2471895152426105,1,1,2,Tuesday,2025-01,0,0,0,0,1,0,0,0,20,1,Alto,unusual_hour
TX-0005169,2025-01-09 14:48:47,ACC-02164,PIX,App,15500.0,SP,DEV-02164-A,1,Mercado,MER-0684,1,Valor atipico,70,SP,6843.5,347,587.71,Varejo,2201.914117647059,5013.076480785102,362.57,2.652679633618978,1,1,14,Thursday,2025-01,0,0,1,0,0,0,0,0,20,1,Alto,high_value
TX-0038150,2025-01-17 03:56:00,ACC-01236,PIX,Internet Banking,322.02,GO,DEV-01236-A,1,Servicos,MER-0452,1,Horario incomum,43,GO,1932.0,2685,100.63,Varejo,807.1725925925925,1440.9361823443721,119.65,-0.33669262978965503,1,1,3,Friday,2025-01,0,0,0,0,1,0,0,0,20,1,Alto,unusual_hour
TX-0021365,2025-01-20 02:34:00,ACC-02026,Cartao,E-commerce,1970.4,SC,DEV-02026-A,1,Outros,MER-0245,1,Horario incomum,53,RJ,4464.66,1597,615.75,Digital,799.9962962962964,706.0083557641735,449.29,1.6577759939354757,1,1,2,Monday,2025-01,1,0,0,0,1,0,0,0,20,1,Alto,unusual_hour
TX-0034092,2025-01-21 01:50:10,ACC-00136,Transferencia,App,1129.19,MG,DEV-00136-A,1,Mercado,MER-1096,0,Normal,50,MG,15052.2,4772,760.38,Varejo,665.206,606.5534618724666,441.86,0.7649515321661076,1,1,1,Tuesday,2025-01,0,0,0,0,1,0,0,0,20,1,Alto,unusual_hour
TX-0021839,2025-01-21 04:04:00,ACC-02203,Cartao,Carteira digital,462.1,SP,DEV-02203-A,1,Restaurante,MER-1074,1,Horario incomum,57,SP,914.64,151,113.58,Varejo,745.4671875,1395.1650998271512,140.985,-0.20310656246712788,1,1,4,Tuesday,2025-01,0,0,0,0,1,0,0,0,20,1,Alto,unusual_hour
TX-0006204,2025-01-22 02:23:00,ACC-01367,PIX,App,1346.56,MG,DEV-01367-A,1,Viagem,MER-0808,1,Horario incomum,69,MG,2855.51,3939,420.8,Empresarial,467.36375,318.3773134507368,396.925,2.761491516059419,1,1,2,Wednesday,2025-01,0,0,0,0,1,0,0,0,20,1,Alto,unusual_hour
TX-0037283,2025-01-12 15:54:14,ACC-02164,Saque,ATM,15500.0,SP,DEV-02164-A,1,Transporte,MER-0761,1,Valor atipico,70,SP,6843.5,347,587.71,Varejo,2201.914117647059,5013.076480785102,362.57,2.652679633618978,1,1,15,Sunday,2025-01,0,0,1,0,0,0,0,0,20,1,Alto,high_value
TX-0048324,2025-01-13 01:53:00,ACC-00371,Boleto,App,999.84,SP,DEV-00371-A,1,Restaurante,MER-0591,1,Horario incomum,45,PR,2219.74,340,312.45,Digital,1175.5535,3387.29926220266,336.20500000000004,-0.05187421789409262,1,1,1,Monday,2025-01,1,0,0,0,1,0,0,0,20,1,Alto,unusual_hour
TX-0008179,2025-01-13 13:00:00,ACC-02099,PIX,App,4500.0,PR,DEV-01988-A,1,Servicos,MER-0133,1,Fracionamento,61,SC,4836.85,120,235.12,Alta renda,970.5554838709678,1437.5361251433849,270.68,2.455204049760484,2,4,13,Monday,2025-01,1,0,0,0,0,0,0,1,20,1,Alto,structuring
TX-0017826,2025-09-12 04:58:00,ACC-00690,PIX,App,1728.29,PE,DEV-00690-A,1,Viagem,MER-0257,1,Horario incomum,75,PE,5319.28,475,540.09,Digital,1529.9416666666666,3520.96686126753,587.96,0.05633348484908176,1,1,4,Friday,2025-09,0,0,0,0,1,0,0,0,20,1,Alto,unusual_hour
TX-0037604,2025-09-12 15:49:25,ACC-01533,Boleto,App,15500.0,SC,DEV-01533-A,1,Restaurante,MER-1047,1,Valor atipico,32,SC,4542.18,3582,613.22,Empresarial,1939.0676,4132.928152646216,722.02,3.2811923893032726,1,1,15,Friday,2025-09,0,0,1,0,0,0,0,0,20,1,Alto,high_value
TX-0030776,2025-09-13 04:56:00,ACC-02469,Boleto,App,569.79,SC,DEV-02469-A,1,Restaurante,MER-0136,1,Horario incomum,39,SC,5109.68,735,178.06,Alta renda,213.4138888888889,172.9768508530715,170.345,2.0602532035562433,1,2,4,Saturday,2025-09,0,0,0,0,1,0,0,0,20,1,Alto,unusual_hour
TX-0031962,2025-09-04 14:00:00,ACC-00468,PIX,App,3500.0,SP,DEV-00112-A,1,Servicos,MER-0505,1,Fracionamento,49,PR,849.46,753,35.0,Digital,1605.919375,3900.3960371248136,51.375,0.48561238576076143,2,5,14,Thursday,2025-09,1,0,0,0,0,0,0,1,20,1,Alto,structuring
TX-0038956,2025-09-04 16:47:23,ACC-01394,Cartao,E-commerce,19224.26,BA,DEV-01394-A,1,Servicos,MER-1166,1,Valor atipico,41,BA,16856.61,3214,1249.39,Varejo,2942.848,5250.06423773893,832.7750000000001,3.1011833879983133,1,1,16,Thursday,2025-09,0,0,1,0,0,0,0,0,20,1,Alto,high_value
TX-0022193,2025-09-05 01:07:00,ACC-01609,Cartao,E-commerce,193.06,PR,DEV-01609-A,1,Restaurante,MER-0679,1,Horario incomum,34,PR,871.7,4677,60.33,Varejo,79.2925,62.78962520459358,48.36,1.8118837248876742,1,1,1,Friday,2025-09,0,0,0,0,1,0,0,0,20,1,Alto,unusual_hour
TX-0033586,2025-09-05 02:13:09,ACC-01574,Cartao,E-commerce,716.57,MG,DEV-01574-A,1,Outros,MER-1039,0,Normal,57,MG,4109.86,686,421.55,Alta renda,418.82076923076926,280.11835499961853,248.63,1.0629408086079768,1,1,2,Friday,2025-09,0,0,0,0,1,0,0,0,20,1,Alto,unusual_hour
TX-0000801,2025-09-05 04:06:00,ACC-01508,Boleto,App,1559.62,RS,DEV-01508-A,1,Transporte,MER-0888,1,Horario incomum,24,MG,3286.16,1430,487.38,Alta renda,534.4100000000001,450.12733198507283,375.615,2.277599974831117,1,1,4,Friday,2025-09,1,0,0,0,1,0,0,0,20,1,Alto,unusual_hour
TX-0013783,2025-09-10 12:02:25,ACC-00082,Boleto,Internet Banking,15500.0,SP,DEV-00082-A,1,Viagem,MER-0423,1,Valor atipico,61,GO,2398.5,2118,191.61,Varejo,2022.4317647058822,5075.159148267219,190.71,2.6555951924967087,1,1,12,Wednesday,2025-09,1,0,1,0,0,0,0,0,20,1,Alto,high_value
TX-0028971,2025-09-11 00:14:00,ACC-00210,Transferencia,Internet Banking,1572.35,MG,DEV-00210-A,1,Mercado,MER-0632,1,Horario incomum,38,MG,4099.05,621,491.36,Digital,562.2080000000001,417.87646050682764,422.67,2.4173220926941763,1,1,0,Thursday,2025-09,0,0,0,0,1,0,0,0,20,1,Alto,unusual_hour
TX-0025329,2025-09-11 01:23:37,ACC-00940,Saque,ATM,173.25,MG,DEV-00940-A,1,Restaurante,MER-0700,0,Normal,53,MG,1260.93,3754,60.37,Alta renda,66.07958333333333,52.75333457246558,43.019999999999996,2.0315382437000276,1,1,1,Thursday,2025-09,0,0,0,0,1,0,0,0,20,1,Alto,unusual_hour
TX-0024397,2025-09-11 03:29:03,ACC-00661,PIX,Internet Banking,474.34,PE,DEV-00661-A,1,Transporte,MER-0283,0,Normal,28,PE,2467.08,1758,163.66,Varejo,171.985,142.70122609997009,127.38499999999999,2.118797492238669,1,1,3,Thursday,2025-09,0,0,0,0,1,0,0,0,20,1,Alto,unusual_hour
TX-0015199,2025-09-11 12:00:00,ACC-00899,PIX,App,3500.0,GO,DEV-01837-A,1,Outros,MER-0413,1,Fracionamento,54,SP,9477.36,4585,447.39,Varejo,1357.3363636363638,1553.2081276400468,604.575,1.3795083854082142,2,3,12,Thursday,2025-09,1,0,0,0,0,0,0,1,20,1,Alto,structuring
TX-0015584,2025-09-11 13:00:00,ACC-00899,PIX,App,4500.0,BA,DEV-02293-A,1,Outros,MER-0678,1,Fracionamento,54,SP,9477.36,4585,447.39,Varejo,1357.3363636363638,1553.2081276400468,604.575,2.0233371049497513,2,4,13,Thursday,2025-09,1,0,0,0,0,0,0,1,20,1,Alto,structuring
TX-0038817,2025-09-12 03:59:00,ACC-01239,Cartao,E-commerce,2011.68,SP,DEV-01239-A,1,Servicos,MER-0639,1,Horario incomum,75,SP,5708.96,4773,628.65,Empresarial,838.4580000000001,650.267427986363,705.12,1.8042146192575463,1,1,3,Friday,2025-09,0,0,0,0,1,0,0,0,20,1,Alto,unusual_hour
TX-0020764,2025-09-12 04:14:07,ACC-00578,Saque,ATM,1131.27,MG,DEV-00578-A,1,Eletronicos,MER-0559,0,Normal,33,MG,3728.03,451,340.15,Varejo,416.4788461538462,255.73503003424347,345.20500000000004,2.795045926052609,1,2,4,Friday,2025-09,0,0,0,0,1,0,0,0,20,1,Alto,unusual_hour
TX-0013088,2025-12-29 01:02:00,ACC-01678,Boleto,Internet Banking,2095.62,PR,DEV-01678-A,1,Mercado,MER-0459,1,Horario incomum,57,PR,4140.61,2281,654.88,Varejo,1208.891052631579,1722.1287644427325,564.29,0.5149028142825078,1,1,1,Monday,2025-12,0,0,0,0,1,0,0,0,20,1,Alto,unusual_hour
TX-0001740,2025-12-29 03:01:00,ACC-01045,Cartao,POS,2468.8,SP,DEV-01045-A,1,Viagem,MER-0789,1,Horario incomum,60,SP,7276.99,2594,771.5,Varejo,1783.8552941176472,3613.1221771916285,770.85,0.18957142113991285,1,1,3,Monday,2025-12,0,0,0,0,1,0,0,0,20,1,Alto,unusual_hour
TX-0027129,2025-12-29 16:51:14,ACC-02246,Cartao,E-commerce,15500.0,PE,DEV-02246-A,1,Outros,MER-0660,1,Valor atipico,21,PE,1679.49,3092,197.01,Alta renda,2324.5004545454544,5360.406810832887,225.595,2.4579290360627257,1,1,16,Monday,2025-12,0,0,1,0,0,0,0,0,20,1,Alto,high_value
TX-0046982,2025-12-31 04:34:00,ACC-00291,Transferencia,App,698.62,SP,DEV-00291-A,1,Transporte,MER-1121,1,Horario incomum,69,SP,4601.42,2887,218.32,Digital,1320.8200000000002,1810.8790717737713,259.265,-0.3435900329835664,1,1,4,Wednesday,2025-12,0,0,0,0,1,0,0,0,20,1,Alto,unusual_hour
TX-0048199,2025-01-01 01:45:00,ACC-01527,PIX,Internet Banking,1181.44,RS,DEV-01527-A,1,Eletronicos,MER-0029,1,Horario incomum,55,PR,4926.17,1533,369.2,Empresarial,1058.3795454545455,3234.578832970343,335.58000000000004,0.038045279122922805,1,1,1,Wednesday,2025-01,1,0,0,0,1,0,0,0,20,1,Alto,unusual_hour
TX-0022042,2025-09-10 02:23:00,ACC-01378,PIX,App,2352.86,PR,DEV-01378-A,1,Mercado,MER-1005,1,Horario incomum,34,SP,9538.41,4682,735.27,Varejo,1858.8704761904762,3248.7105900610422,775.1,0.15205710392326513,1,1,2,Wednesday,2025-09,1,0,0,0,1,0,0,0,20,1,Alto,unusual_hour
TX-0025043,2025-09-10 04:13:00,ACC-01232,PIX,Internet Banking,2836.96,PR,DEV-01232-A,1,Eletronicos,MER-1105,1,Horario incomum,44,PR,8793.45,3084,886.55,Varejo,1242.4157142857143,872.7504850820704,885.855,1.827033399545278,1,1,4,Wednesday,2025-09,0,0,0,0,1,0,0,0,20,1,Alto,unusual_hour
TX-0006261,2025-09-10 12:00:00,ACC-00730,PIX,App,4500.0,MG,DEV-00680-A,1,Restaurante,MER-1194,1,Fracionamento,28,RJ,2416.11,3608,237.81,Varejo,894.9945161290321,1410.0895680696758,266.69,2.5565790751902338,2,3,12,Wednesday,2025-09,1,0,0,0,0,0,0,1,20,1,Alto,structuring
TX-0028891,2025-01-03 18:19:07,ACC-02409,Saque,ATM,15500.0,BA,DEV-02409-A,1,Outros,MER-1054,1,Valor atipico,54,BA,3571.07,1255,467.14,Alta renda,1900.2233333333334,4541.313160353878,487.99,2.994679333148414,1,1,18,Friday,2025-01,0,0,1,0,0,0,0,0,20,1,Alto,high_value
TX-0044927,2025-01-05 01:20:53,ACC-01453,PIX,App,1105.87,BA,DEV-01453-A,1,Servicos,MER-0522,0,Normal,63,BA,7311.33,2709,412.17,Digital,486.1654545454545,351.2552923136604,371.375,1.7642568212215515,1,1,1,Sunday,2025-01,0,0,0,0,1,0,0,0,20,1,Alto,unusual_hour
TX-0037305,2025-01-06 04:09:08,ACC-01595,Cartao,POS,738.96,SP,DEV-01595-A,1,Transporte,MER-0464,0,Normal,56,SP,3746.46,3343,360.71,Varejo,338.7462962962963,245.2341814728894,225.8,1.6319654189314035,1,1,4,Monday,2025-01,0,0,0,0,1,0,0,0,20,1,Alto,unusual_hour
TX-0018055,2025-01-06 04:50:27,ACC-01349,Transferencia,Internet Banking,900.42,PR,DEV-01349-A,1,Outros,MER-0540,0,Normal,70,PR,3750.85,1474,465.27,Varejo,475.9203703703704,283.93468607683326,357.22,1.495060837740547,1,2,4,Monday,2025-01,0,0,0,0,1,0,0,0,20,1,Alto,unusual_hour
TX-0034443,2025-12-27 03:01:00,ACC-01449,Cartao,Carteira digital,228.13,PR,DEV-01449-A,1,Restaurante,MER-0470,1,Horario incomum,43,PR,1613.52,1517,71.29,Empresarial,85.48949999999999,60.04874182257014,79.855,2.3754119681885926,1,1,3,Saturday,2025-12,0,0,0,0,1,0,0,0,20,1,Alto,unusual_hour
TX-0046531,2025-12-28 01:55:33,ACC-02480,Cartao,Carteira digital,1140.94,BA,DEV-02480-A,1,Outros,MER-0289,0,Normal,37,BA,2321.75,1637,342.27,Empresarial,514.7966666666666,572.9356900743045,317.885,1.0928684391299281,1,1,1,Sunday,2025-12,0,0,0,0,1,0,0,0,20,1,Alto,unusual_hour
TX-0012251,2025-12-28 04:03:00,ACC-02211,PIX,Internet Banking,2921.86,SP,DEV-02211-A,1,Eletronicos,MER-0308,1,Horario incomum,55,SP,8431.36,422,913.08,Alta renda,1060.1152631578946,775.5832796416187,760.0,2.4004446533483548,1,1,4,Sunday,2025-12,0,0,0,0,1,0,0,0,20,1,Alto,unusual_hour
TX-0006071,2025-12-28 12:00:00,ACC-00805,PIX,App,4500.0,SP,DEV-00937-A,1,Transporte,MER-0500,1,Fracionamento,74,BA,5899.23,1664,465.71,Alta renda,1464.1563636363637,2832.3127937626105,422.73,1.0718602984279302,2,3,12,Sunday,2025-12,1,0,0,0,0,0,0,1,20,1,Alto,structuring
