account_id,customer_age,home_state,monthly_income,account_age_days,typical_amount,customer_segment
ACC-00001,75,RJ,2285.8,3887,206.99,Varejo
ACC-00002,70,MG,4475.49,94,164.93,Alta renda
ACC-00003,52,PR,1115.87,3883,135.89,Varejo
ACC-00004,72,SP,9482.96,3025,1408.01,Varejo
ACC-00005,36,SP,5795.82,2771,854.19,Empresarial
ACC-00006,50,SP,3165.83,437,330.9,Digital
ACC-00007,58,PR,3125.14,4996,167.6,Varejo
ACC-00008,76,BA,4663.37,3717,121.96,Digital
ACC-00009,40,SP,3216.41,4444,316.64,Varejo
ACC-00010,37,RS,3304.89,533,193.12,Empresarial
ACC-00011,48,SP,6112.21,3043,391.21,Digital
ACC-00012,54,MG,5348.43,592,613.95,Varejo
ACC-00013,40,SC,3671.36,1302,152.7,Varejo
ACC-00014,35,PR,3620.76,4564,384.7,Varejo
ACC-00015,25,BA,4249.67,1912,534.41,Varejo
ACC-00016,21,SP,2568.01,3265,76.14,Empresarial
ACC-00017,23,RJ,2944.11,2535,296.4,Varejo
ACC-00018,23,PE,5466.36,2541,669.17,Varejo
ACC-00019,41,SP,3516.38,56,293.54,Digital
ACC-00020,18,BA,1566.54,2813,102.92,Varejo
ACC-00021,66,SP,2806.71,3459,129.46,Alta renda
ACC-00022,23,MG,5865.27,1573,903.13,Digital
ACC-00023,77,MG,3291.23,75,263.24,Varejo
ACC-00024,77,RJ,3474.91,1919,178.49,Varejo
ACC-00025,75,PR,5809.17,1063,185.07,Digital
ACC-00026,23,SP,12531.45,3625,710.07,Varejo
ACC-00027,24,SP,2407.7,1808,329.46,Varejo
ACC-00028,70,RS,9194.26,1781,459.78,Digital
ACC-00029,73,SP,1720.71,3207,198.83,Varejo
ACC-00030,71,RJ,4288.69,2937,637.9,Varejo
ACC-00031,73,PR,1789.7,1142,137.66,Varejo
ACC-00032,49,PE,9213.71,3452,889.8,Digital
ACC-00033,37,PR,6581.71,2342,302.58,Varejo
ACC-00034,49,RJ,8018.57,1721,447.46,Varejo
ACC-00035,29,GO,2152.54,1992,166.16,Alta renda
ACC-00036,59,SP,5972.74,3189,699.91,Varejo
ACC-00037,74,GO,2731.6,1057,247.24,Alta renda
ACC-00038,32,SP,2843.24,1793,397.13,Varejo
ACC-00039,51,RJ,5320.11,2965,670.06,Digital
ACC-00040,35,MG,6767.36,76,688.0,Digital
ACC-00041,40,SC,4371.55,4056,365.34,Digital
ACC-00042,18,RS,2544.8,915,255.67,Digital
ACC-00043,20,SP,2237.73,1224,187.14,Varejo
ACC-00044,28,SP,9786.96,4535,862.22,Varejo
ACC-00045,29,PR,5631.13,4624,372.34,Empresarial
ACC-00046,51,SP,6110.86,1749,293.9,Varejo
ACC-00047,42,SP,15823.75,1243,2455.44,Digital
ACC-00048,36,SP,2252.26,2622,70.69,Alta renda
ACC-00049,49,BA,20204.24,1696,643.4,Digital
ACC-00050,67,SP,29675.89,4050,1179.92,Alta renda
ACC-00051,32,RJ,10959.57,1995,865.3,Varejo
ACC-00052,66,PR,6552.61,3973,614.59,Varejo
ACC-00053,40,PE,2486.21,2771,164.67,Digital
ACC-00054,41,BA,7305.74,3891,916.14,Varejo
ACC-00055,63,PR,2870.52,4443,211.33,Digital
ACC-00056,60,BA,3774.14,1528,156.94,Varejo
ACC-00057,67,SP,3169.15,2374,262.5,Alta renda
ACC-00058,67,SP,4603.12,3125,391.26,Digital
ACC-00059,67,MG,8841.84,393,828.67,Varejo
ACC-00060,64,SP,2667.43,3770,173.94,Varejo
ACC-00061,51,MG,2017.24,2094,162.66,Alta renda
ACC-00062,74,DF,1994.36,3046,143.49,Varejo
ACC-00063,43,MG,2039.83,2508,100.9,Alta renda
ACC-00064,30,SP,1509.88,1905,110.51,Varejo
ACC-00065,26,RS,2114.54,730,236.86,Varejo
ACC-00066,53,MG,8871.71,3377,1390.72,Varejo
ACC-00067,41,MG,2602.81,73,238.18,Empresarial
ACC-00068,46,RS,4523.86,1498,410.59,Varejo
ACC-00069,33,SP,1735.44,805,108.66,Varejo
ACC-00070,18,SP,4273.86,2936,337.98,Varejo
ACC-00071,75,RS,1234.59,3215,180.43,Varejo
ACC-00072,61,RJ,2430.39,3586,126.12,Empresarial
ACC-00073,29,MG,16571.68,2273,1455.71,Digital
ACC-00074,23,GO,2620.37,2663,399.61,Varejo
ACC-00075,24,SP,7926.64,3487,951.96,Varejo
ACC-00076,29,SC,5145.02,3941,552.33,Varejo
ACC-00077,55,RS,3465.32,2351,341.84,Varejo
ACC-00078,62,SC,2505.22,1937,67.98,Empresarial
ACC-00079,33,SP,8835.13,3192,886.76,Varejo
ACC-00080,73,SP,3410.8,2882,246.97,Varejo
ACC-00081,50,RJ,10330.19,2945,467.63,Varejo
ACC-00082,61,GO,2398.5,2118,191.61,Varejo
ACC-00083,70,SP,3972.97,232,359.98,Digital
ACC-00084,70,SP,5180.07,4813,631.86,Varejo
ACC-00085,62,SP,4878.31,879,517.81,Varejo
ACC-00086,48,SP,1716.48,984,99.48,Alta renda
ACC-00087,21,SP,2485.82,3564,263.6,Digital
ACC-00088,47,PR,3369.81,1958,307.3,Varejo
ACC-00089,44,MG,2197.54,4855,177.15,Varejo
ACC-00090,35,RJ,5944.74,3509,644.23,Alta renda
ACC-00091,40,SP,5609.48,259,479.75,Alta renda
ACC-00092,22,SP,1072.66,4142,122.19,Varejo
ACC-00093,58,RJ,1183.92,3055,177.66,Digital
ACC-00094,28,SP,1664.01,4108,166.13,Varejo
ACC-00095,74,SP,4130.77,4418,458.24,Varejo
ACC-00096,31,MG,14350.82,1226,900.63,Digital
ACC-00097,42,PR,2985.34,333,208.89,Alta renda
ACC-00098,70,SC,4504.91,3495,186.78,Varejo
ACC-00099,75,MG,1917.88,3283,206.4,Varejo
ACC-00100,18,PR,1938.28,199,126.26,Varejo
ACC-00101,62,SC,1072.56,924,59.2,Digital
ACC-00102,43,SP,3757.75,3515,575.65,Varejo
ACC-00103,57,SP,7084.69,1811,509.55,Empresarial
ACC-00104,76,PR,3035.51,2386,180.64,Alta renda
ACC-00105,74,SP,9487.16,2860,592.84,Digital
ACC-00106,72,SP,4352.94,3810,484.97,Varejo
ACC-00107,43,SP,3738.1,482,352.26,Varejo
ACC-00108,24,RS,5357.3,671,546.51,Varejo
ACC-00109,23,SP,5254.27,4453,357.46,Alta renda
ACC-00110,62,SP,8071.33,1880,1237.54,Empresarial
ACC-00111,42,MG,2272.71,4964,156.26,Varejo
ACC-00112,70,SP,865.03,3833,35.0,Varejo
ACC-00113,48,SP,4124.03,1313,436.83,Varejo
ACC-00114,29,PR,2571.93,422,383.55,Alta renda
ACC-00115,51,MG,3760.6,2668,189.5,Varejo
ACC-00116,33,SP,11291.38,3969,518.48,Varejo
ACC-00117,49,RJ,1868.99,85,51.18,Varejo
ACC-00118,59,RJ,6292.53,1283,915.99,Varejo
ACC-00119,64,BA,7078.48,3303,687.33,Varejo
ACC-00120,63,SP,5164.06,4979,656.57,Varejo
ACC-00121,65,MG,7919.08,4308,1258.88,Varejo
ACC-00122,70,SP,2841.44,4010,373.77,Digital
ACC-00123,49,PE,2457.79,106,272.38,Digital
ACC-00124,41,SP,7520.13,3816,477.75,Alta renda
ACC-00125,67,SC,6113.14,4020,219.58,Varejo
ACC-00126,20,RS,9449.77,343,637.25,Digital
ACC-00127,56,PE,4393.97,606,130.55,Alta renda
ACC-00128,76,RJ,10996.32,1703,1533.17,Varejo
ACC-00129,44,RJ,3186.4,757,403.77,Digital
ACC-00130,33,BA,1921.36,3564,223.16,Varejo
ACC-00131,65,SP,1018.3,3704,103.85,Varejo
ACC-00132,64,SP,1870.74,889,204.0,Varejo
ACC-00133,40,PR,6516.07,3196,589.05,Varejo
ACC-00134,73,SP,1477.04,4428,50.73,Digital
ACC-00135,50,SP,2852.53,4367,451.29,Varejo
ACC-00136,50,MG,15052.2,4772,760.38,Varejo
ACC-00137,48,RJ,6637.01,3483,205.42,Varejo
ACC-00138,49,RS,12260.52,361,1159.57,Digital
ACC-00139,61,GO,2009.19,3504,82.4,Varejo
ACC-00140,32,BA,773.57,3371,58.82,Varejo
ACC-00141,45,RJ,10256.3,3018,1407.58,Digital
ACC-00142,21,RS,1523.84,4654,124.24,Alta renda
ACC-00143,70,SP,4060.66,4267,238.04,Varejo
ACC-00144,24,MG,4407.71,926,421.61,Varejo
ACC-00145,46,SP,2065.69,4449,103.12,Digital
ACC-00146,61,PE,10500.85,1632,752.51,Varejo
ACC-00147,45,SP,10478.38,986,1615.94,Varejo
ACC-00148,29,SP,5477.69,3234,303.44,Varejo
ACC-00149,23,PE,3754.95,1911,505.77,Varejo
ACC-00150,47,MG,4334.81,3549,647.68,Varejo
ACC-00151,21,SC,1877.43,2802,298.99,Varejo
ACC-00152,49,PE,3276.75,3756,82.18,Digital
ACC-00153,36,SP,3575.26,3610,91.04,Varejo
ACC-00154,73,MG,2199.64,2093,95.41,Varejo
ACC-00155,36,GO,6647.46,450,703.98,Varejo
ACC-00156,50,SP,1514.42,1495,145.96,Digital
ACC-00157,56,MG,2850.58,3895,395.7,Varejo
ACC-00158,54,SP,885.04,4857,35.0,Digital
ACC-00159,34,MG,5286.61,2951,457.4,Varejo
ACC-00160,66,SP,6202.41,612,816.03,Varejo
ACC-00161,26,SP,5732.12,1620,642.17,Alta renda
ACC-00162,36,SP,25508.23,2600,1815.71,Varejo
ACC-00163,35,MG,7050.57,502,367.64,Digital
ACC-00164,59,SP,2074.98,2923,167.48,Alta renda
ACC-00165,45,SP,21618.42,3794,993.0,Digital
ACC-00166,23,SP,2104.42,3334,99.53,Varejo
ACC-00167,62,SP,6391.22,4546,867.48,Alta renda
ACC-00168,22,RS,6204.52,4954,203.48,Empresarial
ACC-00169,31,GO,2160.68,4901,300.18,Digital
ACC-00170,76,RS,9480.35,3378,413.48,Empresarial
ACC-00171,77,BA,4819.79,4609,229.79,Varejo
ACC-00172,36,SP,5547.6,4397,208.59,Digital
ACC-00173,37,RS,2467.04,233,170.4,Varejo
ACC-00174,45,DF,8925.89,3227,886.11,Varejo
ACC-00175,61,GO,2187.23,4936,184.61,Varejo
ACC-00176,27,SP,1204.17,1295,173.09,Alta renda
ACC-00177,66,SP,9665.64,1294,1073.64,Varejo
ACC-00178,36,RJ,2900.46,1135,211.03,Varejo
ACC-00179,72,SP,3937.06,1458,334.22,Varejo
ACC-00180,72,DF,13356.95,4851,729.97,Varejo
ACC-00181,18,SP,8012.19,2683,956.42,Digital
ACC-00182,73,MG,5774.81,3292,555.28,Alta renda
ACC-00183,21,DF,7672.85,4567,843.57,Varejo
ACC-00184,55,GO,2385.39,1084,69.7,Varejo
ACC-00185,71,MG,6244.82,2395,893.32,Empresarial
ACC-00186,30,SP,7875.08,2015,1146.41,Varejo
ACC-00187,19,MG,6254.3,1177,766.93,Empresarial
ACC-00188,75,SP,3352.0,3989,121.89,Alta renda
ACC-00189,41,SP,335.02,193,35.0,Alta renda
ACC-00190,64,RS,5498.59,2907,341.21,Alta renda
ACC-00191,48,SP,4124.37,1341,338.45,Alta renda
ACC-00192,23,SP,3010.29,1341,116.75,Alta renda
ACC-00193,44,GO,6347.17,3485,354.41,Empresarial
ACC-00194,59,SP,4549.2,3937,388.55,Alta renda
ACC-00195,31,SC,4370.23,1120,620.31,Alta renda
ACC-00196,42,SP,1459.23,1177,201.35,Varejo
ACC-00197,48,PR,1482.43,2630,167.56,Varejo
ACC-00198,20,SP,4870.0,1970,136.32,Varejo
ACC-00199,51,MG,4021.61,1305,370.81,Varejo
ACC-00200,32,MG,4188.85,790,631.24,Digital
ACC-00201,75,PE,4264.46,992,248.09,Varejo
ACC-00202,50,SP,5001.27,1645,148.39,Digital
ACC-00203,53,RS,3918.42,1407,271.96,Varejo
ACC-00204,52,PR,4240.99,3983,359.57,Varejo
ACC-00205,63,RS,4520.94,1745,697.92,Varejo
ACC-00206,75,GO,7003.16,3709,1107.87,Digital
ACC-00207,46,RS,2739.29,3933,99.25,Digital
ACC-00208,46,MG,6381.49,4191,697.68,Alta renda
ACC-00209,63,SP,5788.62,2659,456.52,Digital
ACC-00210,38,MG,4099.05,621,491.36,Digital
ACC-00211,37,GO,2810.67,4996,411.66,Empresarial
ACC-00212,71,BA,4865.58,2361,616.69,Empresarial
ACC-00213,77,RJ,6711.53,1564,579.15,Empresarial
ACC-00214,48,PR,1903.15,930,57.16,Alta renda
ACC-00215,68,BA,3985.41,626,597.5,Varejo
ACC-00216,50,BA,3992.14,976,603.59,Alta renda
ACC-00217,57,SP,2490.45,1375,278.06,Empresarial
ACC-00218,29,SP,2559.23,1983,369.98,Varejo
ACC-00219,19,PR,1396.54,3583,97.16,Alta renda
ACC-00220,65,GO,1868.64,578,134.8,Varejo
ACC-00221,49,SP,1409.01,1396,219.04,Varejo
ACC-00222,64,MG,2563.75,512,180.41,Varejo
ACC-00223,53,GO,2659.81,4086,229.57,Digital
ACC-00224,51,MG,2692.34,2783,185.5,Digital
ACC-00225,20,SP,4874.14,199,263.96,Varejo
ACC-00226,40,RJ,3388.29,2045,284.56,Digital
ACC-00227,72,SP,2383.22,515,301.84,Digital
ACC-00228,52,BA,2394.13,3592,298.49,Varejo
ACC-00229,64,RJ,1834.48,329,57.54,Digital
ACC-00230,67,RS,3369.4,2248,233.16,Digital
ACC-00231,50,SP,3330.46,4426,446.2,Varejo
ACC-00232,58,SC,10992.0,2235,1508.64,Varejo
ACC-00233,71,RJ,10375.46,3350,717.09,Alta renda
ACC-00234,71,RS,10002.96,3107,1330.61,Varejo
ACC-00235,25,RJ,14787.06,650,1809.7,Empresarial
ACC-00236,44,PE,1735.25,4434,125.22,Varejo
ACC-00237,74,RS,5927.99,889,574.48,Varejo
ACC-00238,57,SP,6277.23,3483,303.15,Varejo
ACC-00239,28,SC,5216.28,2662,151.2,Varejo
ACC-00240,52,SP,15250.02,4931,837.97,Empresarial
ACC-00241,20,SP,19922.78,1579,2044.69,Digital
ACC-00242,57,MG,7234.3,3825,940.63,Digital
ACC-00243,28,RJ,5852.04,645,867.81,Varejo
ACC-00244,47,RJ,1845.38,2863,268.06,Digital
ACC-00245,57,SP,1847.83,4304,57.82,Alta renda
ACC-00246,51,BA,6033.88,1921,851.28,Varejo
ACC-00247,55,SP,3644.01,1708,142.46,Empresarial
ACC-00248,42,SP,1611.85,1555,58.37,Varejo
ACC-00249,22,MG,3531.17,3567,237.04,Digital
ACC-00250,50,SP,4836.78,1542,311.31,Alta renda
ACC-00251,24,RS,7032.89,3757,977.94,Varejo
ACC-00252,34,RJ,3568.88,836,273.75,Varejo
ACC-00253,61,SP,3213.16,608,206.91,Varejo
ACC-00254,72,SP,3843.1,2919,375.54,Varejo
ACC-00255,39,PE,4283.13,388,652.44,Alta renda
ACC-00256,37,BA,1797.16,280,113.29,Varejo
ACC-00257,45,SP,6579.08,4540,899.28,Varejo
ACC-00258,70,GO,15894.24,2276,1960.54,Varejo
ACC-00259,75,BA,6497.87,1240,573.95,Digital
ACC-00260,67,SP,1493.19,769,187.49,Alta renda
ACC-00261,52,BA,4070.13,2581,374.92,Varejo
ACC-00262,60,PR,1214.81,782,145.46,Digital
ACC-00263,19,SP,1165.62,3402,84.69,Varejo
ACC-00264,55,RJ,5875.31,633,523.71,Digital
ACC-00265,20,RS,4025.77,648,215.09,Digital
ACC-00266,65,SP,2448.86,4115,165.46,Digital
ACC-00267,66,SP,985.51,1753,156.74,Varejo
ACC-00268,62,MG,1677.73,1054,177.17,Digital
ACC-00269,31,SP,4253.2,3878,466.35,Varejo
ACC-00270,50,BA,3907.8,4282,269.74,Empresarial
ACC-00271,55,SP,5992.75,1471,646.67,Digital
ACC-00272,19,SP,10303.17,4435,615.33,Digital
ACC-00273,48,PE,3070.15,3438,231.91,Alta renda
ACC-00274,45,SP,5191.76,1541,815.98,Varejo
ACC-00275,34,BA,3499.69,3865,449.15,Varejo
ACC-00276,37,MG,2771.79,2121,230.92,Empresarial
ACC-00277,52,MG,3264.58,834,328.24,Digital
ACC-00278,76,MG,7147.3,2778,477.94,Varejo
ACC-00279,35,BA,1961.62,404,235.34,Digital
ACC-00280,39,PE,8035.9,1193,517.65,Alta renda
ACC-00281,21,MG,9998.96,944,1386.87,Varejo
ACC-00282,58,BA,3917.57,2726,598.44,Varejo
ACC-00283,47,GO,4517.42,2597,521.26,Varejo
ACC-00284,33,BA,1528.94,4475,79.75,Empresarial
ACC-00285,72,MG,17753.67,2912,1492.67,Digital
ACC-00286,76,SP,7232.03,2019,463.0,Varejo
ACC-00287,69,SP,4281.16,4593,319.61,Varejo
ACC-00288,76,RJ,3973.23,4648,186.31,Varejo
ACC-00289,34,SP,5131.39,914,547.14,Digital
ACC-00290,52,MG,2506.64,1557,172.47,Alta renda
ACC-00291,69,SP,4601.42,2887,218.32,Digital
ACC-00292,77,RJ,2099.96,4898,318.73,Digital
ACC-00293,38,SP,5288.33,2165,153.11,Empresarial
ACC-00294,41,RJ,2463.06,3779,393.61,Varejo
ACC-00295,62,SP,6850.57,392,267.43,Empresarial
ACC-00296,19,MG,3539.57,4584,300.54,Empresarial
ACC-00297,37,SP,4558.21,968,412.85,Varejo
ACC-00298,73,GO,26227.85,225,3280.39,Varejo
ACC-00299,27,RJ,6455.91,611,958.41,Varejo
ACC-00300,33,SP,4555.41,2383,351.0,Varejo
ACC-00301,77,RJ,3939.67,3951,473.89,Varejo
ACC-00302,51,SP,1947.97,2722,55.22,Digital
ACC-00303,53,PR,7744.54,4415,219.1,Varejo
ACC-00304,73,SP,10845.66,4438,762.89,Varejo
ACC-00305,54,PE,3991.13,4413,307.47,Alta renda
ACC-00306,32,SP,11383.14,4035,877.0,Alta renda
ACC-00307,61,MG,3558.23,4909,290.6,Varejo
ACC-00308,50,SP,1208.96,3034,131.57,Digital
ACC-00309,55,SP,2503.38,240,135.99,Varejo
ACC-00310,50,GO,1925.53,4423,146.93,Digital
ACC-00311,37,SP,3202.06,918,223.4,Varejo
ACC-00312,50,PE,5753.35,3890,914.79,Empresarial
ACC-00313,77,RJ,2092.61,1801,100.04,Empresarial
ACC-00314,55,RS,3633.1,828,116.48,Alta renda
ACC-00315,60,SP,4357.17,3382,219.19,Empresarial
ACC-00316,43,RS,2376.85,4085,291.9,Varejo
ACC-00317,23,PR,2119.52,4413,101.28,Digital
ACC-00318,45,SP,4050.8,820,423.8,Varejo
ACC-00319,26,GO,6748.26,3584,786.63,Varejo
ACC-00320,58,SC,2586.09,1916,161.26,Varejo
ACC-00321,74,BA,2348.65,165,320.2,Varejo
ACC-00322,74,SP,3491.84,3374,534.74,Digital
ACC-00323,54,PR,4621.46,2125,275.18,Digital
ACC-00324,73,MG,2689.31,3614,191.85,Varejo
ACC-00325,39,RJ,3080.37,565,304.24,Alta renda
ACC-00326,39,SP,3293.4,4023,230.88,Digital
ACC-00327,58,SP,1889.82,3590,270.33,Alta renda
ACC-00328,36,GO,3410.45,3960,540.6,Varejo
ACC-00329,59,SP,2659.7,1412,236.32,Varejo
ACC-00330,48,SP,10712.89,4557,1264.16,Digital
ACC-00331,56,SP,2734.6,1324,88.59,Varejo
ACC-00332,66,RJ,5151.91,2511,606.98,Varejo
ACC-00333,23,SP,4898.51,4402,243.78,Empresarial
ACC-00334,62,SP,1850.63,3411,149.32,Varejo
ACC-00335,67,SP,1699.66,4678,271.65,Digital
ACC-00336,26,MG,2865.32,4852,147.28,Digital
ACC-00337,68,PE,5888.01,4816,794.93,Varejo
ACC-00338,74,GO,2636.99,1654,89.48,Digital
ACC-00339,50,SP,2498.63,1598,345.93,Varejo
ACC-00340,43,MG,581.06,1263,35.0,Varejo
ACC-00341,72,RS,2957.37,4162,78.08,Alta renda
ACC-00342,34,SP,4689.64,1380,176.61,Varejo
ACC-00343,74,PE,5110.47,4241,623.86,Empresarial
ACC-00344,54,GO,5059.26,3561,368.3,Empresarial
ACC-00345,70,SP,3093.01,3819,142.19,Varejo
ACC-00346,40,GO,3302.21,980,416.71,Alta renda
ACC-00347,35,MG,6574.67,478,749.04,Alta renda
ACC-00348,62,SP,3504.45,3790,130.87,Digital
ACC-00349,55,SP,856.64,3548,88.26,Varejo
ACC-00350,63,RS,7427.96,2007,656.77,Empresarial
ACC-00351,44,RJ,1899.81,4699,273.67,Varejo
ACC-00352,69,SP,9357.54,4833,1335.81,Digital
ACC-00353,63,RS,11512.58,234,950.67,Varejo
ACC-00354,66,PR,6282.89,2272,627.19,Digital
ACC-00355,45,BA,6888.96,901,544.26,Varejo
ACC-00356,77,RJ,12804.72,329,687.05,Varejo
ACC-00357,18,SP,1869.86,4741,227.13,Varejo
ACC-00358,31,SP,4514.29,1144,526.67,Digital
ACC-00359,44,BA,4471.11,843,165.66,Varejo
ACC-00360,51,RS,2041.37,3568,275.33,Digital
ACC-00361,27,SP,14152.95,421,2099.4,Empresarial
ACC-00362,43,SP,2624.25,1165,211.25,Digital
ACC-00363,74,SP,2379.61,4609,161.49,Varejo
ACC-00364,66,SP,4555.15,1654,245.22,Digital
ACC-00365,20,RJ,7481.78,2309,983.09,Alta renda
ACC-00366,59,MG,2589.76,1052,133.32,Varejo
ACC-00367,28,RJ,2592.25,2896,363.7,Varejo
ACC-00368,47,SP,5311.72,4196,374.4,Varejo
ACC-00369,34,MG,1515.27,3177,78.63,Varejo
ACC-00370,60,SC,2316.52,2760,369.57,Varejo
ACC-00371,45,PR,2219.74,340,312.45,Digital
ACC-00372,46,SC,2886.16,3763,209.22,Varejo
ACC-00373,52,DF,3489.55,4376,194.83,Digital
ACC-00374,74,SC,12692.11,4720,1484.96,Digital
ACC-00375,56,SP,6903.51,4063,738.81,Empresarial
ACC-00376,45,GO,3883.76,3496,532.05,Varejo
ACC-00377,65,PR,3307.49,2690,355.87,Empresarial
ACC-00378,38,RS,6756.96,4140,540.55,Varejo
ACC-00379,20,PE,5056.65,1128,416.31,Digital
ACC-00380,47,GO,6831.41,857,452.94,Digital
ACC-00381,44,RJ,9392.19,516,513.9,Varejo
ACC-00382,44,SP,1987.59,2626,143.06,Varejo
ACC-00383,53,PR,885.05,3744,104.32,Alta renda
ACC-00384,46,BA,3773.76,4675,601.93,Varejo
ACC-00385,33,SP,4030.52,3484,577.01,Digital
ACC-00386,61,SP,4611.95,1631,243.64,Alta renda
ACC-00387,75,SP,2593.5,645,340.54,Digital
ACC-00388,44,MG,3290.51,901,139.24,Digital
ACC-00389,25,DF,5503.72,4087,793.57,Digital
ACC-00390,48,SP,5699.67,3011,349.1,Digital
ACC-00391,77,BA,9091.87,2697,822.09,Digital
ACC-00392,22,PR,936.28,4639,42.18,Varejo
ACC-00393,33,RJ,1310.77,579,121.58,Alta renda
ACC-00394,63,BA,9899.72,351,1528.99,Varejo
ACC-00395,33,DF,5683.54,1808,806.45,Varejo
ACC-00396,75,GO,6410.76,3705,495.92,Varejo
ACC-00397,53,RS,3180.7,3727,120.24,Varejo
ACC-00398,60,SP,2812.42,4399,302.41,Digital
ACC-00399,71,DF,4358.45,4648,535.73,Varejo
ACC-00400,70,RS,2077.95,4183,306.07,Varejo
ACC-00401,71,GO,1415.72,495,180.0,Empresarial
ACC-00402,37,SP,1859.62,2112,270.0,Digital
ACC-00403,40,RS,4128.8,3964,515.84,Varejo
ACC-00404,72,DF,5791.66,4897,433.76,Varejo
ACC-00405,43,SP,11196.08,2674,1754.22,Alta renda
ACC-00406,23,MG,4874.07,4639,305.34,Digital
ACC-00407,41,SP,5203.76,2661,458.95,Varejo
ACC-00408,77,SP,11467.72,786,1252.72,Alta renda
ACC-00409,29,SP,2310.4,4844,246.56,Alta renda
ACC-00410,71,PR,2051.78,3235,240.98,Digital
ACC-00411,43,MG,2698.21,3574,276.55,Varejo
ACC-00412,77,PR,3595.56,1649,151.94,Varejo
ACC-00413,23,RJ,14258.43,2223,1918.48,Varejo
ACC-00414,39,MG,3051.09,1563,365.11,Alta renda
ACC-00415,24,SP,8951.92,3214,397.92,Varejo
ACC-00416,20,RJ,2815.15,1514,319.11,Alta renda
ACC-00417,55,PE,5268.08,3994,294.68,Empresarial
ACC-00418,64,RJ,5960.18,1182,563.86,Varejo
ACC-00419,52,DF,5412.24,806,470.23,Empresarial
ACC-00420,25,SC,6236.54,3595,308.81,Alta renda
ACC-00421,39,PE,2445.79,1601,195.1,Digital
ACC-00422,62,PR,9862.51,1855,644.63,Varejo
ACC-00423,29,PE,7241.94,3899,905.36,Digital
ACC-00424,40,MG,2425.47,2510,78.04,Varejo
ACC-00425,71,RJ,5317.43,4766,361.44,Digital
ACC-00426,26,SP,1905.4,3412,54.82,Digital
ACC-00427,20,BA,4071.17,2587,451.71,Varejo
ACC-00428,36,SP,1787.89,1347,266.28,Digital
ACC-00429,61,PE,6105.46,2523,594.28,Empresarial
ACC-00430,23,BA,26287.3,184,3947.29,Digital
ACC-00431,36,SC,9957.15,4956,1063.16,Varejo
ACC-00432,47,SP,6154.92,3375,839.67,Varejo
ACC-00433,46,GO,2128.42,342,198.16,Empresarial
ACC-00434,34,MG,4900.87,1921,693.73,Digital
ACC-00435,66,MG,8266.46,1056,318.02,Digital
ACC-00436,33,BA,3613.93,134,326.95,Varejo
ACC-00437,76,SP,4163.17,4401,266.0,Alta renda
ACC-00438,18,MG,1272.42,1213,76.49,Varejo
ACC-00439,65,MG,2195.09,4760,226.24,Digital
ACC-00440,63,SP,1151.21,1160,47.22,Varejo
ACC-00441,21,BA,13285.19,2156,1962.46,Digital
ACC-00442,65,RJ,5204.15,4091,358.08,Varejo
ACC-00443,52,SP,6130.61,2777,214.51,Varejo
ACC-00444,51,SP,3355.13,530,189.47,Digital
ACC-00445,61,GO,1481.14,2052,109.51,Varejo
ACC-00446,52,SP,4291.45,2608,340.88,Varejo
ACC-00447,60,MG,2530.78,430,67.5,Varejo
ACC-00448,62,SP,2037.77,4158,102.65,Varejo
ACC-00449,30,SP,3968.0,485,385.4,Digital
ACC-00450,76,BA,4110.84,3864,251.73,Alta renda
ACC-00451,28,RS,3403.91,2106,248.77,Empresarial
ACC-00452,67,PR,2313.98,1924,268.7,Varejo
ACC-00453,64,DF,2016.64,1001,253.5,Alta renda
ACC-00454,51,RS,3843.38,4640,375.21,Digital
ACC-00455,39,SP,8472.79,4290,691.9,Alta renda
ACC-00456,74,MG,1349.11,3921,111.19,Alta renda
ACC-00457,38,RS,2496.97,3203,162.4,Varejo
ACC-00458,57,RJ,3444.27,441,546.76,Alta renda
ACC-00459,63,DF,3452.38,4164,145.83,Varejo
ACC-00460,39,GO,2603.74,4597,346.32,Digital
ACC-00461,54,MG,13406.96,1585,875.54,Digital
ACC-00462,60,SP,4963.51,4516,701.78,Digital
ACC-00463,51,PR,2017.27,4519,305.15,Empresarial
ACC-00464,59,MG,1126.21,4099,123.02,Varejo
ACC-00465,58,SP,3422.42,95,471.79,Digital
ACC-00466,75,MG,10013.15,3704,1415.14,Varejo
ACC-00467,18,BA,4338.56,4358,297.25,Varejo
ACC-00468,49,PR,849.46,753,35.0,Digital
ACC-00469,55,PR,1563.98,1169,241.92,Varejo
ACC-00470,45,SP,4145.99,2521,516.73,Alta renda
ACC-00471,28,BA,7661.37,4465,1094.33,Alta renda
ACC-00472,19,SP,4195.21,733,109.55,Varejo
ACC-00473,51,SP,4217.68,2143,546.56,Varejo
ACC-00474,50,RS,7688.24,1274,996.51,Varejo
ACC-00475,42,SC,8660.82,4777,1084.28,Varejo
ACC-00476,34,SP,2465.76,3172,392.91,Alta renda
ACC-00477,72,BA,5088.46,1689,763.82,Varejo
ACC-00478,64,RS,2054.32,3882,298.05,Empresarial
ACC-00479,40,RJ,1901.18,3311,140.93,Varejo
ACC-00480,72,SP,5610.65,1678,272.68,Varejo
ACC-00481,29,SP,1517.41,4157,129.33,Digital
ACC-00482,71,RJ,4274.45,791,115.2,Varejo
ACC-00483,34,RJ,4694.89,1919,503.87,Varejo
ACC-00484,23,SP,6699.83,4878,465.59,Varejo
ACC-00485,29,MG,1812.06,4391,46.63,Alta renda
ACC-00486,55,SP,4902.65,1033,746.06,Varejo
ACC-00487,20,BA,3527.95,3186,288.92,Digital
ACC-00488,57,BA,10056.14,291,1420.74,Varejo
ACC-00489,43,SC,2361.87,2172,234.52,Varejo
ACC-00490,33,SP,1860.29,1099,142.43,Digital
ACC-00491,41,SP,5298.31,2231,287.27,Alta renda
ACC-00492,49,MG,2194.53,890,267.66,Digital
ACC-00493,64,RJ,1650.29,1672,85.16,Varejo
ACC-00494,53,PR,6915.68,3225,1046.22,Varejo
ACC-00495,50,MG,5063.19,1136,696.34,Varejo
ACC-00496,33,MG,506.53,4287,50.13,Varejo
ACC-00497,62,SP,2103.5,969,259.8,Empresarial
ACC-00498,43,SP,1862.69,2885,104.69,Varejo
ACC-00499,46,RJ,5818.66,1591,532.45,Digital
ACC-00500,68,SP,9968.31,4309,1250.35,Varejo
ACC-00501,31,SC,14585.38,671,886.17,Varejo
ACC-00502,29,SP,6057.07,3083,474.12,Varejo
ACC-00503,26,RJ,1877.3,283,286.53,Varejo
ACC-00504,77,RJ,1834.77,563,154.42,Empresarial
ACC-00505,56,SP,2060.54,2814,84.59,Alta renda
ACC-00506,56,SP,5261.2,1872,373.24,Varejo
ACC-00507,27,RS,8712.58,84,474.44,Empresarial
ACC-00508,77,RJ,1100.43,4876,35.0,Digital
ACC-00509,63,SP,5687.4,1548,880.45,Digital
ACC-00510,51,BA,6996.09,2434,564.11,Varejo
ACC-00511,43,RJ,4700.29,1431,405.26,Varejo
ACC-00512,64,SP,31368.24,713,942.15,Digital
ACC-00513,44,MG,5420.33,3072,400.1,Varejo
ACC-00514,67,GO,3909.32,453,146.62,Varejo
ACC-00515,42,MG,5692.13,3187,188.7,Varejo
ACC-00516,35,SP,2687.28,3130,269.83,Empresarial
ACC-00517,25,SC,1873.34,4156,274.57,Varejo
ACC-00518,72,PR,5036.25,4335,297.67,Varejo
ACC-00519,68,SP,8101.92,4750,783.02,Digital
ACC-00520,24,PR,3285.55,3380,270.22,Varejo
ACC-00521,28,RS,6986.38,1256,769.95,Varejo
ACC-00522,63,BA,2998.14,4525,447.27,Empresarial
ACC-00523,38,RJ,11052.42,2890,506.68,Digital
ACC-00524,48,PE,4401.12,2043,467.72,Varejo
ACC-00525,37,MG,5417.04,3690,775.65,Digital
ACC-00526,74,RS,6298.13,945,661.13,Varejo
ACC-00527,68,BA,1589.46,220,110.06,Varejo
ACC-00528,49,GO,3400.29,2148,115.23,Digital
ACC-00529,62,SC,12661.77,2990,1238.98,Varejo
ACC-00530,62,GO,3919.5,2937,371.73,Empresarial
ACC-00531,43,SP,9525.18,2931,742.6,Digital
ACC-00532,39,SP,6799.87,2112,483.08,Varejo
ACC-00533,28,MG,1166.75,1129,41.8,Varejo
ACC-00534,38,SC,6061.98,4700,437.69,Alta renda
ACC-00535,26,RJ,1886.75,4282,189.91,Alta renda
ACC-00536,60,SC,4536.0,2014,698.72,Digital
ACC-00537,51,SP,2921.52,4558,403.76,Digital
ACC-00538,31,PR,3882.15,1303,272.48,Digital
ACC-00539,71,SP,3655.28,3906,511.26,Varejo
ACC-00540,35,MG,4481.59,1115,371.54,Varejo
ACC-00541,18,DF,2860.06,4614,190.97,Varejo
ACC-00542,50,SP,1590.6,4208,141.67,Empresarial
ACC-00543,64,MG,1985.31,1902,140.95,Varejo
ACC-00544,64,DF,6943.46,2898,458.66,Alta renda
ACC-00545,45,RS,11741.92,3143,1583.27,Varejo
ACC-00546,56,SP,4452.28,2967,456.56,Digital
ACC-00547,29,RJ,6617.63,2359,1035.02,Varejo
ACC-00548,29,PE,7222.49,1737,821.59,Empresarial
ACC-00549,32,SP,1575.32,2936,245.93,Empresarial
ACC-00550,72,SP,1133.17,2924,109.08,Varejo
ACC-00551,21,BA,3702.2,276,377.46,Varejo
ACC-00552,44,GO,1118.78,1452,177.52,Varejo
ACC-00553,30,SP,3206.34,2993,456.13,Digital
ACC-00554,26,SP,1464.33,77,95.68,Varejo
ACC-00555,61,SP,2551.35,1845,194.64,Varejo
ACC-00556,62,RS,2348.96,4051,302.04,Alta renda
ACC-00557,43,RJ,5366.86,3833,520.48,Digital
ACC-00558,63,SP,2513.15,3327,76.32,Digital
ACC-00559,45,SP,1815.22,3418,286.18,Digital
ACC-00560,20,SP,3951.0,2196,373.15,Alta renda
ACC-00561,44,GO,26335.41,1677,1445.92,Varejo
ACC-00562,65,BA,5272.73,1748,624.45,Alta renda
ACC-00563,33,MG,1081.17,3206,145.39,Alta renda
ACC-00564,44,RS,4061.69,2374,291.32,Varejo
ACC-00565,75,GO,20357.67,3759,2461.82,Digital
ACC-00566,36,MG,4272.45,4724,259.9,Alta renda
ACC-00567,48,RJ,8799.35,3923,1169.53,Varejo
ACC-00568,57,SP,7875.99,1017,696.96,Digital
ACC-00569,26,SP,8287.0,3516,546.46,Alta renda
ACC-00570,48,SP,7578.09,3708,203.2,Alta renda
ACC-00571,47,MG,4599.59,2835,326.28,Varejo
ACC-00572,60,SC,3395.46,3504,120.47,Varejo
ACC-00573,58,MG,3193.72,2651,244.41,Varejo
ACC-00574,76,PR,4138.86,3660,423.51,Varejo
ACC-00575,77,BA,5052.17,4829,604.2,Varejo
ACC-00576,28,RS,1670.39,1920,129.69,Empresarial
ACC-00577,65,GO,3189.76,1091,337.73,Varejo
ACC-00578,33,MG,3728.03,451,340.15,Varejo
ACC-00579,67,MG,4105.61,2508,527.44,Digital
ACC-00580,62,SP,3129.74,3625,326.57,Digital
ACC-00581,74,RS,6465.02,2711,543.76,Varejo
ACC-00582,61,DF,3577.45,3386,397.81,Empresarial
ACC-00583,27,SP,2998.79,4558,192.76,Varejo
ACC-00584,25,SP,1713.07,4707,253.01,Varejo
ACC-00585,67,MG,2309.28,2128,339.36,Digital
ACC-00586,36,PE,4443.72,4250,251.13,Alta renda
ACC-00587,63,GO,4135.92,3760,497.63,Digital
ACC-00588,53,BA,1017.23,3459,43.39,Varejo
ACC-00589,76,SP,6979.95,4490,774.18,Empresarial
ACC-00590,72,RJ,2424.32,2029,386.85,Varejo
ACC-00591,50,SP,2129.73,2288,245.06,Digital
ACC-00592,65,GO,7899.56,3301,758.44,Varejo
ACC-00593,23,MG,8153.3,4414,583.24,Varejo
ACC-00594,76,SP,2410.49,2407,382.78,Varejo
ACC-00595,35,BA,3037.68,4088,230.82,Varejo
ACC-00596,45,MG,1727.39,2429,132.57,Digital
ACC-00597,69,BA,6497.99,875,600.23,Varejo
ACC-00598,66,SC,6891.48,2197,879.27,Alta renda
ACC-00599,20,SP,2877.77,4534,113.54,Empresarial
ACC-00600,72,MG,9457.8,3165,579.78,Alta renda
ACC-00601,56,SP,6954.05,815,716.58,Varejo
ACC-00602,44,SP,3531.89,1965,177.77,Varejo
ACC-00603,27,SP,6118.24,2708,588.84,Varejo
ACC-00604,73,SC,1305.66,445,146.67,Alta renda
ACC-00605,71,GO,3226.6,4058,184.63,Alta renda
ACC-00606,40,GO,4507.86,2345,279.34,Varejo
ACC-00607,46,SC,3801.78,4760,428.31,Varejo
ACC-00608,44,PR,14508.16,1411,1207.32,Varejo
ACC-00609,44,SP,4683.71,71,353.81,Digital
ACC-00610,33,MG,4857.11,2137,730.53,Varejo
ACC-00611,22,RJ,1614.54,4954,176.48,Varejo
ACC-00612,22,RS,3388.47,1961,185.97,Varejo
ACC-00613,77,MG,2300.11,1276,125.56,Digital
ACC-00614,52,SP,17618.38,3842,1850.23,Varejo
ACC-00615,56,PR,2921.47,4240,298.5,Empresarial
ACC-00616,67,SP,4135.6,4909,201.22,Varejo
ACC-00617,55,SP,8436.1,1647,328.15,Alta renda
ACC-00618,68,SP,5865.44,1016,378.03,Digital
ACC-00619,64,GO,1529.43,1313,225.98,Alta renda
ACC-00620,70,SP,5796.67,1350,764.47,Empresarial
ACC-00621,19,DF,6073.58,1406,889.44,Digital
ACC-00622,23,BA,3401.36,385,389.35,Alta renda
ACC-00623,56,GO,5176.02,1032,695.7,Varejo
ACC-00624,67,RS,4097.27,4082,643.13,Varejo
ACC-00625,23,MG,1555.42,950,204.86,Varejo
ACC-00626,62,BA,2653.74,2058,158.76,Empresarial
ACC-00627,39,DF,3879.52,4225,127.56,Digital
ACC-00628,71,SC,2614.46,373,344.36,Varejo
ACC-00629,57,SP,5433.72,2441,831.3,Alta renda
ACC-00630,24,RJ,7341.36,4428,500.72,Varejo
ACC-00631,57,GO,4572.08,2622,508.56,Varejo
ACC-00632,43,SP,3004.18,2473,164.67,Digital
ACC-00633,77,SP,9282.14,1100,1029.03,Digital
ACC-00634,32,MG,4185.55,4609,144.94,Varejo
ACC-00635,56,SP,4816.44,2785,204.5,Varejo
ACC-00636,24,RJ,2330.32,1018,319.02,Varejo
ACC-00637,58,SP,3322.69,3657,359.15,Varejo
ACC-00638,56,MG,7322.94,2344,894.24,Varejo
ACC-00639,54,SP,6206.94,572,465.46,Varejo
ACC-00640,57,MG,3389.39,1122,481.11,Varejo
ACC-00641,55,RS,3848.19,2224,250.27,Digital
ACC-00642,68,SP,4356.1,2920,189.64,Varejo
ACC-00643,36,SP,2076.06,4181,97.99,Varejo
ACC-00644,76,SP,3393.24,4709,149.13,Digital
ACC-00645,31,DF,2744.86,3176,327.48,Digital
ACC-00646,36,SP,1555.03,3676,247.38,Empresarial
ACC-00647,27,GO,4225.58,4655,407.01,Varejo
ACC-00648,24,SP,3486.07,1797,213.18,Alta renda
ACC-00649,66,MG,1478.12,1251,41.69,Varejo
ACC-00650,48,RS,2283.0,2749,298.76,Empresarial
ACC-00651,47,SP,3616.97,1399,178.33,Varejo
ACC-00652,76,SP,584.53,886,69.87,Empresarial
ACC-00653,66,RS,4313.92,2925,266.99,Alta renda
ACC-00654,75,SP,4552.22,2330,590.77,Alta renda
ACC-00655,25,SP,5835.9,4943,638.79,Digital
ACC-00656,35,RS,2599.49,2838,219.41,Varejo
ACC-00657,22,SP,1518.1,1860,92.06,Varejo
ACC-00658,34,RJ,5758.24,4691,601.73,Alta renda
ACC-00659,41,SP,1565.98,1423,185.89,Alta renda
ACC-00660,48,RJ,5440.44,3823,162.27,Alta renda
ACC-00661,28,PE,2467.08,1758,163.66,Varejo
ACC-00662,68,SP,1982.45,3968,252.18,Empresarial
ACC-00663,57,RJ,4634.66,2148,283.42,Alta renda
ACC-00664,65,SP,7938.34,2433,977.63,Varejo
ACC-00665,66,RJ,3456.42,798,276.21,Digital
ACC-00666,35,RJ,3262.57,2202,383.16,Varejo
ACC-00667,61,GO,1277.25,4299,191.11,Varejo
ACC-00668,42,SC,6570.11,1689,312.35,Alta renda
ACC-00669,62,PE,4013.26,619,601.06,Varejo
ACC-00670,35,RS,3208.01,285,465.58,Digital
ACC-00671,38,SP,8959.29,3301,840.37,Varejo
ACC-00672,77,PE,1381.84,1472,43.0,Varejo
ACC-00673,51,SP,2757.28,733,369.8,Empresarial
ACC-00674,18,GO,3839.71,1038,402.23,Digital
ACC-00675,67,SP,3158.63,3695,212.64,Varejo
ACC-00676,39,GO,785.43,2639,35.0,Varejo
ACC-00677,23,SP,4803.35,251,370.83,Varejo
ACC-00678,75,BA,3752.49,3360,131.15,Empresarial
ACC-00679,64,GO,7383.46,1150,631.09,Alta renda
ACC-00680,57,MG,14413.4,4054,486.81,Varejo
ACC-00681,19,RS,3387.57,4161,387.98,Varejo
ACC-00682,26,SP,4914.31,2401,536.4,Alta renda
ACC-00683,35,RJ,4511.97,4240,253.87,Varejo
ACC-00684,19,RJ,4274.24,4756,470.36,Empresarial
ACC-00685,22,DF,3498.53,3099,170.06,Digital
ACC-00686,73,PR,4921.04,2262,207.89,Digital
ACC-00687,55,SP,7968.94,3844,585.43,Digital
ACC-00688,57,MG,2204.17,3551,108.94,Alta renda
ACC-00689,74,SP,13168.77,2510,1157.29,Alta renda
ACC-00690,75,PE,5319.28,475,540.09,Digital
ACC-00691,61,RJ,4660.77,4642,407.96,Varejo
ACC-00692,69,BA,887.2,1098,86.72,Empresarial
ACC-00693,40,MG,3801.28,690,530.08,Varejo
ACC-00694,27,PR,2029.75,2838,321.69,Alta renda
ACC-00695,42,GO,5559.96,4258,194.08,Varejo
ACC-00696,39,SP,7123.26,994,767.17,Varejo
ACC-00697,49,SP,8082.22,3636,225.49,Varejo
ACC-00698,54,SP,3435.23,3911,327.63,Digital
ACC-00699,36,BA,3646.46,4747,288.96,Varejo
ACC-00700,36,SP,5085.4,2169,133.04,Varejo
ACC-00701,70,SP,978.73,446,147.84,Varejo
ACC-00702,40,SP,2887.23,700,224.82,Varejo
ACC-00703,47,PE,2689.72,3221,251.98,Alta renda
ACC-00704,75,RJ,5369.72,3856,687.98,Digital
ACC-00705,24,SP,2843.26,2310,297.57,Empresarial
ACC-00706,59,SP,6207.61,4093,877.39,Varejo
ACC-00707,60,BA,3376.71,122,113.79,Alta renda
ACC-00708,72,PR,6673.73,396,192.48,Varejo
ACC-00709,50,RJ,16186.26,3435,806.97,Varejo
ACC-00710,36,SP,10537.66,1408,1156.31,Varejo
ACC-00711,66,SP,7084.2,2964,769.78,Digital
ACC-00712,71,SP,8055.19,3575,400.23,Digital
ACC-00713,19,DF,3017.37,2528,97.97,Varejo
ACC-00714,36,SP,2319.47,4014,226.14,Varejo
ACC-00715,76,SP,2208.66,2813,324.35,Digital
ACC-00716,56,MG,4346.99,731,217.19,Varejo
ACC-00717,62,MG,9973.74,3528,825.87,Varejo
ACC-00718,60,SP,2382.49,4710,328.43,Varejo
ACC-00719,20,MG,5190.75,3422,701.38,Varejo
ACC-00720,31,BA,1701.59,4594,184.34,Varejo
ACC-00721,48,SC,1736.06,958,218.47,Varejo
ACC-00722,50,RS,6683.89,1272,557.12,Digital
ACC-00723,48,GO,2449.47,606,309.09,Varejo
ACC-00724,74,SP,2404.2,3477,102.26,Varejo
ACC-00725,44,SP,13822.37,2134,560.33,Varejo
ACC-00726,63,SP,4003.04,3934,400.31,Varejo
ACC-00727,58,SP,3718.55,4515,499.21,Varejo
ACC-00728,32,SC,3296.96,945,487.13,Varejo
ACC-00729,58,GO,5013.91,3103,436.82,Varejo
ACC-00730,28,RJ,2416.11,3608,237.81,Varejo
ACC-00731,42,GO,3972.92,4475,630.79,Digital
ACC-00732,18,SC,7757.04,4664,1138.67,Varejo
ACC-00733,22,SP,3107.53,1057,286.51,Varejo
ACC-00734,70,SP,815.46,2911,54.7,Alta renda
ACC-00735,21,SP,2500.66,128,151.6,Digital
ACC-00736,25,PE,6305.96,3609,451.65,Digital
ACC-00737,23,SP,7931.38,1153,256.12,Empresarial
ACC-00738,21,RJ,4848.01,1511,213.45,Empresarial
ACC-00739,50,SP,9680.03,2477,903.23,Varejo
ACC-00740,33,RJ,1947.39,3697,163.17,Empresarial
ACC-00741,70,SP,8789.05,2449,570.76,Digital
ACC-00742,18,SP,4386.78,105,396.56,Varejo
ACC-00743,64,MG,5939.49,610,400.3,Alta renda
ACC-00744,34,RS,596.29,691,93.2,Digital
ACC-00745,47,DF,6837.07,4776,271.42,Varejo
ACC-00746,20,SP,4453.4,1085,278.85,Varejo
ACC-00747,62,SP,13232.2,4338,1838.19,Empresarial
ACC-00748,40,SP,4325.7,2286,348.9,Varejo
ACC-00749,70,PE,2033.17,1883,118.23,Alta renda
ACC-00750,64,SP,2270.81,3331,310.06,Varejo
ACC-00751,71,SP,4982.3,2152,723.76,Empresarial
ACC-00752,65,MG,4675.39,545,191.45,Varejo
ACC-00753,27,SP,2534.65,3376,381.86,Empresarial
ACC-00754,55,DF,1911.78,2393,145.61,Varejo
ACC-00755,56,RJ,10253.9,4818,1392.35,Varejo
ACC-00756,29,PR,3277.58,3205,451.59,Empresarial
ACC-00757,42,SP,3660.9,3238,242.3,Digital
ACC-00758,75,SP,2706.26,2346,248.58,Digital
ACC-00759,25,PR,9499.01,1639,683.75,Digital
ACC-00760,51,PR,7903.4,3155,719.92,Varejo
ACC-00761,75,BA,1970.28,2085,118.68,Varejo
ACC-00762,22,RJ,3641.76,4000,235.91,Varejo
ACC-00763,64,PR,2101.96,1928,69.96,Empresarial
ACC-00764,58,SC,12776.03,710,522.89,Digital
ACC-00765,73,RS,5105.79,1645,681.2,Varejo
ACC-00766,76,PE,3190.27,4391,272.12,Varejo
ACC-00767,51,SP,3073.67,4646,189.39,Varejo
ACC-00768,73,PR,5451.85,4140,195.51,Varejo
ACC-00769,49,SP,3261.95,2298,323.51,Varejo
ACC-00770,37,MG,10433.0,1062,1230.63,Varejo
ACC-00771,62,SP,2096.38,3698,131.57,Varejo
ACC-00772,26,RJ,1715.53,2443,127.66,Varejo
ACC-00773,30,PR,9574.07,2157,1010.15,Digital
ACC-00774,73,RJ,2902.42,2897,324.68,Varejo
ACC-00775,39,SP,9632.67,2539,428.53,Varejo
ACC-00776,48,RJ,6781.24,3231,589.57,Alta renda
ACC-00777,30,SC,1583.26,1492,151.67,Digital
ACC-00778,71,SP,2575.56,2232,205.48,Varejo
ACC-00779,22,RS,3952.31,705,485.43,Digital
ACC-00780,63,RJ,3316.66,1376,360.2,Digital
ACC-00781,64,SP,4660.47,1557,453.87,Digital
ACC-00782,60,MG,2570.56,4785,259.02,Digital
ACC-00783,58,SP,3622.05,1648,532.87,Varejo
ACC-00784,72,SC,7339.05,1523,428.59,Empresarial
ACC-00785,43,SP,9103.34,4640,1245.41,Varejo
ACC-00786,72,MG,2290.38,1360,198.0,Digital
ACC-00787,37,SP,3291.89,3837,228.98,Empresarial
ACC-00788,77,RS,3524.83,2553,442.31,Varejo
ACC-00789,20,SP,1591.76,2394,222.69,Varejo
ACC-00790,33,GO,7042.33,3181,743.05,Digital
ACC-00791,50,SP,5525.1,2826,830.39,Varejo
ACC-00792,67,PR,5371.71,3843,314.67,Digital
ACC-00793,67,SP,3562.86,4948,120.64,Varejo
ACC-00794,20,MG,6739.33,3623,696.67,Varejo
ACC-00795,29,BA,7159.67,796,622.04,Varejo
ACC-00796,72,SP,8135.71,1946,280.96,Digital
ACC-00797,25,SP,3427.02,2493,473.68,Varejo
ACC-00798,57,GO,4803.47,1078,687.3,Empresarial
ACC-00799,54,SP,2972.89,2986,270.69,Varejo
ACC-00800,55,RS,3102.89,742,211.3,Empresarial
ACC-00801,35,MG,7244.21,702,249.59,Varejo
ACC-00802,24,SC,3963.69,2785,561.55,Alta renda
ACC-00803,59,SP,3463.73,1238,530.34,Alta renda
ACC-00804,39,BA,5665.13,342,662.76,Varejo
ACC-00805,74,BA,5899.23,1664,465.71,Alta renda
ACC-00806,27,RJ,2344.23,4284,117.18,Empresarial
ACC-00807,30,SP,2512.4,1238,197.67,Digital
ACC-00808,73,SP,6081.43,4235,272.92,Digital
ACC-00809,26,SP,5388.07,2471,814.41,Varejo
ACC-00810,56,SP,3340.14,4520,114.15,Alta renda
ACC-00811,66,GO,8327.4,723,242.29,Digital
ACC-00812,22,RS,3588.8,3570,100.55,Alta renda
ACC-00813,61,MG,1090.74,4743,110.62,Alta renda
ACC-00814,41,RJ,2281.68,2352,205.68,Varejo
ACC-00815,43,SP,1467.64,189,107.85,Varejo
ACC-00816,22,RS,8059.81,2828,542.62,Varejo
ACC-00817,18,RJ,5315.53,3171,286.77,Varejo
ACC-00818,60,RJ,4134.66,1088,382.75,Varejo
ACC-00819,77,SP,848.58,4195,35.0,Empresarial
ACC-00820,60,SC,1465.26,1516,219.89,Digital
ACC-00821,77,SP,3470.37,2731,504.2,Alta renda
ACC-00822,19,SP,1203.35,1695,89.33,Digital
ACC-00823,36,RJ,7059.76,1401,890.32,Varejo
ACC-00824,41,SP,3579.87,2603,237.73,Varejo
ACC-00825,57,GO,3487.63,189,169.37,Digital
ACC-00826,22,RS,3673.07,4089,137.0,Varejo
ACC-00827,72,BA,2064.0,3600,197.8,Varejo
ACC-00828,58,SP,1942.92,4694,67.68,Alta renda
ACC-00829,64,MG,1114.18,1374,152.72,Empresarial
ACC-00830,41,SP,3886.48,3812,508.17,Alta renda
ACC-00831,42,SP,4984.4,3621,764.91,Varejo
ACC-00832,32,SP,3279.87,3845,499.84,Varejo
ACC-00833,23,RJ,3185.47,626,256.76,Varejo
ACC-00834,26,BA,2077.55,4505,278.46,Digital
ACC-00835,69,RS,4505.01,4007,502.14,Varejo
ACC-00836,65,RJ,777.89,1745,40.65,Digital
ACC-00837,41,MG,1867.04,2154,178.12,Varejo
ACC-00838,77,PE,2494.97,2672,150.29,Alta renda
ACC-00839,29,SP,2750.35,2315,121.3,Digital
ACC-00840,31,SP,4410.05,4609,562.19,Varejo
ACC-00841,18,PE,3377.65,3084,372.17,Varejo
ACC-00842,70,SP,4234.64,4292,304.16,Varejo
ACC-00843,48,SP,8602.02,4027,923.22,Digital
ACC-00844,49,SP,9338.18,1923,507.6,Varejo
ACC-00845,43,MG,5831.01,2424,564.83,Varejo
ACC-00846,57,RS,8617.85,4076,619.19,Alta renda
ACC-00847,49,SP,11781.28,4313,439.13,Alta renda
ACC-00848,66,SP,4869.63,1652,679.07,Varejo
ACC-00849,50,BA,1542.41,4116,234.27,Empresarial
ACC-00850,26,SC,7357.18,2283,555.22,Varejo
ACC-00851,34,SP,2004.81,1761,125.99,Varejo
ACC-00852,23,GO,12838.52,4923,473.52,Alta renda
ACC-00853,32,SP,11746.14,578,1071.46,Varejo
ACC-00854,34,SP,2732.99,4613,344.61,Varejo
ACC-00855,52,RS,1872.71,3567,113.37,Varejo
ACC-00856,66,GO,2446.4,4951,382.26,Varejo
ACC-00857,39,MG,3669.08,2257,402.14,Varejo
ACC-00858,29,RS,8802.77,3096,1324.7,Varejo
ACC-00859,28,MG,1714.66,115,256.11,Varejo
ACC-00860,65,MG,6790.2,1015,775.09,Empresarial
ACC-00861,50,GO,996.97,1498,55.8,Empresarial
ACC-00862,55,SP,8424.54,2103,942.81,Alta renda
ACC-00863,51,GO,3676.53,4686,259.47,Alta renda
ACC-00864,54,RJ,4358.28,4290,406.55,Alta renda
ACC-00865,43,BA,3572.49,3782,278.26,Varejo
ACC-00866,23,BA,7032.04,1167,190.83,Varejo
ACC-00867,64,PR,4872.46,4397,381.31,Varejo
ACC-00868,60,SP,11466.19,875,395.34,Varejo
ACC-00869,66,PE,1206.45,866,181.35,Digital
ACC-00870,53,MG,2125.37,3412,131.04,Varejo
ACC-00871,42,SP,1595.73,259,45.98,Varejo
ACC-00872,62,SP,6103.14,1256,498.6,Varejo
ACC-00873,65,GO,1278.03,3628,156.72,Varejo
ACC-00874,38,DF,18586.03,169,2855.63,Varejo
ACC-00875,19,SP,4063.02,4548,324.63,Alta renda
ACC-00876,56,BA,8469.58,592,630.83,Digital
ACC-00877,69,SP,2042.41,614,74.13,Empresarial
ACC-00878,18,GO,4348.61,4831,691.26,Varejo
ACC-00879,29,SP,5743.14,1134,175.2,Varejo
ACC-00880,46,BA,2418.44,1863,72.57,Varejo
ACC-00881,62,SP,3300.92,3326,89.17,Varejo
ACC-00882,37,PE,10533.29,1676,1236.81,Empresarial
ACC-00883,71,PR,8718.1,1750,533.09,Alta renda
ACC-00884,74,SP,5576.55,2969,778.25,Alta renda
ACC-00885,28,PR,13785.69,3469,1745.34,Varejo
ACC-00886,65,DF,1080.55,3089,143.01,Digital
ACC-00887,57,RJ,4625.32,2733,218.8,Varejo
ACC-00888,77,BA,2987.25,4988,350.02,Varejo
ACC-00889,30,PR,9656.9,2311,1502.65,Varejo
ACC-00890,43,SP,7874.76,1613,1087.97,Varejo
ACC-00891,42,MG,8185.64,4505,429.22,Alta renda
ACC-00892,35,RS,2596.78,3024,85.37,Digital
ACC-00893,70,MG,5513.85,107,510.51,Varejo
ACC-00894,54,PE,7724.55,1535,416.9,Alta renda
ACC-00895,65,RJ,8895.11,1157,244.84,Varejo
ACC-00896,56,RS,2096.11,4945,100.89,Varejo
ACC-00897,58,GO,2455.03,2261,186.28,Varejo
ACC-00898,34,SP,4489.0,2800,517.19,Varejo
ACC-00899,54,SP,9477.36,4585,447.39,Varejo
ACC-00900,51,MG,5728.36,1503,311.51,Varejo
ACC-00901,71,BA,9360.67,457,469.93,Digital
ACC-00902,23,SP,1075.88,4959,142.54,Varejo
ACC-00903,70,GO,3208.11,3385,169.95,Digital
ACC-00904,74,RS,5293.56,3473,215.03,Varejo
ACC-00905,42,RS,4560.69,4930,633.65,Varejo
ACC-00906,22,PE,1119.51,3213,134.49,Digital
ACC-00907,36,DF,7828.85,38,341.58,Alta renda
ACC-00908,74,SP,4790.87,2790,310.44,Digital
ACC-00909,42,PE,2826.42,575,430.97,Varejo
ACC-00910,50,PR,8337.68,4122,435.08,Digital
ACC-00911,26,GO,1243.86,4821,166.59,Alta renda
ACC-00912,59,SP,2745.28,4769,251.63,Varejo
ACC-00913,51,BA,6799.64,4649,885.46,Digital
ACC-00914,53,SP,4887.3,3216,329.98,Digital
ACC-00915,60,SP,3307.52,3288,260.4,Digital
ACC-00916,26,GO,3463.54,4967,145.13,Varejo
ACC-00917,60,SP,3288.53,3346,387.92,Digital
ACC-00918,59,MG,6725.8,4796,1039.81,Varejo
ACC-00919,23,BA,3140.7,3548,230.92,Alta renda
ACC-00920,55,SP,5947.05,867,455.0,Varejo
ACC-00921,73,SP,985.75,3725,123.4,Digital
ACC-00922,32,RJ,8511.07,3826,982.14,Alta renda
ACC-00923,33,MG,18713.69,4110,2413.07,Varejo
ACC-00924,64,RS,5296.33,4531,244.56,Digital
ACC-00925,42,SP,3618.3,4810,496.04,Digital
ACC-00926,76,RJ,2703.23,606,400.67,Varejo
ACC-00927,71,RJ,6032.09,2773,703.66,Varejo
ACC-00928,44,BA,2508.37,986,74.82,Varejo
ACC-00929,19,GO,2248.06,2355,229.23,Varejo
ACC-00930,66,BA,959.31,878,84.37,Alta renda
ACC-00931,68,RJ,4481.42,1217,680.33,Varejo
ACC-00932,29,BA,3168.34,2670,314.46,Alta renda
ACC-00933,31,SP,3283.36,4182,288.8,Digital
ACC-00934,39,BA,3821.88,431,339.73,Alta renda
ACC-00935,66,RJ,2415.65,4075,149.37,Varejo
ACC-00936,72,MG,4323.32,950,670.48,Digital
ACC-00937,60,SP,1897.04,136,216.33,Alta renda
ACC-00938,38,SP,3551.04,1339,427.84,Alta renda
ACC-00939,72,PR,3187.78,1253,349.28,Varejo
ACC-00940,53,MG,1260.93,3754,60.37,Alta renda
ACC-00941,53,RJ,1741.01,4706,205.07,Digital
ACC-00942,24,SC,2604.2,1091,137.11,Varejo
ACC-00943,41,DF,2655.6,4157,115.72,Alta renda
ACC-00944,72,PR,4530.01,4634,384.42,Varejo
ACC-00945,35,SP,2941.73,3592,276.81,Varejo
ACC-00946,53,MG,3702.43,560,363.61,Alta renda
ACC-00947,61,SP,2934.44,4127,444.77,Digital
ACC-00948,28,BA,710.81,3189,51.29,Digital
ACC-00949,39,SP,3532.61,887,433.4,Varejo
ACC-00950,55,MG,2214.07,2434,149.01,Varejo
ACC-00951,48,MG,3449.9,1420,452.29,Varejo
ACC-00952,75,MG,2326.33,750,258.76,Empresarial
ACC-00953,77,RS,5861.67,4969,493.52,Varejo
ACC-00954,32,SP,3715.08,1678,298.06,Varejo
ACC-00955,42,PR,6065.52,1744,523.64,Varejo
ACC-00956,32,SP,6360.77,3488,642.69,Digital
ACC-00957,40,BA,2648.33,1085,362.71,Digital
ACC-00958,23,PR,6502.41,2889,357.87,Varejo
ACC-00959,31,DF,4441.19,138,297.68,Varejo
ACC-00960,35,SP,1924.33,1324,238.16,Digital
ACC-00961,35,SP,3549.7,3588,276.9,Varejo
ACC-00962,62,PR,4068.97,2487,453.1,Digital
ACC-00963,33,SP,8738.09,87,1379.49,Varejo
ACC-00964,64,SP,3051.63,733,289.45,Empresarial
ACC-00965,32,GO,10626.03,2841,1492.13,Varejo
ACC-00966,30,SP,6313.35,796,175.86,Varejo
ACC-00967,69,MG,968.48,2455,109.47,Alta renda
ACC-00968,74,SP,1952.52,1593,220.49,Alta renda
ACC-00969,64,MG,5604.11,4656,545.52,Varejo
ACC-00970,46,SP,1486.28,1306,53.51,Empresarial
ACC-00971,59,BA,5216.17,408,305.14,Varejo
ACC-00972,74,RS,9402.21,1716,992.41,Varejo
ACC-00973,20,MG,3215.36,3660,95.39,Varejo
ACC-00974,75,PR,9556.72,3756,902.31,Varejo
ACC-00975,40,GO,9050.34,815,904.41,Varejo
ACC-00976,39,SP,3689.98,126,584.65,Varejo
ACC-00977,52,MG,3745.52,4377,585.01,Digital
ACC-00978,53,SP,4306.17,3261,446.27,Alta renda
ACC-00979,36,SP,5111.16,2321,755.59,Varejo
ACC-00980,25,RS,1390.82,551,150.25,Alta renda
ACC-00981,71,SP,3483.54,433,354.94,Varejo
ACC-00982,74,SP,1289.98,4936,99.72,Varejo
ACC-00983,60,BA,3058.45,1930,396.07,Empresarial
ACC-00984,70,SP,3318.89,513,155.12,Varejo
ACC-00985,23,RJ,1174.59,1152,58.74,Varejo
ACC-00986,32,GO,1683.62,2921,190.35,Varejo
ACC-00987,77,BA,2954.96,4692,371.09,Varejo
ACC-00988,70,SP,15587.5,3809,568.39,Alta renda
ACC-00989,75,PR,1554.05,3796,247.07,Alta renda
ACC-00990,36,PR,4150.4,372,548.26,Digital
ACC-00991,36,GO,2141.35,144,116.38,Alta renda
ACC-00992,61,BA,2999.56,1691,384.15,Varejo
ACC-00993,36,MG,7261.66,2321,336.55,Digital
ACC-00994,57,GO,4683.54,2736,611.28,Varejo
ACC-00995,32,RJ,5048.04,3810,326.17,Varejo
ACC-00996,32,SP,5258.98,4186,272.4,Varejo
ACC-00997,56,RJ,5564.01,452,419.64,Varejo
ACC-00998,53,SP,939.16,2184,97.42,Varejo
ACC-00999,32,MG,4919.34,4700,512.88,Alta renda
ACC-01000,66,PR,3621.69,1207,262.53,Digital
ACC-01001,49,SP,4955.95,2994,619.59,Empresarial
ACC-01002,74,DF,6592.22,3556,589.44,Varejo
ACC-01003,40,SP,5014.96,4990,422.66,Digital
ACC-01004,66,SP,5995.48,170,700.93,Varejo
ACC-01005,73,SP,1787.46,2445,216.87,Digital
ACC-01006,74,DF,5120.84,3606,802.05,Varejo
ACC-01007,51,SC,3565.2,2290,120.45,Alta renda
ACC-01008,31,SP,3618.37,807,560.46,Alta renda
ACC-01009,55,MG,8911.41,4650,483.35,Varejo
ACC-01010,41,MG,2786.0,2416,115.59,Digital
ACC-01011,50,GO,2481.72,2166,285.13,Varejo
ACC-01012,64,SP,1629.75,1933,94.02,Digital
ACC-01013,75,MG,3158.52,2074,356.09,Digital
ACC-01014,67,MG,7676.71,1648,658.01,Digital
ACC-01015,64,RJ,1294.57,1672,202.36,Digital
ACC-01016,42,MG,4506.57,2894,580.79,Alta renda
ACC-01017,25,GO,737.82,482,63.46,Varejo
ACC-01018,43,RS,2443.85,2392,282.65,Varejo
ACC-01019,33,MG,5086.62,3260,158.85,Varejo
ACC-01020,26,SP,2697.11,4311,257.73,Varejo
ACC-01021,22,SP,1752.29,4672,237.48,Digital
ACC-01022,60,MG,3012.87,3367,280.63,Alta renda
ACC-01023,66,MG,7280.25,3203,596.37,Varejo
ACC-01024,27,PE,10094.62,2217,602.02,Varejo
ACC-01025,23,PR,10228.54,219,891.22,Digital
ACC-01026,54,SP,5963.95,363,777.18,Digital
ACC-01027,69,BA,4838.58,2019,587.04,Varejo
ACC-01028,60,SP,7264.79,144,312.9,Varejo
ACC-01029,21,RJ,1805.08,3148,124.88,Varejo
ACC-01030,49,SP,2038.6,549,159.95,Alta renda
ACC-01031,55,RJ,8861.86,4199,709.17,Empresarial
ACC-01032,42,SP,6678.03,4219,1034.42,Digital
ACC-01033,65,DF,6760.17,917,908.06,Digital
ACC-01034,31,SP,4421.29,1369,266.26,Alta renda
ACC-01035,24,RJ,2238.93,2867,249.97,Varejo
ACC-01036,67,MG,1896.82,2721,108.31,Varejo
ACC-01037,59,SP,7042.58,3347,596.71,Digital
ACC-01038,62,MG,7737.53,2587,810.97,Alta renda
ACC-01039,53,DF,1847.69,2415,148.86,Digital
ACC-01040,44,MG,2366.85,1925,216.85,Digital
ACC-01041,38,RJ,3580.0,1171,341.41,Varejo
ACC-01042,46,SP,6758.22,2811,287.99,Varejo
ACC-01043,39,SP,3067.6,3484,186.31,Digital
ACC-01044,58,SP,2199.65,4126,225.26,Varejo
ACC-01045,60,SP,7276.99,2594,771.5,Varejo
ACC-01046,32,RJ,5643.32,3139,854.4,Varejo
ACC-01047,65,RS,2437.51,4173,72.28,Digital
ACC-01048,24,PE,2493.44,3338,372.65,Varejo
ACC-01049,55,RJ,7875.28,2785,345.27,Varejo
ACC-01050,26,MG,1664.75,4759,206.35,Alta renda
ACC-01051,48,SP,3164.12,2238,263.71,Empresarial
ACC-01052,67,GO,5125.84,2954,815.71,Varejo
ACC-01053,70,RJ,4259.26,1655,223.05,Varejo
ACC-01054,68,SP,7003.18,1551,222.32,Digital
ACC-01055,74,SP,1258.71,3986,127.07,Varejo
ACC-01056,45,RS,3871.69,94,488.93,Varejo
ACC-01057,49,MG,4655.27,2040,631.87,Varejo
ACC-01058,23,SP,4754.46,1379,702.61,Alta renda
ACC-01059,38,MG,5569.13,3718,667.45,Empresarial
ACC-01060,66,SP,1792.8,2801,285.58,Varejo
ACC-01061,74,PE,9792.23,4699,295.26,Digital
ACC-01062,59,SP,5141.64,4418,374.7,Varejo
ACC-01063,42,RJ,5510.49,1050,218.39,Digital
ACC-01064,58,BA,2630.78,463,320.31,Digital
ACC-01065,63,SP,4304.81,2225,384.23,Varejo
ACC-01066,61,BA,9088.81,774,886.02,Varejo
ACC-01067,57,BA,3790.05,3905,241.9,Alta renda
ACC-01068,59,SP,4345.87,2018,624.72,Alta renda
ACC-01069,62,RJ,4702.57,37,417.48,Varejo
ACC-01070,24,SP,1324.13,1540,35.0,Varejo
ACC-01071,71,SP,3421.51,2142,167.59,Digital
ACC-01072,38,RJ,6005.68,1790,639.07,Varejo
ACC-01073,76,RJ,2786.23,4951,310.17,Digital
ACC-01074,41,SP,3724.14,2206,481.81,Alta renda
ACC-01075,38,BA,3747.01,1556,199.9,Digital
ACC-01076,72,RS,1370.64,3371,55.49,Digital
ACC-01077,42,SP,6456.23,2455,545.71,Empresarial
ACC-01078,32,RS,1587.43,1047,56.39,Alta renda
ACC-01079,18,SP,5037.85,1129,566.29,Digital
ACC-01080,55,SP,3509.27,3688,487.16,Empresarial
ACC-01081,54,RS,3066.43,1145,252.09,Alta renda
ACC-01082,18,SC,3997.43,2711,128.61,Varejo
ACC-01083,25,RJ,6247.22,115,941.15,Digital
ACC-01084,37,MG,6494.74,327,989.33,Digital
ACC-01085,22,BA,2893.66,4080,206.48,Alta renda
ACC-01086,42,PR,3439.56,4458,431.64,Digital
ACC-01087,48,DF,2189.37,2264,113.56,Varejo
ACC-01088,49,SP,1480.34,1910,194.16,Varejo
ACC-01089,58,SC,7101.85,3264,268.98,Empresarial
ACC-01090,77,RJ,1875.79,3752,226.57,Varejo
ACC-01091,45,RJ,2373.34,1951,146.44,Varejo
ACC-01092,18,RS,4898.15,3343,456.74,Varejo
ACC-01093,70,DF,1594.0,2358,176.13,Varejo
ACC-01094,55,SP,5229.45,1410,725.89,Alta renda
ACC-01095,52,SP,2211.81,931,194.1,Alta renda
ACC-01096,73,BA,1828.63,3463,170.18,Varejo
ACC-01097,74,SP,2624.29,152,130.58,Digital
ACC-01098,62,RJ,2201.32,359,162.22,Alta renda
ACC-01099,27,SP,4462.38,1526,410.88,Varejo
ACC-01100,40,SP,9621.81,1104,793.09,Varejo
ACC-01101,23,SP,5932.12,2180,595.06,Empresarial
ACC-01102,62,SP,5178.19,4518,818.25,Varejo
ACC-01103,65,SP,2565.85,1956,99.04,Empresarial
ACC-01104,60,SP,3272.35,528,291.35,Digital
ACC-01105,25,PR,4064.47,4102,104.1,Digital
ACC-01106,38,MG,3643.43,3551,150.14,Varejo
ACC-01107,23,SP,4150.52,383,251.58,Empresarial
ACC-01108,34,BA,1729.93,4269,263.7,Digital
ACC-01109,33,DF,11856.36,3627,1666.31,Digital
ACC-01110,55,PE,1570.25,2286,39.57,Alta renda
ACC-01111,39,SP,3394.03,188,415.56,Digital
ACC-01112,61,SP,6381.95,279,248.27,Varejo
ACC-01113,20,PR,2293.67,2078,221.57,Empresarial
ACC-01114,39,SC,7365.02,4289,557.28,Varejo
ACC-01115,19,PR,1485.96,4247,201.29,Varejo
ACC-01116,71,SP,2291.6,3615,212.61,Varejo
ACC-01117,71,GO,805.26,3921,101.21,Varejo
ACC-01118,52,RS,7261.43,2767,889.75,Varejo
ACC-01119,65,RS,1705.24,4822,251.36,Varejo
ACC-01120,43,RJ,2359.91,859,274.47,Digital
ACC-01121,47,SP,6080.4,1175,688.0,Digital
ACC-01122,56,RS,4616.33,3729,343.95,Varejo
ACC-01123,43,SP,7365.12,3522,703.41,Varejo
ACC-01124,46,SP,5613.26,3847,238.57,Alta renda
ACC-01125,24,SP,6573.1,549,862.2,Alta renda
ACC-01126,33,SP,2693.56,1178,82.2,Varejo
ACC-01127,59,PE,3480.2,56,144.85,Digital
ACC-01128,71,BA,5945.38,469,487.48,Varejo
ACC-01129,31,SP,5996.98,1170,502.47,Varejo
ACC-01130,29,SP,6798.41,3942,1068.27,Varejo
ACC-01131,45,RJ,2234.57,3097,251.69,Varejo
ACC-01132,56,SP,1802.53,4509,152.49,Varejo
ACC-01133,35,SP,1625.76,386,249.58,Digital
ACC-01134,75,SP,2701.65,2538,417.71,Varejo
ACC-01135,53,SP,3440.79,1545,349.86,Varejo
ACC-01136,20,SP,1691.77,739,107.77,Alta renda
ACC-01137,51,PE,3259.9,403,264.17,Varejo
ACC-01138,33,SP,5537.98,3232,828.73,Digital
ACC-01139,52,SP,6986.47,1350,795.74,Digital
ACC-01140,74,MG,2507.89,2392,157.11,Varejo
ACC-01141,70,MG,5313.41,2086,489.69,Digital
ACC-01142,26,MG,1602.38,2556,191.39,Empresarial
ACC-01143,75,RJ,2391.76,1576,194.42,Varejo
ACC-01144,48,SP,3936.49,2063,413.89,Digital
ACC-01145,52,SP,2414.11,2476,385.21,Varejo
ACC-01146,75,PR,2214.12,331,95.74,Varejo
ACC-01147,57,SC,4372.47,4803,510.31,Alta renda
ACC-01148,27,SP,1928.33,1934,275.27,Digital
ACC-01149,74,DF,3946.57,525,384.74,Varejo
ACC-01150,22,DF,3424.85,1568,313.51,Empresarial
ACC-01151,31,SP,5109.77,2925,351.07,Digital
ACC-01152,34,RJ,5995.15,3888,576.01,Varejo
ACC-01153,74,DF,4002.16,839,506.75,Empresarial
ACC-01154,26,RJ,2656.64,4644,341.4,Digital
ACC-01155,32,BA,7063.09,1361,783.67,Alta renda
ACC-01156,18,SP,4168.33,1858,457.63,Digital
ACC-01157,18,SP,2069.63,1672,276.51,Varejo
ACC-01158,47,RS,4101.68,3574,151.91,Varejo
ACC-01159,75,SP,2462.15,3292,245.07,Varejo
ACC-01160,46,RJ,710.23,1253,111.98,Varejo
ACC-01161,43,SP,1965.45,4229,138.68,Varejo
ACC-01162,76,SP,2865.3,652,372.67,Varejo
ACC-01163,32,RS,2721.75,2517,229.87,Varejo
ACC-01164,73,MG,1348.58,216,87.0,Varejo
ACC-01165,65,SP,2919.87,2234,225.18,Varejo
ACC-01166,18,GO,4836.54,2627,656.1,Varejo
ACC-01167,34,SP,1746.93,3628,189.92,Digital
ACC-01168,44,SC,4329.93,4286,546.61,Varejo
ACC-01169,68,RJ,981.56,3056,71.64,Alta renda
ACC-01170,29,GO,5088.45,1540,334.14,Varejo
ACC-01171,21,BA,2535.53,2739,127.33,Empresarial
ACC-01172,40,SP,1533.3,3950,240.35,Digital
ACC-01173,32,DF,7528.09,2738,563.37,Digital
ACC-01174,38,SP,4953.24,3512,655.71,Varejo
ACC-01175,53,SP,6783.78,462,525.83,Varejo
ACC-01176,49,SP,4476.38,3122,443.09,Digital
ACC-01177,57,RJ,4584.05,929,649.5,Alta renda
ACC-01178,24,RS,2850.97,3034,151.29,Empresarial
ACC-01179,47,RJ,4811.28,4584,474.01,Varejo
ACC-01180,74,MG,3463.25,1216,200.79,Empresarial
ACC-01181,32,SP,2414.87,4099,380.84,Empresarial
ACC-01182,50,PE,3233.76,4413,482.83,Varejo
ACC-01183,70,RJ,1597.77,359,139.56,Varejo
ACC-01184,29,SP,3593.24,3109,223.05,Digital
ACC-01185,73,PR,4859.82,3179,524.2,Varejo
ACC-01186,43,MG,3960.16,4993,561.8,Varejo
ACC-01187,21,SP,5276.76,3061,592.5,Varejo
ACC-01188,68,SP,2986.59,3248,413.02,Varejo
ACC-01189,32,MG,3731.08,3288,514.44,Empresarial
ACC-01190,43,MG,3719.62,784,170.91,Varejo
ACC-01191,58,GO,12731.7,869,1144.55,Varejo
ACC-01192,49,SP,1573.47,3221,92.08,Digital
ACC-01193,65,RJ,13483.5,51,440.27,Empresarial
ACC-01194,69,MG,2279.98,863,86.79,Digital
ACC-01195,63,MG,2940.65,1220,457.0,Varejo
ACC-01196,27,RJ,4372.9,2171,611.06,Digital
ACC-01197,31,PE,5315.36,4100,779.77,Varejo
ACC-01198,75,SP,3592.19,2215,169.0,Digital
ACC-01199,29,SP,4219.83,4128,258.25,Varejo
ACC-01200,75,RS,8987.16,906,550.2,Alta renda
ACC-01201,43,SP,19595.48,119,1636.75,Varejo
ACC-01202,33,GO,4769.48,4204,654.52,Varejo
ACC-01203,38,SP,5740.02,2366,569.86,Varejo
ACC-01204,36,SP,3436.47,702,359.75,Varejo
ACC-01205,43,SP,10684.37,3665,1493.5,Empresarial
ACC-01206,55,SC,3406.79,3765,260.34,Digital
ACC-01207,53,GO,5088.57,3599,725.62,Varejo
ACC-01208,72,DF,1870.35,2622,297.0,Digital
ACC-01209,47,BA,661.07,3863,60.37,Digital
ACC-01210,31,MG,15828.22,3576,1800.42,Varejo
ACC-01211,29,RJ,7297.44,2642,964.82,Digital
ACC-01212,43,SP,6625.61,2429,347.87,Varejo
ACC-01213,23,RJ,2016.16,3856,150.35,Digital
ACC-01214,76,MG,1286.49,765,40.69,Varejo
ACC-01215,76,SP,3152.58,1933,483.32,Varejo
ACC-01216,76,SP,3963.19,3093,345.48,Alta renda
ACC-01217,27,DF,5846.1,4268,530.2,Digital
ACC-01218,60,SP,3702.28,2971,129.02,Varejo
ACC-01219,42,SP,8379.33,1366,1210.19,Varejo
ACC-01220,44,SP,4596.85,1907,340.17,Varejo
ACC-01221,22,PR,4487.41,342,245.99,Empresarial
ACC-01222,36,SP,7767.52,1188,635.81,Alta renda
ACC-01223,38,MG,2393.77,1512,198.83,Digital
ACC-01224,75,DF,4711.56,1240,509.24,Empresarial
ACC-01225,70,SC,2574.01,975,237.1,Varejo
ACC-01226,48,RS,2383.29,370,149.67,Varejo
ACC-01227,44,DF,9731.07,3310,412.41,Alta renda
ACC-01228,70,SP,7430.34,2057,323.07,Varejo
ACC-01229,27,SP,5195.23,3598,547.96,Digital
ACC-01230,66,RS,8542.48,4482,1049.89,Varejo
ACC-01231,59,PE,4688.57,3927,186.45,Varejo
ACC-01232,44,PR,8793.45,3084,886.55,Varejo
ACC-01233,42,RJ,2139.19,2098,276.99,Empresarial
ACC-01234,25,RJ,3356.43,280,103.49,Digital
ACC-01235,65,RS,4718.29,44,623.82,Varejo
ACC-01236,43,GO,1932.0,2685,100.63,Varejo
ACC-01237,65,SP,2396.61,1918,317.5,Varejo
ACC-01238,64,GO,1663.07,4947,177.71,Varejo
ACC-01239,75,SP,5708.96,4773,628.65,Empresarial
ACC-01240,76,SP,2743.47,3097,110.97,Varejo
ACC-01241,34,RJ,4393.86,4653,626.85,Varejo
ACC-01242,45,SP,5176.91,1447,406.73,Varejo
ACC-01243,19,MG,3341.08,3223,256.89,Digital
ACC-01244,69,RJ,3753.68,704,528.68,Alta renda
ACC-01245,61,SP,4040.08,1686,250.28,Digital
ACC-01246,33,PE,4860.75,3344,683.17,Digital
ACC-01247,61,RJ,8755.42,1036,475.36,Varejo
ACC-01248,72,BA,1828.06,614,274.47,Digital
ACC-01249,46,SP,3920.27,4106,259.06,Varejo
ACC-01250,35,SC,1715.07,633,242.23,Digital
ACC-01251,46,SP,9368.06,1774,274.49,Alta renda
ACC-01252,41,PR,1144.6,1522,106.54,Varejo
ACC-01253,59,RS,4118.11,3358,526.92,Varejo
ACC-01254,61,RJ,2833.69,1434,185.48,Alta renda
ACC-01255,21,BA,2561.02,2788,87.83,Varejo
ACC-01256,69,PR,5847.55,4821,445.35,Digital
ACC-01257,75,SP,5199.92,2532,513.42,Varejo
ACC-01258,30,SC,2004.1,3335,63.6,Digital
ACC-01259,22,RJ,4976.61,1923,244.01,Varejo
ACC-01260,50,SP,4446.81,1847,462.73,Digital
ACC-01261,24,RJ,2293.73,1329,238.36,Alta renda
ACC-01262,49,SC,1453.46,4689,176.26,Empresarial
ACC-01263,31,RS,6135.65,3608,403.3,Digital
ACC-01264,70,MG,5767.7,4217,568.6,Digital
ACC-01265,44,DF,5146.9,3270,623.04,Varejo
ACC-01266,52,PR,2634.33,4868,290.82,Varejo
ACC-01267,62,RJ,8018.66,1511,1003.4,Empresarial
ACC-01268,35,BA,33416.09,3750,1148.87,Varejo
ACC-01269,75,PR,4084.96,4553,459.66,Digital
ACC-01270,25,BA,5175.59,544,261.41,Alta renda
ACC-01271,36,RS,2180.71,3035,170.75,Digital
ACC-01272,46,PE,2192.78,2745,191.94,Digital
ACC-01273,24,GO,11334.93,4402,474.77,Varejo
ACC-01274,21,DF,15777.15,2017,704.43,Empresarial
ACC-01275,49,SC,3131.24,1345,119.22,Varejo
ACC-01276,70,PE,2407.51,3801,145.16,Varejo
ACC-01277,39,SP,2027.77,3609,247.25,Empresarial
ACC-01278,46,BA,2474.32,107,165.28,Digital
ACC-01279,40,GO,3784.71,1905,372.55,Varejo
ACC-01280,50,RJ,1639.58,3652,238.79,Varejo
ACC-01281,63,SP,2314.52,4195,118.08,Alta renda
ACC-01282,33,SP,6707.44,4456,448.76,Varejo
ACC-01283,74,RJ,3271.21,738,339.93,Empresarial
ACC-01284,67,SP,2200.35,4571,59.01,Empresarial
ACC-01285,31,SC,1706.75,2711,187.91,Digital
ACC-01286,64,SP,7234.38,1739,313.69,Varejo
ACC-01287,26,SP,1847.72,3123,282.64,Digital
ACC-01288,27,RJ,3307.95,1142,502.66,Varejo
ACC-01289,63,RJ,6910.28,4377,516.11,Digital
ACC-01290,74,SP,5132.59,4013,430.17,Digital
ACC-01291,51,RJ,4373.54,1365,501.27,Varejo
ACC-01292,40,SP,4400.77,3898,437.31,Varejo
ACC-01293,20,SP,1966.43,1626,303.85,Digital
ACC-01294,27,SP,2277.31,2366,328.55,Varejo
ACC-01295,19,PR,2685.6,4471,376.75,Varejo
ACC-01296,24,BA,568.22,3749,50.87,Varejo
ACC-01297,36,SP,2770.94,4294,268.87,Varejo
ACC-01298,60,RS,3399.36,3547,163.55,Varejo
ACC-01299,24,PR,3436.3,1544,476.86,Digital
ACC-01300,32,MG,3348.6,301,273.24,Varejo
ACC-01301,54,MG,4137.36,4223,502.35,Alta renda
ACC-01302,60,RS,4317.35,4476,274.53,Varejo
ACC-01303,46,SP,10427.05,2191,1474.76,Digital
ACC-01304,62,SP,4012.51,1660,394.18,Varejo
ACC-01305,75,MG,6303.35,487,596.11,Alta renda
ACC-01306,18,RS,2475.24,150,227.61,Empresarial
ACC-01307,52,SP,4490.18,4181,124.44,Digital
ACC-01308,68,SP,4391.93,3581,488.08,Alta renda
ACC-01309,42,MG,3144.05,4724,231.88,Varejo
ACC-01310,66,RJ,1207.4,4343,127.21,Digital
ACC-01311,19,DF,1528.46,1204,196.34,Digital
ACC-01312,42,MG,4880.57,3685,371.5,Alta renda
ACC-01313,52,RS,3532.46,2231,143.91,Digital
ACC-01314,62,SP,3116.28,4928,311.51,Alta renda
ACC-01315,77,SP,2357.19,729,201.89,Varejo
ACC-01316,48,DF,3878.11,3755,220.33,Alta renda
ACC-01317,26,BA,5303.38,2070,628.7,Alta renda
ACC-01318,51,BA,12216.73,1988,1746.04,Digital
ACC-01319,32,SP,3639.74,4702,456.99,Varejo
ACC-01320,28,BA,3283.15,2633,433.34,Empresarial
ACC-01321,72,RJ,4391.03,2288,429.72,Digital
ACC-01322,48,SP,7838.13,277,1083.2,Alta renda
ACC-01323,61,RJ,16445.82,1100,2523.85,Varejo
ACC-01324,28,RS,5310.61,4111,491.95,Varejo
ACC-01325,56,RJ,1457.01,1931,169.95,Digital
ACC-01326,67,MG,3764.46,2085,161.44,Varejo
ACC-01327,22,GO,1776.31,1254,202.71,Digital
ACC-01328,26,SP,1987.19,2156,243.13,Varejo
ACC-01329,64,MG,11995.43,2015,1579.02,Alta renda
ACC-01330,49,SP,2966.39,3236,474.58,Alta renda
ACC-01331,43,RS,2340.64,472,344.47,Digital
ACC-01332,66,RJ,9057.18,1883,382.89,Digital
ACC-01333,36,BA,3922.3,3308,370.63,Digital
ACC-01334,73,MG,1790.82,2992,189.21,Varejo
ACC-01335,67,MG,3884.63,698,127.27,Varejo
ACC-01336,55,GO,1513.17,4349,218.71,Varejo
ACC-01337,74,SC,2144.33,1525,339.84,Empresarial
ACC-01338,43,SP,4229.5,1491,268.83,Digital
ACC-01339,22,PE,717.96,4550,35.0,Digital
ACC-01340,46,SP,5965.34,3015,912.72,Alta renda
ACC-01341,76,MG,4427.48,4038,360.16,Empresarial
ACC-01342,72,SP,6482.88,1237,421.36,Varejo
ACC-01343,59,SP,2918.46,2069,117.37,Varejo
ACC-01344,68,SP,4948.59,3074,727.87,Empresarial
ACC-01345,43,RS,1984.58,2771,77.09,Digital
ACC-01346,48,DF,2070.53,4593,237.9,Varejo
ACC-01347,71,SC,4031.15,3941,202.61,Varejo
ACC-01348,73,SP,3839.31,1986,246.59,Digital
ACC-01349,70,PR,3750.85,1474,465.27,Varejo
ACC-01350,35,MG,9070.02,154,1201.27,Empresarial
ACC-01351,45,SP,3161.53,3966,190.43,Varejo
ACC-01352,22,RS,5056.0,1151,299.03,Varejo
ACC-01353,61,PE,4723.14,1324,308.19,Digital
ACC-01354,76,SP,4187.15,2692,403.91,Varejo
ACC-01355,64,SC,4939.12,508,505.3,Varejo
ACC-01356,69,RJ,1227.75,1805,151.17,Varejo
ACC-01357,37,SP,2637.92,3463,103.26,Digital
ACC-01358,52,DF,7734.73,2696,848.63,Varejo
ACC-01359,50,SP,3124.98,1032,161.82,Alta renda
ACC-01360,20,MG,5947.82,3209,344.85,Varejo
ACC-01361,72,PR,5135.86,1829,147.59,Varejo
ACC-01362,58,BA,524.15,726,35.0,Alta renda
ACC-01363,21,RJ,1615.05,4354,130.67,Varejo
ACC-01364,57,BA,2454.47,1254,196.57,Alta renda
ACC-01365,37,SP,2429.84,608,129.19,Varejo
ACC-01366,26,DF,2824.6,2739,444.89,Varejo
ACC-01367,69,MG,2855.51,3939,420.8,Empresarial
ACC-01368,31,SP,2226.63,746,252.74,Digital
ACC-01369,51,DF,2451.42,3232,124.09,Digital
ACC-01370,34,BA,1062.3,3626,79.15,Varejo
ACC-01371,59,PR,13300.27,3755,1380.81,Varejo
ACC-01372,73,RS,9305.28,2594,272.83,Varejo
ACC-01373,61,SC,6658.87,2507,424.75,Digital
ACC-01374,22,SP,3570.56,3247,203.34,Alta renda
ACC-01375,22,BA,2085.49,388,65.12,Varejo
ACC-01376,22,SP,18344.64,818,1572.6,Varejo
ACC-01377,34,SP,2041.88,3918,293.31,Digital
ACC-01378,34,SP,9538.41,4682,735.27,Varejo
ACC-01379,60,DF,4601.41,1046,604.53,Varejo
ACC-01380,45,SP,2081.35,4884,246.94,Empresarial
ACC-01381,40,SP,2213.21,1108,224.13,Alta renda
ACC-01382,41,RJ,2862.01,3284,236.78,Varejo
ACC-01383,77,MG,2505.83,2204,168.43,Varejo
ACC-01384,39,SC,1499.61,1860,198.46,Digital
ACC-01385,29,RS,4952.74,4274,315.24,Varejo
ACC-01386,55,SC,2069.33,3590,60.45,Varejo
ACC-01387,49,GO,6170.01,1514,674.07,Varejo
ACC-01388,38,SP,3346.23,1670,531.79,Digital
ACC-01389,24,PE,4121.73,3570,506.87,Varejo
ACC-01390,51,RJ,4050.9,3298,347.17,Varejo
ACC-01391,58,MG,2919.93,3852,412.1,Digital
ACC-01392,48,SP,3525.71,2130,499.27,Alta renda
ACC-01393,49,RJ,4203.22,2099,392.92,Digital
ACC-01394,41,BA,16856.61,3214,1249.39,Varejo
ACC-01395,37,RJ,1627.99,1101,83.49,Varejo
ACC-01396,29,MG,2376.98,4523,293.43,Varejo
ACC-01397,57,DF,2915.94,2559,136.82,Varejo
ACC-01398,26,GO,1653.35,1305,99.17,Varejo
ACC-01399,73,SP,1572.99,2930,170.43,Varejo
ACC-01400,35,RJ,1361.9,2666,148.06,Varejo
ACC-01401,77,SP,3576.9,1869,568.81,Varejo
ACC-01402,71,SP,2618.46,1585,100.34,Empresarial
ACC-01403,37,SP,4131.91,2626,455.12,Digital
ACC-01404,76,BA,1462.32,4511,161.77,Digital
ACC-01405,22,RS,2070.65,49,189.36,Varejo
ACC-01406,24,SP,6679.84,4747,701.75,Empresarial
ACC-01407,31,SP,6014.62,4943,687.14,Alta renda
ACC-01408,73,SP,1338.63,1646,205.97,Alta renda
ACC-01409,77,RJ,6304.39,2625,500.7,Digital
ACC-01410,36,SP,2577.16,3667,175.18,Alta renda
ACC-01411,62,SP,1790.16,2044,105.92,Varejo
ACC-01412,31,DF,5895.16,1227,204.89,Digital
ACC-01413,32,SP,6584.1,4190,860.7,Varejo
ACC-01414,23,SP,726.11,2527,50.19,Varejo
ACC-01415,41,RS,6416.93,1389,626.12,Digital
ACC-01416,29,SP,2639.46,3334,302.25,Digital
ACC-01417,43,SP,2591.08,924,179.92,Digital
ACC-01418,24,SP,2852.23,3624,291.26,Varejo
ACC-01419,74,MG,7270.0,1943,646.15,Varejo
ACC-01420,35,SP,8188.21,4691,444.31,Varejo
ACC-01421,29,MG,4478.91,1439,262.34,Varejo
ACC-01422,76,MG,5955.71,2528,821.27,Digital
ACC-01423,40,RJ,14264.5,3659,1414.79,Varejo
ACC-01424,72,SP,3523.99,2222,280.52,Alta renda
ACC-01425,67,RJ,1845.86,1952,70.84,Empresarial
ACC-01426,65,RS,5008.06,3256,196.89,Digital
ACC-01427,44,DF,5627.6,3424,411.11,Varejo
ACC-01428,63,SP,3218.58,2175,358.79,Empresarial
ACC-01429,35,PR,3150.0,3464,130.85,Varejo
ACC-01430,46,PR,14377.41,4661,1677.65,Varejo
ACC-01431,30,GO,3022.1,2261,90.53,Varejo
ACC-01432,35,PR,2001.76,4036,209.61,Varejo
ACC-01433,58,MG,626.39,1492,45.79,Varejo
ACC-01434,43,SP,6089.39,2328,184.9,Varejo
ACC-01435,72,RJ,8182.01,3983,1148.77,Digital
ACC-01436,54,BA,1676.98,2988,116.23,Varejo
ACC-01437,48,SP,5234.21,722,805.88,Varejo
ACC-01438,49,GO,2881.46,923,80.72,Varejo
ACC-01439,38,MG,3751.24,77,486.53,Alta renda
ACC-01440,50,RJ,2455.69,3066,388.57,Varejo
ACC-01441,37,DF,3575.47,69,313.09,Varejo
ACC-01442,37,BA,6320.79,4641,651.98,Varejo
ACC-01443,27,SP,2592.18,4855,280.15,Alta renda
ACC-01444,27,MG,2325.16,3861,125.32,Varejo
ACC-01445,58,SP,1877.33,589,236.34,Varejo
ACC-01446,55,GO,7502.29,2867,1015.16,Varejo
ACC-01447,29,SP,2104.75,4434,307.27,Digital
ACC-01448,60,PE,5415.96,4713,639.06,Varejo
ACC-01449,43,PR,1613.52,1517,71.29,Empresarial
ACC-01450,77,MG,907.79,3136,35.73,Varejo
ACC-01451,60,RS,2514.09,1663,192.09,Varejo
ACC-01452,69,SP,4213.54,4014,479.11,Digital
ACC-01453,63,BA,7311.33,2709,412.17,Digital
ACC-01454,55,RJ,6065.98,4632,707.17,Varejo
ACC-01455,43,RJ,4460.38,2534,437.67,Varejo
ACC-01456,50,BA,719.39,1074,74.3,Varejo
ACC-01457,44,RJ,4948.55,2469,531.14,Digital
ACC-01458,28,RS,1389.17,3780,194.77,Varejo
ACC-01459,54,DF,2304.73,295,368.4,Digital
ACC-01460,54,MG,11549.15,3032,416.0,Alta renda
ACC-01461,29,SP,6945.15,3054,996.65,Varejo
ACC-01462,19,SP,1803.16,4480,283.45,Varejo
ACC-01463,27,SC,2901.57,2148,173.94,Digital
ACC-01464,38,PR,6054.34,4393,212.59,Varejo
ACC-01465,27,SP,3306.36,3490,173.39,Varejo
ACC-01466,23,RJ,3163.94,4474,238.22,Varejo
ACC-01467,26,SP,1758.82,1984,192.78,Digital
ACC-01468,77,RJ,5160.19,47,498.74,Varejo
ACC-01469,58,RJ,5626.66,162,297.03,Varejo
ACC-01470,63,GO,2174.29,846,77.69,Varejo
ACC-01471,39,SP,979.74,3918,35.0,Alta renda
ACC-01472,33,RJ,11778.44,3803,1417.66,Digital
ACC-01473,27,SP,2318.18,4596,215.23,Varejo
ACC-01474,67,MG,4789.48,456,302.74,Varejo
ACC-01475,35,GO,2101.23,4330,196.52,Varejo
ACC-01476,41,RJ,2257.53,4140,115.4,Varejo
ACC-01477,37,SP,6806.15,4306,790.99,Digital
ACC-01478,38,PR,2982.34,117,221.18,Varejo
ACC-01479,70,SP,6041.53,4206,592.46,Digital
ACC-01480,56,SP,6136.37,2434,420.73,Varejo
ACC-01481,69,SP,2628.99,4326,332.82,Alta renda
ACC-01482,32,SP,4439.18,4040,657.56,Alta renda
ACC-01483,46,SP,6062.89,4326,490.22,Empresarial
ACC-01484,21,GO,8216.51,4383,1014.26,Varejo
ACC-01485,64,RJ,3091.06,1171,216.27,Digital
ACC-01486,48,SC,3701.42,1995,198.65,Digital
ACC-01487,54,RJ,2002.26,4520,81.33,Varejo
ACC-01488,70,RJ,6113.29,4925,705.91,Alta renda
ACC-01489,20,PR,3934.27,2373,573.36,Digital
ACC-01490,32,MG,1554.22,3011,104.24,Empresarial
ACC-01491,65,SP,2941.48,2179,251.14,Alta renda
ACC-01492,45,PR,3427.0,4658,310.73,Digital
ACC-01493,22,SP,2521.76,2197,144.44,Alta renda
ACC-01494,21,SP,2318.19,1885,331.25,Varejo
ACC-01495,65,PE,1282.44,1599,139.11,Varejo
ACC-01496,76,RJ,3942.05,2012,504.71,Digital
ACC-01497,31,PE,2811.81,4438,287.57,Varejo
ACC-01498,25,SP,6705.06,1520,703.01,Empresarial
ACC-01499,59,SC,3463.85,4768,416.14,Alta renda
ACC-01500,62,RJ,6378.25,3458,989.1,Varejo
ACC-01501,28,DF,1711.5,2469,228.08,Varejo
ACC-01502,39,GO,4736.25,474,545.63,Digital
ACC-01503,63,SP,5942.15,3524,783.48,Empresarial
ACC-01504,23,SP,6005.13,2119,518.7,Digital
ACC-01505,35,MG,3108.22,1766,465.28,Varejo
ACC-01506,72,SP,2095.23,4219,110.52,Empresarial
ACC-01507,25,RJ,10965.78,1748,1113.51,Varejo
ACC-01508,24,MG,3286.16,1430,487.38,Alta renda
ACC-01509,64,MG,1723.26,2598,68.42,Digital
ACC-01510,21,RJ,3258.09,2080,174.51,Digital
ACC-01511,33,RJ,4626.12,2666,395.33,Alta renda
ACC-01512,40,SP,2360.13,2054,348.21,Empresarial
ACC-01513,77,PE,4889.11,402,374.84,Digital
ACC-01514,27,DF,6703.61,623,569.97,Empresarial
ACC-01515,45,RJ,3649.83,3948,141.07,Varejo
ACC-01516,60,PR,7231.44,1220,1133.44,Empresarial
ACC-01517,26,MG,3486.85,767,450.34,Varejo
ACC-01518,72,MG,2776.88,4892,301.42,Varejo
ACC-01519,68,MG,10496.41,540,1199.39,Empresarial
ACC-01520,28,SP,5664.75,1835,629.32,Varejo
ACC-01521,65,SP,4046.53,2869,550.85,Varejo
ACC-01522,64,MG,1177.4,885,100.51,Digital
ACC-01523,65,SP,1543.6,4121,230.53,Varejo
ACC-01524,48,SP,1281.72,879,74.89,Digital
ACC-01525,57,SP,3667.72,3964,192.74,Empresarial
ACC-01526,24,PR,3697.14,3178,516.79,Digital
ACC-01527,55,PR,4926.17,1533,369.2,Empresarial
ACC-01528,44,MG,7360.92,2145,480.09,Empresarial
ACC-01529,50,GO,1403.48,1224,61.5,Varejo
ACC-01530,51,RJ,1576.8,197,215.31,Varejo
ACC-01531,29,RS,2082.42,98,289.43,Empresarial
ACC-01532,34,SP,5062.18,3367,592.29,Varejo
ACC-01533,32,SC,4542.18,3582,613.22,Empresarial
ACC-01534,25,BA,1922.4,3139,270.09,Varejo
ACC-01535,29,SP,2389.84,4621,72.33,Varejo
ACC-01536,52,PE,4815.43,4608,479.73,Alta renda
ACC-01537,33,GO,3935.17,3516,520.47,Alta renda
ACC-01538,68,BA,7266.09,1663,1020.08,Varejo
ACC-01539,22,RJ,2224.5,91,252.74,Varejo
ACC-01540,39,SP,3442.82,3431,267.01,Varejo
ACC-01541,70,RJ,1980.99,2834,242.21,Digital
ACC-01542,21,MG,7922.21,268,957.86,Alta renda
ACC-01543,55,SP,7308.29,2037,352.65,Digital
ACC-01544,54,SP,5158.98,2779,304.78,Digital
ACC-01545,69,SP,7077.07,1749,608.21,Varejo
ACC-01546,74,SP,9197.91,4228,1344.6,Varejo
ACC-01547,33,SP,9679.94,1048,698.85,Empresarial
ACC-01548,76,SP,11341.57,668,980.67,Varejo
ACC-01549,20,SP,2382.61,2028,264.15,Varejo
ACC-01550,68,SP,2264.17,4855,266.68,Digital
ACC-01551,38,SP,8728.92,134,558.6,Alta renda
ACC-01552,24,DF,2890.65,2550,101.03,Varejo
ACC-01553,49,GO,1213.79,1270,172.99,Alta renda
ACC-01554,47,PR,2838.53,651,94.11,Varejo
ACC-01555,29,SP,7380.02,2826,1129.79,Varejo
ACC-01556,48,PR,2821.8,2785,188.33,Varejo
ACC-01557,74,RS,6256.43,2195,405.63,Varejo
ACC-01558,26,PR,4651.2,1174,339.75,Alta renda
ACC-01559,45,SC,1598.19,1628,53.41,Alta renda
ACC-01560,22,RJ,5117.3,3481,628.92,Alta renda
ACC-01561,35,RS,3845.82,3487,436.53,Varejo
ACC-01562,55,MG,2677.81,1212,125.74,Varejo
ACC-01563,24,RJ,1512.05,2916,69.08,Alta renda
ACC-01564,21,PR,10783.76,4822,1272.91,Alta renda
ACC-01565,63,SP,2115.8,287,319.03,Alta renda
ACC-01566,71,BA,1019.21,3880,72.11,Empresarial
ACC-01567,40,RS,6561.85,3816,870.82,Alta renda
ACC-01568,46,MG,2860.68,4295,276.4,Varejo
ACC-01569,70,RJ,8241.49,1653,303.6,Alta renda
ACC-01570,24,SP,3569.92,2798,98.45,Digital
ACC-01571,60,DF,3783.85,1921,491.97,Alta renda
ACC-01572,40,RJ,5589.32,4582,774.38,Alta renda
ACC-01573,66,SP,4120.92,404,395.4,Digital
ACC-01574,57,MG,4109.86,686,421.55,Alta renda
ACC-01575,18,MG,7710.42,857,686.46,Digital
ACC-01576,31,SP,2126.15,1144,114.83,Alta renda
ACC-01577,73,RJ,5481.38,439,607.24,Varejo
ACC-01578,31,PE,4605.67,1407,351.42,Varejo
ACC-01579,69,RS,1349.84,2157,66.02,Varejo
ACC-01580,39,GO,7851.0,3454,596.34,Varejo
ACC-01581,47,MG,6297.6,2867,668.79,Digital
ACC-01582,28,PR,10374.33,1159,303.84,Varejo
ACC-01583,30,RJ,2883.25,2877,446.48,Empresarial
ACC-01584,19,BA,1875.41,2006,154.64,Empresarial
ACC-01585,68,RJ,28063.45,4657,2549.02,Digital
ACC-01586,76,GO,1977.33,3185,179.52,Alta renda
ACC-01587,41,RS,2287.09,1928,124.15,Varejo
ACC-01588,58,SP,5484.74,502,493.89,Varejo
ACC-01589,74,SP,2889.43,2737,222.91,Alta renda
ACC-01590,68,SP,5001.06,1595,345.54,Alta renda
ACC-01591,49,MG,1618.32,4196,176.75,Empresarial
ACC-01592,57,PR,1270.35,2931,139.82,Alta renda
ACC-01593,63,SP,2681.86,3389,236.45,Varejo
ACC-01594,32,PE,5927.96,3448,836.34,Empresarial
ACC-01595,56,SP,3746.46,3343,360.71,Varejo
ACC-01596,56,RS,8318.06,697,1104.57,Empresarial
ACC-01597,38,SP,3227.28,1368,312.29,Varejo
ACC-01598,47,SP,4325.21,3456,372.37,Varejo
ACC-01599,62,SP,2122.79,1337,278.55,Varejo
ACC-01600,32,SP,1482.35,2440,146.23,Varejo
ACC-01601,62,PE,1740.8,1367,263.11,Varejo
ACC-01602,43,PR,2284.51,3962,282.1,Varejo
ACC-01603,62,DF,13699.63,755,1957.04,Varejo
ACC-01604,41,RS,1660.48,3202,193.31,Alta renda
ACC-01605,27,RJ,2159.16,2526,251.09,Digital
ACC-01606,77,RJ,9315.07,3670,723.77,Varejo
ACC-01607,28,MG,2483.85,4696,333.39,Digital
ACC-01608,69,DF,5608.41,351,817.38,Varejo
ACC-01609,34,PR,871.7,4677,60.33,Varejo
ACC-01610,32,BA,2036.29,3231,82.23,Empresarial
ACC-01611,36,RJ,5333.6,4518,149.07,Digital
ACC-01612,19,PR,1269.47,956,59.91,Digital
ACC-01613,55,SP,4296.06,4832,317.85,Digital
ACC-01614,54,RJ,3910.61,3810,170.58,Digital
ACC-01615,32,SP,2653.29,4742,169.42,Varejo
ACC-01616,19,RJ,3198.04,571,350.08,Varejo
ACC-01617,24,RJ,6040.07,4473,249.76,Varejo
ACC-01618,73,RJ,3693.1,3429,355.21,Digital
ACC-01619,23,SP,7235.76,985,1031.75,Digital
ACC-01620,77,MG,6340.84,4923,299.18,Alta renda
ACC-01621,65,MG,10371.51,2388,274.03,Digital
ACC-01622,45,SC,2900.02,619,337.65,Varejo
ACC-01623,67,MG,4261.29,312,126.39,Alta renda
ACC-01624,25,RS,1924.22,111,231.07,Varejo
ACC-01625,77,BA,5705.73,3740,629.05,Digital
ACC-01626,57,SP,2404.53,3673,80.0,Digital
ACC-01627,40,RS,5694.6,4899,684.46,Varejo
ACC-01628,70,MG,3184.39,808,392.8,Digital
ACC-01629,23,RS,3414.56,113,323.55,Digital
ACC-01630,53,RJ,4428.34,1769,706.77,Varejo
ACC-01631,50,SP,2356.25,1058,120.05,Varejo
ACC-01632,66,RJ,2470.48,1534,333.83,Digital
ACC-01633,22,SP,2544.72,825,287.28,Varejo
ACC-01634,63,SP,2682.0,41,88.08,Digital
ACC-01635,18,SP,5703.33,1523,763.69,Digital
ACC-01636,25,SP,2957.75,4135,297.36,Varejo
ACC-01637,59,DF,2620.39,500,154.79,Varejo
ACC-01638,53,SP,6477.51,4092,982.03,Digital
ACC-01639,25,RJ,5949.14,3819,661.64,Varejo
ACC-01640,38,SP,3428.47,3240,271.86,Empresarial
ACC-01641,30,MG,18776.74,2001,2478.22,Varejo
ACC-01642,75,MG,1922.92,1389,190.89,Digital
ACC-01643,51,RJ,10768.44,1174,1284.94,Varejo
ACC-01644,63,SP,4485.19,4355,657.42,Alta renda
ACC-01645,23,SP,7279.02,3546,1096.76,Digital
ACC-01646,24,RS,3117.25,2111,136.31,Digital
ACC-01647,73,SP,8086.09,3787,841.34,Digital
ACC-01648,37,PR,1997.57,2029,154.19,Alta renda
ACC-01649,33,SP,6359.04,1458,555.64,Digital
ACC-01650,44,RJ,4483.81,4047,138.71,Varejo
ACC-01651,34,SP,6801.77,4628,290.51,Varejo
ACC-01652,76,GO,2767.19,1519,378.82,Varejo
ACC-01653,40,BA,4985.42,1766,648.65,Empresarial
ACC-01654,62,SP,2278.91,2403,107.27,Digital
ACC-01655,73,PR,3003.25,4516,362.06,Varejo
ACC-01656,67,SP,3227.27,4717,298.65,Varejo
ACC-01657,46,RJ,2558.25,2783,374.18,Varejo
ACC-01658,28,SP,2756.78,997,214.66,Alta renda
ACC-01659,23,RJ,1713.78,1949,114.08,Varejo
ACC-01660,52,SP,3495.72,33,99.78,Digital
ACC-01661,30,SP,9717.85,2322,565.92,Empresarial
ACC-01662,61,PR,23960.78,4054,626.12,Varejo
ACC-01663,60,RJ,2202.89,2331,196.49,Varejo
ACC-01664,35,MG,2320.35,517,151.56,Varejo
ACC-01665,38,GO,4717.42,218,382.85,Digital
ACC-01666,74,SP,5252.87,923,253.62,Varejo
ACC-01667,26,SP,1641.76,857,158.35,Digital
ACC-01668,32,RJ,851.12,1476,95.59,Varejo
ACC-01669,64,SP,4496.56,4042,326.62,Varejo
ACC-01670,69,RJ,9045.68,346,539.17,Digital
ACC-01671,74,SP,9563.73,4966,1138.74,Empresarial
ACC-01672,65,SC,3782.33,2783,507.89,Varejo
ACC-01673,52,SP,9382.42,4397,721.81,Digital
ACC-01674,74,SP,3408.03,4368,410.97,Digital
ACC-01675,19,SP,1536.17,1491,235.85,Varejo
ACC-01676,66,PR,3488.15,1241,394.4,Digital
ACC-01677,31,SC,7449.63,3137,1017.88,Alta renda
ACC-01678,57,PR,4140.61,2281,654.88,Varejo
ACC-01679,59,SP,2634.64,1009,243.2,Varejo
ACC-01680,55,SP,3941.53,4952,617.59,Empresarial
ACC-01681,48,SP,4735.07,203,221.04,Varejo
ACC-01682,29,SP,4165.09,4891,418.32,Empresarial
ACC-01683,72,SP,4635.39,1386,415.23,Empresarial
ACC-01684,23,BA,4865.93,549,446.26,Digital
ACC-01685,20,RJ,7620.5,2078,217.12,Varejo
ACC-01686,42,SP,4150.59,3591,654.05,Alta renda
ACC-01687,63,SP,3451.04,1127,146.06,Digital
ACC-01688,42,MG,4808.52,4488,192.17,Empresarial
ACC-01689,75,DF,5592.98,1558,740.94,Alta renda
ACC-01690,37,PE,1229.18,3064,169.97,Alta renda
ACC-01691,52,SP,8025.24,2698,627.66,Digital
ACC-01692,43,PR,11471.67,4644,1199.49,Varejo
ACC-01693,25,BA,3875.87,2952,514.56,Digital
ACC-01694,39,SC,5681.01,4894,855.55,Empresarial
ACC-01695,75,SP,2359.8,4396,106.67,Varejo
ACC-01696,28,DF,5903.76,4467,717.55,Varejo
ACC-01697,25,SP,2194.95,739,200.97,Digital
ACC-01698,59,DF,4288.7,4553,642.63,Varejo
ACC-01699,50,RJ,5544.04,1884,534.17,Varejo
ACC-01700,33,RJ,2288.55,3725,78.22,Alta renda
ACC-01701,63,RS,1857.86,2665,289.73,Varejo
ACC-01702,45,PR,3048.65,1927,464.81,Varejo
ACC-01703,44,PE,2644.6,394,101.42,Empresarial
ACC-01704,66,GO,3092.17,437,155.63,Varejo
ACC-01705,76,SP,1867.5,957,69.83,Varejo
ACC-01706,24,SP,7709.92,2712,699.99,Varejo
ACC-01707,23,BA,3199.16,932,133.19,Varejo
ACC-01708,70,SP,5079.57,2556,712.17,Alta renda
ACC-01709,31,SP,1325.41,2772,98.12,Alta renda
ACC-01710,75,BA,2603.27,1124,296.63,Varejo
ACC-01711,23,PE,10750.53,3586,1099.17,Alta renda
ACC-01712,52,SP,2156.04,3736,328.95,Digital
ACC-01713,58,BA,4586.27,2134,639.55,Digital
ACC-01714,50,MG,14820.02,4620,1930.7,Varejo
ACC-01715,32,BA,3806.55,2220,102.92,Digital
ACC-01716,36,SP,10133.84,2438,818.87,Alta renda
ACC-01717,67,SP,2128.84,2013,243.65,Varejo
ACC-01718,19,BA,2792.47,4391,235.08,Digital
ACC-01719,22,RJ,3664.08,4246,144.06,Varejo
ACC-01720,56,SP,2680.78,3218,138.54,Digital
ACC-01721,39,SC,4758.6,2901,538.74,Alta renda
ACC-01722,18,PE,1201.12,4982,35.0,Varejo
ACC-01723,60,SC,1911.23,2803,181.26,Digital
ACC-01724,76,SP,8910.41,3042,697.83,Alta renda
ACC-01725,27,MG,4114.15,4601,161.25,Empresarial
ACC-01726,24,RS,5222.99,4139,685.33,Empresarial
ACC-01727,77,SP,11349.85,4620,1281.34,Alta renda
ACC-01728,64,GO,1223.39,1723,181.15,Alta renda
ACC-01729,23,SP,546.52,1859,66.32,Alta renda
ACC-01730,18,PR,12015.94,690,1678.26,Varejo
ACC-01731,22,RJ,1559.37,3196,197.71,Digital
ACC-01732,73,DF,3998.56,1952,262.73,Varejo
ACC-01733,29,MG,1317.44,970,143.3,Varejo
ACC-01734,18,BA,719.35,3412,92.12,Varejo
ACC-01735,41,SP,3597.24,224,415.53,Varejo
ACC-01736,43,MG,5114.19,2246,217.04,Varejo
ACC-01737,27,SP,2209.35,1721,270.69,Digital
ACC-01738,23,PR,724.24,3250,114.29,Varejo
ACC-01739,52,RJ,4601.87,1634,412.24,Varejo
ACC-01740,46,RJ,12943.82,2532,1542.16,Digital
ACC-01741,73,RJ,1223.37,4460,61.98,Varejo
ACC-01742,65,MG,6184.52,4965,386.17,Digital
ACC-01743,56,SC,4504.9,4605,614.0,Varejo
ACC-01744,35,SC,1130.14,751,72.08,Varejo
ACC-01745,52,SP,7253.35,2558,629.95,Empresarial
ACC-01746,34,GO,4241.91,691,180.71,Alta renda
ACC-01747,46,GO,3433.73,557,356.18,Varejo
ACC-01748,48,PR,8634.12,428,830.73,Varejo
ACC-01749,60,DF,3846.47,4169,418.87,Varejo
ACC-01750,65,SP,8653.08,1989,588.56,Varejo
ACC-01751,56,DF,20692.99,42,1885.68,Varejo
ACC-01752,58,RJ,4342.74,3690,175.02,Empresarial
ACC-01753,72,SP,5033.59,4035,719.39,Varejo
ACC-01754,63,RJ,2611.65,3944,221.79,Varejo
ACC-01755,38,BA,10289.01,4459,449.61,Alta renda
ACC-01756,64,PR,1710.07,2556,184.96,Varejo
ACC-01757,66,DF,2728.54,3924,353.1,Alta renda
ACC-01758,67,MG,3673.63,941,352.39,Varejo
ACC-01759,41,RS,3398.93,2520,452.16,Empresarial
ACC-01760,50,BA,2407.39,319,98.7,Varejo
ACC-01761,22,RS,6769.44,3834,1031.08,Empresarial
ACC-01762,51,SP,3127.79,1802,133.75,Varejo
ACC-01763,57,MG,944.85,823,85.07,Varejo
ACC-01764,59,GO,8136.87,2742,986.27,Varejo
ACC-01765,49,RJ,11788.64,3435,1187.78,Empresarial
ACC-01766,53,SP,2662.79,951,210.65,Alta renda
ACC-01767,37,SP,9251.84,2948,1342.94,Varejo
ACC-01768,38,SP,2705.99,2190,114.43,Empresarial
ACC-01769,23,SP,2006.12,3210,252.99,Empresarial
ACC-01770,37,SP,2102.2,2136,102.07,Varejo
ACC-01771,49,MG,11094.52,4535,435.07,Varejo
ACC-01772,18,RS,9310.81,3033,441.75,Digital
ACC-01773,74,RJ,6014.36,481,709.55,Varejo
ACC-01774,74,RS,1983.04,3334,62.37,Empresarial
ACC-01775,33,BA,6436.38,317,669.46,Varejo
ACC-01776,48,SP,1889.46,2312,215.1,Varejo
ACC-01777,37,PR,5747.33,4520,593.93,Empresarial
ACC-01778,22,SP,2684.86,1465,174.31,Digital
ACC-01779,52,RJ,2643.33,2195,127.47,Empresarial
ACC-01780,72,SC,2724.79,2108,212.06,Varejo
ACC-01781,39,RJ,994.76,4462,156.59,Varejo
ACC-01782,58,SP,1222.74,2857,73.28,Varejo
ACC-01783,29,RJ,3471.84,4392,371.99,Digital
ACC-01784,76,GO,1903.58,2016,88.08,Empresarial
ACC-01785,60,PR,6531.53,199,252.99,Varejo
ACC-01786,27,PR,8213.79,3461,719.4,Empresarial
ACC-01787,56,BA,1388.74,416,150.0,Varejo
ACC-01788,41,RS,1436.62,2168,91.09,Varejo
ACC-01789,70,RS,3427.23,2002,511.18,Varejo
ACC-01790,32,PR,13544.79,1205,2020.27,Empresarial
ACC-01791,65,SP,2290.6,467,84.65,Varejo
ACC-01792,39,BA,5276.14,3040,711.62,Varejo
ACC-01793,64,SP,1302.23,3302,59.12,Varejo
ACC-01794,30,BA,2108.14,2044,158.65,Alta renda
ACC-01795,20,SP,5201.08,4479,640.36,Digital
ACC-01796,27,RJ,3238.98,4850,254.38,Varejo
ACC-01797,28,SP,5240.55,4971,656.05,Varejo
ACC-01798,55,SC,4101.75,237,434.77,Digital
ACC-01799,42,PR,3746.1,4500,541.51,Empresarial
ACC-01800,23,PE,3692.1,68,148.53,Varejo
ACC-01801,61,SP,9205.45,2130,1374.89,Digital
ACC-01802,38,MG,3615.29,2945,491.94,Varejo
ACC-01803,76,SP,6596.19,1671,767.32,Varejo
ACC-01804,44,RJ,3167.71,2512,403.27,Varejo
ACC-01805,75,MG,3994.14,3239,447.78,Alta renda
ACC-01806,76,DF,1871.86,1612,48.41,Alta renda
ACC-01807,54,SP,960.53,4552,49.15,Varejo
ACC-01808,52,SP,2847.11,1692,257.24,Varejo
ACC-01809,45,SP,3991.98,2824,215.47,Alta renda
ACC-01810,35,SP,2743.58,509,193.88,Alta renda
ACC-01811,37,SP,5320.64,3670,212.74,Empresarial
ACC-01812,35,SP,2221.75,2020,219.32,Varejo
ACC-01813,77,DF,1508.67,4383,124.25,Varejo
ACC-01814,67,SP,1430.15,2192,174.47,Empresarial
ACC-01815,25,SP,5701.76,1099,276.56,Empresarial
ACC-01816,64,MG,2172.03,3457,100.14,Empresarial
ACC-01817,55,PE,3731.42,716,151.9,Varejo
ACC-01818,51,RJ,1479.65,4989,216.73,Varejo
ACC-01819,36,PE,2104.42,3700,252.25,Empresarial
ACC-01820,57,MG,3636.04,458,521.05,Digital
ACC-01821,52,SP,7418.71,4173,360.4,Varejo
ACC-01822,49,BA,1834.15,1464,119.1,Varejo
ACC-01823,43,SP,1426.69,4991,179.36,Alta renda
ACC-01824,77,SP,3628.47,316,227.52,Varejo
ACC-01825,64,RJ,4036.46,2887,284.98,Empresarial
ACC-01826,77,SP,2752.24,2190,222.74,Varejo
ACC-01827,27,SP,8052.6,1204,718.42,Digital
ACC-01828,70,SP,1192.07,4960,52.27,Varejo
ACC-01829,18,SP,2131.4,4670,323.79,Digital
ACC-01830,55,SP,3639.73,795,388.85,Varejo
ACC-01831,61,MG,2057.07,4117,301.09,Varejo
ACC-01832,24,PR,4521.3,4327,481.0,Varejo
ACC-01833,53,PE,3644.92,4362,161.04,Digital
ACC-01834,54,SP,3089.24,2787,486.33,Varejo
ACC-01835,41,SP,17410.22,3894,2192.64,Varejo
ACC-01836,60,RJ,1906.4,798,267.71,Varejo
ACC-01837,27,GO,3061.92,2957,358.06,Varejo
ACC-01838,41,SP,4991.89,1788,139.67,Varejo
ACC-01839,31,MG,2226.86,984,342.94,Varejo
ACC-01840,58,SP,3966.07,648,129.21,Varejo
ACC-01841,72,DF,6329.66,4859,207.35,Digital
ACC-01842,20,PR,4180.75,2547,307.9,Varejo
ACC-01843,42,MG,5886.0,4874,418.59,Varejo
ACC-01844,40,RJ,2846.11,1912,274.46,Digital
ACC-01845,49,PE,3065.08,2734,329.69,Digital
ACC-01846,20,DF,12682.27,4429,1725.79,Digital
ACC-01847,25,RS,4945.26,1937,780.06,Digital
ACC-01848,50,MG,6815.5,2759,893.56,Varejo
ACC-01849,18,GO,2378.77,4671,354.47,Varejo
ACC-01850,29,DF,3156.11,1645,484.82,Digital
ACC-01851,77,SP,7756.7,3193,853.63,Alta renda
ACC-01852,25,PE,3865.02,735,248.95,Varejo
ACC-01853,18,SC,1623.47,2891,75.81,Varejo
ACC-01854,66,SC,2029.57,699,71.79,Empresarial
ACC-01855,59,MG,3486.76,356,392.84,Digital
ACC-01856,66,DF,10110.41,2078,1512.21,Varejo
ACC-01857,52,PR,5159.35,493,621.55,Varejo
ACC-01858,66,MG,2221.97,1568,229.48,Alta renda
ACC-01859,41,BA,3609.4,3520,526.14,Varejo
ACC-01860,54,SP,3809.86,3927,440.19,Alta renda
ACC-01861,63,RJ,1231.56,4435,110.41,Varejo
ACC-01862,36,SC,3579.02,4035,488.25,Digital
ACC-01863,53,SP,2913.42,80,377.46,Digital
ACC-01864,19,SP,3317.69,1260,498.52,Varejo
ACC-01865,40,MG,2045.53,4367,274.46,Digital
ACC-01866,32,SC,4671.62,4203,321.28,Empresarial
ACC-01867,77,RS,2799.39,849,426.79,Empresarial
ACC-01868,74,BA,2215.68,265,205.02,Varejo
ACC-01869,73,DF,12219.88,3827,355.35,Varejo
ACC-01870,44,PR,2872.46,552,347.44,Digital
ACC-01871,52,PR,1508.08,3961,129.01,Alta renda
ACC-01872,58,SP,8103.06,1827,747.96,Varejo
ACC-01873,33,PE,9174.97,3943,1205.45,Empresarial
ACC-01874,54,SP,1956.48,527,200.34,Digital
ACC-01875,72,RS,2763.77,4002,207.68,Alta renda
ACC-01876,67,SP,3258.8,3796,163.35,Empresarial
ACC-01877,45,MG,2816.27,2293,312.28,Empresarial
ACC-01878,55,BA,1486.22,4034,157.54,Varejo
ACC-01879,60,GO,1811.31,1851,50.24,Empresarial
ACC-01880,59,SP,14670.47,4888,1036.56,Varejo
ACC-01881,61,SC,2455.98,1795,321.34,Varejo
ACC-01882,47,SP,2581.76,3447,381.68,Digital
ACC-01883,35,BA,6029.07,165,704.79,Varejo
ACC-01884,19,GO,2667.37,784,349.63,Empresarial
ACC-01885,46,PE,2356.35,3262,203.22,Digital
ACC-01886,54,RS,1843.57,4629,102.66,Empresarial
ACC-01887,38,MG,5143.53,3033,403.08,Empresarial
ACC-01888,55,SP,4153.42,3578,300.16,Varejo
ACC-01889,18,SP,7534.18,552,919.34,Varejo
ACC-01890,70,SP,2755.66,3408,255.57,Varejo
ACC-01891,68,SP,8476.89,1041,997.68,Varejo
ACC-01892,58,MG,4013.65,1511,514.9,Digital
ACC-01893,37,SC,2575.9,1721,212.27,Varejo
ACC-01894,50,RS,4896.38,1545,195.74,Varejo
ACC-01895,45,BA,4559.19,1658,628.52,Varejo
ACC-01896,52,RS,4353.35,2992,616.74,Varejo
ACC-01897,75,SC,2228.87,4457,144.95,Digital
ACC-01898,48,PR,3409.78,4070,276.98,Alta renda
ACC-01899,62,SP,3204.9,986,333.98,Alta renda
ACC-01900,64,RS,5858.93,2307,191.88,Alta renda
ACC-01901,21,DF,8389.52,3705,574.26,Varejo
ACC-01902,60,PE,6252.48,1305,883.03,Alta renda
ACC-01903,20,SP,5919.39,1962,500.01,Alta renda
ACC-01904,53,PR,7468.38,1777,914.18,Varejo
ACC-01905,47,SP,8121.07,2494,446.52,Varejo
ACC-01906,41,SP,2831.42,1294,450.24,Varejo
ACC-01907,27,MG,1709.69,882,239.36,Empresarial
ACC-01908,63,DF,4048.12,4360,429.01,Empresarial
ACC-01909,20,GO,9731.39,3177,1460.31,Empresarial
ACC-01910,49,SP,1615.28,4835,241.42,Empresarial
ACC-01911,71,PE,1958.11,2181,217.52,Varejo
ACC-01912,32,GO,3799.79,2309,493.85,Varejo
ACC-01913,60,BA,2547.33,3691,364.15,Varejo
ACC-01914,38,SP,6964.67,2696,916.31,Digital
ACC-01915,18,PR,3844.42,1871,487.09,Varejo
ACC-01916,22,PR,6315.75,1095,597.57,Digital
ACC-01917,56,MG,4440.01,1581,485.78,Varejo
ACC-01918,25,SP,4759.33,2842,413.39,Varejo
ACC-01919,68,SP,1700.7,1710,136.45,Empresarial
ACC-01920,71,BA,2402.98,2823,214.27,Digital
ACC-01921,50,SP,1020.1,3421,57.33,Digital
ACC-01922,64,SP,2216.5,549,65.67,Varejo
ACC-01923,28,SP,2562.09,2506,250.86,Varejo
ACC-01924,31,RS,4570.56,4578,487.02,Digital
ACC-01925,75,DF,1731.33,837,231.75,Varejo
ACC-01926,19,SP,11607.96,527,1434.04,Empresarial
ACC-01927,29,RJ,8086.03,4466,573.76,Digital
ACC-01928,21,SP,1889.53,1994,197.68,Digital
ACC-01929,70,SP,1107.75,2901,59.0,Digital
ACC-01930,29,SP,1293.08,322,66.81,Empresarial
ACC-01931,40,PE,4472.25,1611,412.84,Varejo
ACC-01932,67,SP,1639.61,737,233.23,Varejo
ACC-01933,43,RS,3032.4,4913,297.45,Digital
ACC-01934,25,GO,5278.75,2431,153.17,Varejo
ACC-01935,65,RJ,4725.73,4115,685.78,Digital
ACC-01936,28,SP,5910.16,186,430.8,Empresarial
ACC-01937,28,GO,1587.53,4832,103.72,Digital
ACC-01938,61,PE,5627.03,4789,744.15,Alta renda
ACC-01939,58,SP,5749.12,3835,722.77,Varejo
ACC-01940,68,RJ,6802.75,3674,267.13,Empresarial
ACC-01941,67,BA,6281.0,4033,668.38,Varejo
ACC-01942,69,SP,1604.27,169,186.63,Digital
ACC-01943,27,MG,751.84,4965,111.55,Varejo
ACC-01944,75,MG,4661.77,3815,466.23,Digital
ACC-01945,41,SP,10380.33,4671,723.3,Varejo
ACC-01946,55,BA,2228.98,4335,164.54,Alta renda
ACC-01947,22,MG,2213.58,3850,150.04,Varejo
ACC-01948,61,BA,4120.66,604,151.46,Varejo
ACC-01949,67,RS,7435.62,83,482.51,Alta renda
ACC-01950,73,RJ,5933.25,3685,353.11,Empresarial
ACC-01951,41,SP,1708.0,4726,215.2,Varejo
ACC-01952,74,PR,2777.68,2780,393.02,Digital
ACC-01953,32,RJ,2555.69,3588,373.51,Varejo
ACC-01954,18,MG,5352.29,3728,367.34,Alta renda
ACC-01955,60,SP,6025.45,4219,507.87,Empresarial
ACC-01956,62,SC,2079.45,1749,106.34,Digital
ACC-01957,64,BA,2180.26,2913,348.15,Empresarial
ACC-01958,57,DF,4451.27,3772,523.33,Alta renda
ACC-01959,30,PR,3205.09,2354,447.2,Empresarial
ACC-01960,69,SP,2240.58,1549,336.28,Alta renda
ACC-01961,48,PE,2754.54,4874,241.13,Digital
ACC-01962,31,SP,5469.65,3603,532.6,Varejo
ACC-01963,41,RJ,2940.2,4727,243.44,Digital
ACC-01964,62,RJ,3418.39,3263,516.37,Varejo
ACC-01965,53,MG,2235.0,2234,263.48,Varejo
ACC-01966,71,SP,5443.74,2088,235.86,Varejo
ACC-01967,44,RJ,2640.92,3287,286.63,Digital
ACC-01968,21,RS,4389.78,1712,168.22,Digital
ACC-01969,75,MG,4132.44,3423,248.93,Alta renda
ACC-01970,32,SP,2874.89,2788,404.33,Varejo
ACC-01971,40,SP,2150.68,4015,245.6,Empresarial
ACC-01972,46,SP,3520.31,4988,508.1,Alta renda
ACC-01973,53,GO,3031.4,3328,121.46,Alta renda
ACC-01974,70,SP,7152.11,809,1078.25,Alta renda
ACC-01975,44,PE,2134.43,4217,176.48,Digital
ACC-01976,72,MG,6060.77,1500,401.54,Alta renda
ACC-01977,37,MG,8127.02,2114,1285.56,Varejo
ACC-01978,39,SP,5689.27,896,221.0,Empresarial
ACC-01979,57,SP,6023.37,2353,180.94,Varejo
ACC-01980,75,MG,3155.5,2421,175.28,Varejo
ACC-01981,23,SP,4997.36,3736,676.96,Varejo
ACC-01982,70,DF,5028.87,1065,560.91,Alta renda
ACC-01983,64,SC,1313.21,3720,187.2,Varejo
ACC-01984,36,SP,3032.23,1086,367.15,Digital
ACC-01985,59,SP,1710.26,2657,266.02,Digital
ACC-01986,73,RS,1119.13,4935,163.05,Varejo
ACC-01987,68,RS,3705.62,1995,351.63,Varejo
ACC-01988,26,PR,5006.07,438,668.12,Varejo
ACC-01989,27,GO,2446.83,3336,330.76,Alta renda
ACC-01990,34,SP,5280.23,3312,222.38,Digital
ACC-01991,34,PE,5473.83,3449,658.09,Alta renda
ACC-01992,54,MG,4025.92,2406,357.91,Empresarial
ACC-01993,58,BA,2745.38,1702,109.54,Digital
ACC-01994,25,SP,5870.7,4721,487.85,Varejo
ACC-01995,24,SP,11938.99,3009,327.54,Varejo
ACC-01996,45,BA,1003.1,3898,88.02,Digital
ACC-01997,63,RS,6108.65,3025,158.47,Digital
ACC-01998,64,SP,1796.26,1127,241.12,Digital
ACC-01999,33,RJ,6599.26,736,341.92,Alta renda
ACC-02000,24,SC,7273.57,4819,418.88,Digital
ACC-02001,70,SC,2932.11,1215,424.73,Varejo
ACC-02002,61,RS,2883.11,1693,241.2,Varejo
ACC-02003,69,DF,3773.97,3695,250.35,Varejo
ACC-02004,70,PE,4133.63,110,140.19,Varejo
ACC-02005,31,PR,3354.43,4681,358.28,Digital
ACC-02006,72,BA,8020.64,3250,1037.18,Alta renda
ACC-02007,62,SC,1380.73,2918,40.05,Alta renda
ACC-02008,64,MG,2760.16,4277,403.76,Varejo
ACC-02009,46,SP,5842.39,1231,287.37,Varejo
ACC-02010,58,PR,3174.92,4970,302.94,Varejo
ACC-02011,46,PR,3256.21,4675,110.13,Empresarial
ACC-02012,65,SP,3145.26,229,395.56,Alta renda
ACC-02013,63,SC,7103.24,1375,1003.95,Alta renda
ACC-02014,25,SC,6010.23,4536,331.33,Varejo
ACC-02015,64,BA,1616.56,1347,188.99,Digital
ACC-02016,51,PR,1826.47,937,206.77,Alta renda
ACC-02017,18,GO,2922.95,2587,446.37,Varejo
ACC-02018,75,SP,3499.04,3880,363.73,Digital
ACC-02019,58,GO,6899.9,919,610.87,Varejo
ACC-02020,75,SP,3546.96,3017,174.2,Digital
ACC-02021,44,RJ,9036.83,1927,435.06,Alta renda
ACC-02022,53,SP,12866.63,2522,607.09,Empresarial
ACC-02023,56,SP,2177.45,4473,60.75,Digital
ACC-02024,54,SP,4279.58,784,434.11,Digital
ACC-02025,43,MG,7489.94,4303,1054.79,Varejo
ACC-02026,53,RJ,4464.66,1597,615.75,Digital
ACC-02027,34,PR,4800.62,2789,293.14,Empresarial
ACC-02028,44,SC,2853.01,726,255.73,Empresarial
ACC-02029,72,SP,2683.86,4480,380.78,Digital
ACC-02030,35,PE,4390.84,4886,206.72,Varejo
ACC-02031,72,SP,7346.04,2588,637.51,Alta renda
ACC-02032,32,MG,1943.16,746,156.85,Varejo
ACC-02033,37,GO,3507.82,526,530.4,Alta renda
ACC-02034,46,SP,12412.92,2173,1389.63,Varejo
ACC-02035,64,BA,3393.07,72,428.69,Varejo
ACC-02036,30,DF,4295.51,222,633.18,Alta renda
ACC-02037,27,SC,6483.56,122,408.13,Digital
ACC-02038,32,GO,5596.55,2945,203.57,Varejo
ACC-02039,44,DF,3483.68,742,494.95,Varejo
ACC-02040,23,SP,3347.96,4318,359.32,Varejo
ACC-02041,47,BA,10400.04,1071,1172.04,Varejo
ACC-02042,44,SP,2088.93,3681,153.26,Varejo
ACC-02043,31,SP,1601.18,1024,220.51,Varejo
ACC-02044,53,SP,7961.38,670,1122.19,Varejo
ACC-02045,65,BA,8777.23,3071,1023.7,Varejo
ACC-02046,49,SP,2065.44,1391,164.7,Digital
ACC-02047,23,RJ,6863.51,3701,381.02,Digital
ACC-02048,26,SP,4916.8,4135,682.66,Alta renda
ACC-02049,72,PR,3618.46,3021,133.94,Varejo
ACC-02050,68,PR,4186.76,4403,395.14,Empresarial
ACC-02051,71,RS,12987.59,813,1127.15,Varejo
ACC-02052,58,RS,6356.67,2713,183.96,Varejo
ACC-02053,77,SP,5756.01,2882,279.96,Alta renda
ACC-02054,55,MG,5516.18,102,619.38,Varejo
ACC-02055,40,SC,2670.87,341,340.19,Varejo
ACC-02056,29,SC,3202.68,3786,335.45,Alta renda
ACC-02057,71,RS,3584.91,3831,473.58,Varejo
ACC-02058,62,GO,2223.64,192,108.39,Varejo
ACC-02059,49,PR,5556.63,180,143.13,Varejo
ACC-02060,60,BA,8324.31,387,432.68,Varejo
ACC-02061,62,RJ,3704.84,3091,148.95,Varejo
ACC-02062,44,MG,2314.58,3482,183.71,Varejo
ACC-02063,59,SP,2359.14,3147,150.21,Alta renda
ACC-02064,59,RJ,11123.43,2764,1739.27,Alta renda
ACC-02065,26,SP,2692.77,2360,100.61,Varejo
ACC-02066,32,MG,1781.68,1062,49.9,Varejo
ACC-02067,50,SP,1499.0,3611,212.0,Digital
ACC-02068,52,SP,2898.28,1686,139.21,Varejo
ACC-02069,53,MG,8684.26,4907,349.0,Digital
ACC-02070,42,PR,8886.68,3446,239.75,Varejo
ACC-02071,61,DF,5790.3,4825,792.45,Varejo
ACC-02072,47,DF,2438.64,4454,169.65,Empresarial
ACC-02073,55,MG,6747.1,3226,266.51,Empresarial
ACC-02074,47,PR,3480.91,2965,417.25,Varejo
ACC-02075,54,BA,5876.79,4879,669.23,Digital
ACC-02076,42,PR,16309.41,1505,1280.17,Varejo
ACC-02077,18,SP,3421.19,258,123.43,Empresarial
ACC-02078,32,MG,1635.6,2451,110.32,Digital
ACC-02079,25,RS,13730.49,1302,1639.85,Varejo
ACC-02080,44,MG,3583.01,4615,423.65,Varejo
ACC-02081,43,MG,3539.47,2627,393.82,Alta renda
ACC-02082,62,DF,1373.19,4909,78.83,Varejo
ACC-02083,56,SP,6489.45,560,464.24,Varejo
ACC-02084,54,SP,7932.48,3603,957.12,Digital
ACC-02085,65,SP,4726.56,4933,638.02,Digital
ACC-02086,53,SP,8165.69,4093,1127.5,Digital
ACC-02087,32,SP,3102.92,1887,267.83,Digital
ACC-02088,44,SC,9666.26,2021,1383.59,Digital
ACC-02089,50,RS,6662.37,2815,921.25,Digital
ACC-02090,71,SP,12690.61,2118,1980.45,Varejo
ACC-02091,41,RS,1360.32,2701,48.73,Varejo
ACC-02092,31,DF,1788.54,4065,121.74,Empresarial
ACC-02093,22,DF,7194.35,2140,807.32,Varejo
ACC-02094,62,MG,5160.35,1326,592.74,Digital
ACC-02095,59,RJ,2227.46,2564,193.86,Varejo
ACC-02096,43,MG,4306.52,1774,169.13,Varejo
ACC-02097,20,MG,7420.14,3971,1051.21,Digital
ACC-02098,18,SP,8520.99,2624,670.68,Varejo
ACC-02099,61,SC,4836.85,120,235.12,Alta renda
ACC-02100,41,BA,4332.41,1929,164.79,Alta renda
ACC-02101,35,MG,5538.65,3951,601.78,Varejo
ACC-02102,55,MG,3957.52,4514,250.16,Varejo
ACC-02103,18,BA,14141.15,4380,1741.24,Alta renda
ACC-02104,76,SP,3091.98,4756,145.7,Varejo
ACC-02105,77,SP,4125.13,3978,242.78,Varejo
ACC-02106,69,MG,3605.1,3409,283.3,Empresarial
ACC-02107,23,PR,11188.78,2787,864.62,Varejo
ACC-02108,66,GO,2884.12,4855,229.27,Alta renda
ACC-02109,77,RS,7243.24,3914,682.02,Digital
ACC-02110,76,RJ,3927.0,2463,451.92,Empresarial
ACC-02111,60,SP,3031.74,292,169.56,Varejo
ACC-02112,53,SP,1047.09,3481,64.13,Digital
ACC-02113,58,SP,3906.95,4735,624.88,Empresarial
ACC-02114,18,DF,12091.3,4247,1352.09,Varejo
ACC-02115,67,GO,2581.39,2421,119.11,Varejo
ACC-02116,32,RS,605.04,4848,57.93,Varejo
ACC-02117,45,PE,4899.11,591,337.65,Varejo
ACC-02118,67,GO,1850.56,4195,244.88,Varejo
ACC-02119,18,BA,1264.76,3111,35.79,Varejo
ACC-02120,39,MG,2850.02,3067,391.86,Varejo
ACC-02121,41,PE,1671.43,1919,97.64,Digital
ACC-02122,66,MG,7868.09,4744,490.98,Varejo
ACC-02123,69,SP,4549.47,1933,388.04,Alta renda
ACC-02124,39,MG,5914.27,4847,736.99,Digital
ACC-02125,24,SC,2614.97,4729,251.19,Varejo
ACC-02126,31,MG,3679.51,2665,287.31,Varejo
ACC-02127,27,RS,2726.6,1704,359.05,Alta renda
ACC-02128,39,PE,4633.59,1581,562.68,Varejo
ACC-02129,48,SP,905.7,4072,82.23,Varejo
ACC-02130,29,SP,3763.41,3338,473.62,Varejo
ACC-02131,23,MG,7508.78,3008,970.8,Varejo
ACC-02132,26,RJ,11599.79,1663,1316.01,Varejo
ACC-02133,54,RJ,6580.57,3646,417.96,Varejo
ACC-02134,45,SP,4207.46,966,635.03,Empresarial
ACC-02135,69,PE,1264.0,4439,152.97,Varejo
ACC-02136,76,GO,4222.8,3471,113.88,Alta renda
ACC-02137,29,RJ,1066.96,1944,125.29,Alta renda
ACC-02138,74,MG,2131.58,2124,249.03,Digital
ACC-02139,50,RJ,3330.49,3110,441.21,Varejo
ACC-02140,63,SP,3191.0,4557,164.33,Varejo
ACC-02141,22,PR,6776.47,2862,332.0,Digital
ACC-02142,63,RJ,3172.56,4919,376.83,Digital
ACC-02143,61,PE,1676.85,2469,141.47,Alta renda
ACC-02144,56,SP,2774.2,1039,269.85,Alta renda
ACC-02145,43,PR,2322.01,2574,366.3,Digital
ACC-02146,61,SP,7691.55,1655,641.81,Digital
ACC-02147,47,PR,1460.49,1252,63.4,Digital
ACC-02148,38,PR,2761.53,1840,148.68,Empresarial
ACC-02149,35,SP,6885.1,274,1088.19,Empresarial
ACC-02150,70,SP,2173.13,1898,62.58,Varejo
ACC-02151,48,SP,4867.73,3052,697.31,Digital
ACC-02152,65,RJ,3868.91,2698,247.63,Varejo
ACC-02153,69,BA,3040.17,3524,396.16,Varejo
ACC-02154,65,SP,1210.62,4924,109.76,Digital
ACC-02155,60,MG,3871.05,3481,376.81,Digital
ACC-02156,44,GO,2707.58,2139,83.5,Digital
ACC-02157,48,PR,4560.77,2131,491.33,Digital
ACC-02158,42,SC,1472.49,1104,177.02,Varejo
ACC-02159,36,SP,5339.41,3091,364.79,Alta renda
ACC-02160,70,RJ,5831.76,1231,307.86,Varejo
ACC-02161,40,SP,9458.16,472,1129.77,Empresarial
ACC-02162,74,RS,2775.16,3529,155.1,Empresarial
ACC-02163,72,DF,2417.1,642,284.33,Empresarial
ACC-02164,70,SP,6843.5,347,587.71,Varejo
ACC-02165,62,PR,1925.31,2405,181.41,Varejo
ACC-02166,50,PR,2176.76,4035,64.22,Varejo
ACC-02167,31,SP,3112.6,2092,249.32,Varejo
ACC-02168,27,GO,1819.67,3648,101.32,Alta renda
ACC-02169,63,GO,9706.35,3037,260.57,Alta renda
ACC-02170,52,SP,7112.58,1002,663.05,Varejo
ACC-02171,61,RJ,927.71,2418,35.0,Digital
ACC-02172,31,PR,945.93,1825,62.11,Alta renda
ACC-02173,68,PE,2501.23,2360,96.61,Digital
ACC-02174,70,PR,5282.71,1307,610.82,Varejo
ACC-02175,59,SP,5952.55,4426,216.58,Varejo
ACC-02176,74,SP,9557.76,3882,1296.24,Alta renda
ACC-02177,25,GO,4599.98,1959,393.25,Alta renda
ACC-02178,52,DF,1907.58,2790,167.47,Varejo
ACC-02179,53,BA,5022.2,2778,665.13,Varejo
ACC-02180,57,PR,1800.67,4819,62.67,Varejo
ACC-02181,21,RJ,2219.34,3452,169.02,Varejo
ACC-02182,26,SP,1344.89,3157,78.83,Varejo
ACC-02183,49,RJ,2126.71,4253,191.94,Digital
ACC-02184,32,PR,2547.98,704,349.34,Empresarial
ACC-02185,21,SP,2631.75,629,351.08,Empresarial
ACC-02186,71,MG,12091.88,1063,701.55,Digital
ACC-02187,65,SP,4074.64,251,394.05,Digital
ACC-02188,66,SP,4798.22,1565,622.13,Varejo
ACC-02189,37,SP,4236.35,969,410.03,Varejo
ACC-02190,64,PR,10714.74,2861,1284.19,Varejo
ACC-02191,74,MG,2062.2,3031,97.88,Varejo
ACC-02192,22,SP,6232.93,4513,677.15,Varejo
ACC-02193,58,BA,2195.71,2024,111.91,Digital
ACC-02194,28,RS,3497.64,3300,278.43,Digital
ACC-02195,68,SP,5280.55,2874,343.96,Varejo
ACC-02196,58,SP,1591.34,4572,111.36,Varejo
ACC-02197,58,BA,2977.2,4020,323.04,Varejo
ACC-02198,60,SP,3841.8,997,591.4,Varejo
ACC-02199,43,SP,5313.09,2157,795.84,Varejo
ACC-02200,40,SP,3308.86,1443,251.41,Alta renda
ACC-02201,18,SP,23932.71,1872,1314.84,Varejo
ACC-02202,37,PR,13007.51,3030,1417.72,Digital
ACC-02203,57,SP,914.64,151,113.58,Varejo
ACC-02204,53,PR,4132.49,671,475.74,Varejo
ACC-02205,72,SC,5486.58,4544,469.96,Varejo
ACC-02206,23,SP,4780.67,3221,500.16,Varejo
ACC-02207,70,GO,9450.97,3453,1492.43,Varejo
ACC-02208,39,DF,596.18,4445,35.0,Alta renda
ACC-02209,74,MG,1903.65,3726,258.32,Alta renda
ACC-02210,48,MG,10431.06,4153,622.07,Digital
ACC-02211,55,SP,8431.36,422,913.08,Alta renda
ACC-02212,32,PR,16908.3,3466,2522.35,Alta renda
ACC-02213,40,DF,11222.27,4561,1611.06,Digital
ACC-02214,20,MG,1661.66,3528,51.6,Digital
ACC-02215,61,SP,7500.17,1924,1113.07,Varejo
ACC-02216,50,SP,3184.97,2316,286.96,Digital
ACC-02217,77,MG,4383.88,4317,136.5,Digital
ACC-02218,31,SP,3969.63,222,206.27,Varejo
ACC-02219,19,SP,2826.09,1418,269.17,Varejo
ACC-02220,43,SP,2759.37,4049,120.52,Varejo
ACC-02221,29,GO,6334.34,4850,306.89,Digital
ACC-02222,27,RS,2687.04,2257,380.3,Varejo
ACC-02223,69,SC,4403.64,1108,198.52,Varejo
ACC-02224,54,MG,5246.68,2396,724.09,Varejo
ACC-02225,67,RS,2706.39,1641,259.8,Varejo
ACC-02226,34,MG,3179.59,2219,146.85,Alta renda
ACC-02227,68,RJ,8088.33,4007,1115.95,Varejo
ACC-02228,30,SP,1267.84,2553,65.24,Digital
ACC-02229,43,PR,2471.97,1803,88.14,Empresarial
ACC-02230,76,MG,1603.53,3250,249.03,Varejo
ACC-02231,23,MG,4407.55,3588,362.18,Varejo
ACC-02232,25,PE,22192.41,2476,2877.59,Varejo
ACC-02233,62,GO,1722.06,3154,195.28,Digital
ACC-02234,73,RJ,8496.18,2222,1042.93,Alta renda
ACC-02235,41,RJ,9635.86,4999,692.28,Varejo
ACC-02236,45,MG,953.72,2666,51.96,Varejo
ACC-02237,52,RJ,1599.75,2940,145.68,Varejo
ACC-02238,55,RJ,3775.35,1925,394.14,Varejo
ACC-02239,49,SP,2014.43,3147,254.79,Varejo
ACC-02240,70,SP,4586.14,3963,510.55,Varejo
ACC-02241,20,PR,9302.55,4993,869.94,Digital
ACC-02242,44,MG,6050.72,4126,933.91,Varejo
ACC-02243,50,RJ,3368.07,4964,241.33,Digital
ACC-02244,53,PR,5534.62,549,210.09,Digital
ACC-02245,28,SP,4811.1,4705,759.39,Varejo
ACC-02246,21,PE,1679.49,3092,197.01,Alta renda
ACC-02247,31,SP,2588.05,827,288.77,Digital
ACC-02248,77,PR,5187.92,923,204.83,Varejo
ACC-02249,23,SP,3660.98,4293,479.2,Empresarial
ACC-02250,18,PE,4720.2,819,492.58,Varejo
ACC-02251,38,DF,6826.41,1172,672.47,Alta renda
ACC-02252,74,RJ,794.39,1516,79.97,Varejo
ACC-02253,36,SP,10027.73,3767,645.0,Alta renda
ACC-02254,46,GO,1107.65,2036,75.12,Varejo
ACC-02255,56,DF,3856.73,1166,394.16,Empresarial
ACC-02256,65,SC,4228.12,165,270.75,Varejo
ACC-02257,19,SP,3480.38,1047,478.09,Digital
ACC-02258,58,SP,4324.37,1214,553.37,Varejo
ACC-02259,64,RS,2654.7,3823,71.73,Empresarial
ACC-02260,60,SC,2379.66,441,116.84,Varejo
ACC-02261,41,SP,3573.8,4473,547.07,Varejo
ACC-02262,62,MG,4278.52,782,130.49,Digital
ACC-02263,70,RJ,2443.96,1835,331.25,Empresarial
ACC-02264,31,MG,4701.94,1698,496.69,Varejo
ACC-02265,59,MG,2175.45,4217,323.23,Varejo
ACC-02266,53,MG,2603.09,2713,234.01,Varejo
ACC-02267,49,MG,3258.56,2515,127.8,Varejo
ACC-02268,31,PR,5090.92,4404,454.99,Varejo
ACC-02269,67,SP,3109.56,1872,394.55,Digital
ACC-02270,20,RJ,4906.89,4363,231.0,Alta renda
ACC-02271,68,RS,10842.97,1385,709.06,Alta renda
ACC-02272,36,PR,2788.52,4913,183.57,Varejo
ACC-02273,28,BA,8856.0,3380,1289.55,Varejo
ACC-02274,37,RJ,1608.2,4168,110.37,Varejo
ACC-02275,63,MG,5783.49,2386,163.49,Varejo
ACC-02276,76,SP,3349.23,200,484.55,Digital
ACC-02277,63,RJ,14952.84,2232,2332.57,Digital
ACC-02278,30,PR,2726.63,4657,338.86,Varejo
ACC-02279,25,BA,2208.43,544,92.33,Alta renda
ACC-02280,19,RJ,7522.67,2020,795.29,Digital
ACC-02281,69,MG,4954.96,4789,723.63,Alta renda
ACC-02282,71,SP,3983.56,4402,518.46,Varejo
ACC-02283,61,SP,788.58,1269,111.81,Varejo
ACC-02284,47,SP,4897.0,4404,373.64,Digital
ACC-02285,75,SP,3529.67,1561,560.99,Varejo
ACC-02286,23,SP,3997.55,119,160.31,Digital
ACC-02287,49,RJ,2277.22,613,214.09,Digital
ACC-02288,31,SP,8821.42,2551,1309.35,Varejo
ACC-02289,56,SP,3738.35,2615,508.33,Varejo
ACC-02290,76,SP,3213.76,4494,297.19,Varejo
ACC-02291,26,MG,1367.78,3888,132.63,Varejo
ACC-02292,29,RJ,3308.34,3381,334.26,Digital
ACC-02293,41,BA,1846.68,4488,196.42,Digital
ACC-02294,41,SP,9136.39,2521,322.47,Varejo
ACC-02295,67,SP,4411.47,1272,461.6,Varejo
ACC-02296,71,PR,2531.85,318,294.23,Digital
ACC-02297,63,PE,3331.4,3235,415.44,Alta renda
ACC-02298,76,SP,9627.35,3645,502.11,Digital
ACC-02299,40,SP,4105.83,1291,350.8,Alta renda
ACC-02300,76,MG,3716.42,1225,339.34,Varejo
ACC-02301,22,SP,12530.27,2831,1511.22,Alta renda
ACC-02302,22,MG,4768.6,4505,343.29,Varejo
ACC-02303,32,GO,6747.41,423,971.8,Empresarial
ACC-02304,20,PR,2981.35,2187,291.12,Digital
ACC-02305,73,SP,2925.15,4818,283.04,Alta renda
ACC-02306,70,SP,6483.83,1371,188.31,Varejo
ACC-02307,34,MG,3632.2,2816,492.4,Varejo
ACC-02308,66,PR,4730.54,4817,389.44,Digital
ACC-02309,70,SP,3591.44,2063,165.17,Digital
ACC-02310,34,RS,3746.22,3465,193.85,Empresarial
ACC-02311,38,SP,3434.89,2919,412.12,Digital
ACC-02312,31,SP,1593.41,776,159.41,Digital
ACC-02313,45,PE,8743.2,4297,1315.82,Varejo
ACC-02314,19,SP,2537.19,1424,139.55,Varejo
ACC-02315,67,MG,1720.86,4328,250.01,Digital
ACC-02316,55,RJ,3946.8,1470,260.16,Empresarial
ACC-02317,77,DF,2444.76,2828,325.63,Empresarial
ACC-02318,45,SC,8501.54,493,317.08,Varejo
ACC-02319,54,SP,5679.6,3748,657.69,Empresarial
ACC-02320,71,SP,2557.56,1895,250.11,Varejo
ACC-02321,33,MG,2107.21,3076,140.51,Alta renda
ACC-02322,42,PR,5690.27,997,825.32,Digital
ACC-02323,36,SC,2382.54,4405,200.24,Varejo
ACC-02324,50,PR,1537.34,3849,236.95,Varejo
ACC-02325,60,PR,1272.19,3641,79.13,Digital
ACC-02326,47,SC,5928.45,1219,180.85,Empresarial
ACC-02327,77,SP,1357.67,2700,166.81,Empresarial
ACC-02328,41,SP,1739.02,4934,117.7,Digital
ACC-02329,39,GO,5859.29,3170,555.51,Alta renda
ACC-02330,42,SC,6311.12,2107,319.43,Varejo
ACC-02331,41,SP,1748.64,620,228.74,Varejo
ACC-02332,48,RS,2514.02,1632,218.34,Varejo
ACC-02333,47,SP,7044.32,1020,652.56,Varejo
ACC-02334,75,SP,4286.2,4718,572.57,Varejo
ACC-02335,48,RJ,2766.75,2447,432.12,Empresarial
ACC-02336,77,SP,4034.05,4167,152.26,Digital
ACC-02337,40,GO,4902.65,431,276.92,Varejo
ACC-02338,41,SP,1827.26,2577,261.55,Varejo
ACC-02339,23,RJ,1930.34,1761,202.43,Varejo
ACC-02340,57,SP,7708.02,1621,910.95,Varejo
ACC-02341,58,SP,11692.93,3144,1150.87,Empresarial
ACC-02342,67,SP,6737.13,4775,451.44,Varejo
ACC-02343,34,SP,3310.32,3166,408.04,Digital
ACC-02344,22,PE,2405.78,2220,284.85,Digital
ACC-02345,28,SP,3888.67,1194,447.55,Digital
ACC-02346,52,PE,7416.34,3169,623.02,Varejo
ACC-02347,73,SP,8493.53,3774,566.87,Varejo
ACC-02348,71,MG,3724.15,914,412.72,Digital
ACC-02349,23,SP,4864.62,2523,565.78,Digital
ACC-02350,54,GO,1467.4,4218,214.91,Alta renda
ACC-02351,67,DF,3433.06,310,173.27,Varejo
ACC-02352,55,SP,9691.89,1884,1194.06,Digital
ACC-02353,28,PE,3423.55,3852,211.4,Empresarial
ACC-02354,52,RJ,5047.46,4172,431.19,Varejo
ACC-02355,57,SP,6720.18,3303,472.96,Varejo
ACC-02356,40,MG,6383.39,1234,969.14,Varejo
ACC-02357,31,SP,3997.84,250,263.72,Digital
ACC-02358,32,SP,2605.04,799,160.89,Digital
ACC-02359,60,SP,920.17,2831,70.17,Empresarial
ACC-02360,56,SP,1765.95,1159,111.42,Varejo
ACC-02361,59,SP,3068.63,4155,343.81,Empresarial
ACC-02362,50,RS,5971.21,4597,887.3,Digital
ACC-02363,70,SP,4283.57,3701,542.07,Digital
ACC-02364,63,RS,7883.7,3019,1132.67,Varejo
ACC-02365,27,SP,1700.1,1264,77.02,Varejo
ACC-02366,27,SP,1182.47,2708,93.51,Alta renda
ACC-02367,34,RJ,5539.96,3925,304.98,Varejo
ACC-02368,67,PE,11913.6,1007,1574.61,Alta renda
ACC-02369,73,SP,4263.46,4205,275.0,Varejo
ACC-02370,29,GO,2629.25,4614,139.76,Varejo
ACC-02371,74,BA,6666.49,1417,603.23,Varejo
ACC-02372,23,RJ,9354.87,4026,1251.62,Varejo
ACC-02373,63,MG,1706.71,4317,59.7,Digital
ACC-02374,53,SP,3004.49,2589,207.89,Alta renda
ACC-02375,29,SP,7220.44,3237,513.15,Digital
ACC-02376,55,SP,4405.62,3513,206.59,Varejo
ACC-02377,18,SP,2239.66,1227,137.81,Varejo
ACC-02378,46,RJ,3096.16,584,235.08,Alta renda
ACC-02379,32,BA,2117.71,3255,322.94,Varejo
ACC-02380,25,SP,1457.18,4061,196.49,Varejo
ACC-02381,36,SC,4602.87,2523,467.21,Digital
ACC-02382,44,SP,1622.13,3546,238.74,Alta renda
ACC-02383,64,MG,3472.66,2182,339.14,Varejo
ACC-02384,69,PR,2045.38,658,178.37,Digital
ACC-02385,43,PR,4957.68,2856,695.86,Alta renda
ACC-02386,20,RJ,2967.2,2400,435.53,Empresarial
ACC-02387,36,PR,3158.26,1954,315.68,Varejo
ACC-02388,32,SP,1373.41,4797,68.84,Varejo
ACC-02389,27,RS,4330.55,828,442.92,Varejo
ACC-02390,36,MG,2798.47,2193,94.92,Varejo
ACC-02391,37,RJ,2213.27,1763,352.91,Digital
ACC-02392,22,MG,4859.55,4513,388.0,Empresarial
ACC-02393,51,GO,6656.29,2071,749.35,Varejo
ACC-02394,59,SP,10998.81,3673,690.84,Varejo
ACC-02395,24,SP,4188.32,3184,385.71,Digital
ACC-02396,48,SP,4297.14,3908,656.77,Alta renda
ACC-02397,50,SP,2015.79,3893,283.05,Varejo
ACC-02398,50,SP,2393.04,4896,260.28,Alta renda
ACC-02399,27,SP,7866.3,4143,1226.34,Digital
ACC-02400,47,PR,2777.29,4144,245.5,Alta renda
ACC-02401,26,SP,12003.15,4002,1393.82,Varejo
ACC-02402,51,RJ,1675.2,3904,167.24,Alta renda
ACC-02403,24,PE,3384.66,4733,338.21,Varejo
ACC-02404,55,RJ,3318.27,3014,199.42,Varejo
ACC-02405,47,BA,2435.92,505,66.15,Alta renda
ACC-02406,21,RJ,3091.09,4472,164.68,Varejo
ACC-02407,25,RJ,3331.24,141,271.28,Digital
ACC-02408,57,SP,4213.78,43,194.34,Alta renda
ACC-02409,54,BA,3571.07,1255,467.14,Alta renda
ACC-02410,70,RJ,7400.24,1466,1079.35,Varejo
ACC-02411,63,RS,19005.85,2359,1538.56,Varejo
ACC-02412,29,SP,6136.51,1257,802.69,Digital
ACC-02413,37,SP,4908.94,728,677.8,Digital
ACC-02414,30,GO,1999.03,4020,199.63,Varejo
ACC-02415,76,DF,2668.91,3972,399.27,Digital
ACC-02416,22,RJ,1265.2,87,183.04,Varejo
ACC-02417,69,GO,5210.46,1660,195.46,Alta renda
ACC-02418,25,MG,1458.66,4864,148.54,Varejo
ACC-02419,74,GO,5932.93,2150,893.68,Varejo
ACC-02420,31,BA,2336.16,1107,293.23,Varejo
ACC-02421,67,DF,4819.28,3895,251.46,Varejo
ACC-02422,39,MG,5356.05,2654,594.66,Empresarial
ACC-02423,38,GO,1123.7,2563,88.23,Varejo
ACC-02424,39,SP,2282.68,433,138.25,Varejo
ACC-02425,34,BA,4828.03,164,611.2,Digital
ACC-02426,23,MG,5222.07,723,246.88,Alta renda
ACC-02427,33,BA,6432.38,4965,784.62,Varejo
ACC-02428,65,RS,3064.23,1414,251.22,Varejo
ACC-02429,75,SP,3603.68,666,330.12,Digital
ACC-02430,43,RS,12210.0,3495,682.27,Digital
ACC-02431,67,RJ,4356.94,1642,362.06,Varejo
ACC-02432,54,SP,6532.21,205,1036.54,Empresarial
ACC-02433,40,GO,3225.73,619,364.06,Digital
ACC-02434,42,DF,1439.42,3886,207.93,Varejo
ACC-02435,41,SP,5183.24,1835,735.56,Digital
ACC-02436,42,SP,5456.56,2179,663.46,Varejo
ACC-02437,54,SP,7065.46,162,289.14,Digital
ACC-02438,26,PR,2133.4,2200,267.03,Varejo
ACC-02439,33,RJ,2417.97,4049,208.3,Varejo
ACC-02440,44,RJ,939.66,2073,124.34,Digital
ACC-02441,59,SP,5511.04,2227,535.88,Alta renda
ACC-02442,45,SP,6494.15,209,255.8,Varejo
ACC-02443,36,DF,2473.15,3029,212.69,Empresarial
ACC-02444,36,RJ,2874.08,2330,125.0,Digital
ACC-02445,33,SC,3328.28,2357,433.16,Alta renda
ACC-02446,51,PR,10761.25,4641,940.12,Varejo
ACC-02447,76,GO,6901.83,3430,1022.49,Digital
ACC-02448,21,SP,8030.7,3284,362.08,Digital
ACC-02449,19,SP,3478.4,4588,268.52,Digital
ACC-02450,61,BA,2866.85,2814,134.54,Alta renda
ACC-02451,22,SP,7829.59,4658,283.98,Alta renda
ACC-02452,25,SP,1302.86,3020,68.14,Varejo
ACC-02453,30,MG,5341.06,613,154.98,Varejo
ACC-02454,46,MG,1644.65,1870,88.5,Empresarial
ACC-02455,52,SP,6375.76,4112,652.0,Empresarial
ACC-02456,35,PR,5324.1,590,452.0,Varejo
ACC-02457,66,BA,2147.65,127,61.18,Digital
ACC-02458,46,SP,4410.87,3312,212.74,Digital
ACC-02459,41,BA,1831.08,2310,54.19,Digital
ACC-02460,24,BA,1934.55,846,232.23,Varejo
ACC-02461,29,RS,2959.39,268,183.48,Empresarial
ACC-02462,61,RS,2329.93,4437,319.83,Varejo
ACC-02463,28,SP,7263.47,4132,562.79,Varejo
ACC-02464,25,DF,14830.57,4347,1720.58,Digital
ACC-02465,19,DF,3829.31,4093,447.96,Varejo
ACC-02466,60,RJ,3807.52,449,504.6,Digital
ACC-02467,37,MG,6197.12,3200,632.25,Varejo
ACC-02468,40,BA,3099.47,739,223.72,Varejo
ACC-02469,39,SC,5109.68,735,178.06,Alta renda
ACC-02470,27,RS,1121.7,3809,35.35,Varejo
ACC-02471,41,SP,2424.01,797,226.96,Alta renda
ACC-02472,18,SP,1395.79,4067,195.2,Varejo
ACC-02473,45,PE,1097.26,4727,63.88,Empresarial
ACC-02474,40,SP,7046.59,4812,975.63,Digital
ACC-02475,77,SP,3120.41,4030,225.8,Alta renda
ACC-02476,61,MG,10522.93,3760,1642.93,Varejo
ACC-02477,50,RJ,10095.6,4827,1410.62,Varejo
ACC-02478,45,SC,3641.28,2343,136.83,Varejo
ACC-02479,77,SP,2893.73,1270,330.49,Empresarial
ACC-02480,37,BA,2321.75,1637,342.27,Empresarial
ACC-02481,43,BA,776.15,1269,52.39,Varejo
ACC-02482,63,SP,2679.39,741,253.94,Alta renda
ACC-02483,24,MG,3172.1,1540,425.41,Empresarial
ACC-02484,28,PE,2446.69,1354,245.29,Varejo
ACC-02485,39,MG,2015.16,3724,263.07,Digital
ACC-02486,72,SP,3579.62,4026,156.89,Varejo
ACC-02487,63,MG,2977.02,3474,445.89,Varejo
ACC-02488,23,BA,4134.87,4808,172.67,Alta renda
ACC-02489,18,SP,1992.21,422,133.41,Varejo
ACC-02490,60,PR,12837.54,2920,1515.12,Varejo
ACC-02491,44,SC,5374.79,4438,384.9,Empresarial
ACC-02492,54,RS,3404.11,1725,510.05,Alta renda
ACC-02493,59,SP,2272.39,3602,155.02,Varejo
ACC-02494,36,SP,2014.33,469,124.71,Varejo
ACC-02495,55,MG,6304.93,4144,845.11,Varejo
ACC-02496,61,MG,2894.26,3866,337.16,Varejo
ACC-02497,53,SP,3899.71,3220,248.68,Varejo
ACC-02498,50,MG,4938.21,461,164.72,Varejo
ACC-02499,21,SP,2653.3,151,214.45,Alta renda
ACC-02500,66,SP,4457.45,1439,321.82,Varejo
